timestamp,dzavan,drozvan,dfact,P_dam,P_idm,P_bm_up,P_bm_down,P_imb_up,P_imb_down,date,hour,cap_sum_MW,down_share,down_bias,charge_polarity,aFRR_MW,aFRR_charge,aFRR_discharge,traj,prev
2024-01-12T00:00:00Z,270.929016113281,3.99800491333008,746.997985839844,2923.15,2916.38,3653.93,2923.15,2776.99,3836.63,2024-01-12,0,274.9270210266111,0.01454205882856127,-0.48545794117143876,0.9709158823428775,38.8366352937151,0.6472772548952517,0,0.6472772548952517,0
2024-01-12T00:01:00Z,52.4679794311523,178.232025146484,856.912963867187,2923.15,2916.38,3653.93,2923.15,2776.99,3836.63,2024-01-12,0,230.70000457763632,0.7725705314691681,0.2725705314691681,-0.5451410629383362,-21.80564251753345,0,0.3634273752922242,0.2838498796030275,0.6472772548952517
2024-01-12T00:02:00Z,50.31298828125,175.435012817383,859.747985839844,2923.15,2916.38,3653.93,2923.15,2776.99,3836.63,2024-01-12,0,225.748001098633,0.7771276465953405,0.2771276465953405,-0.554255293190681,-22.17021172762724,0,0.36950352879378734,-0.08565364919075985,0.2838498796030275
2024-01-12T00:03:00Z,84.2809829711914,128.719009399414,822.188049316406,2923.15,2916.38,3653.93,2923.15,2776.99,3836.63,2024-01-12,0,212.9999923706054,0.6043146197651112,0.10431461976511125,-0.2086292395302225,-8.3451695812089,0,0.139086159686815,-0.22473980887757486,-0.08565364919075985
2024-01-12T00:04:00Z,111.93497467041,101.06502532959,795.065002441406,2923.15,2916.38,3653.93,2923.15,2776.99,3836.63,2024-01-12,0,213,0.4744836869933803,-0.025516313006619717,0.051032626013239435,2.0413050405295774,0.03402175067549296,0,-0.1907180582020819,-0.22473980887757486
2024-01-12T00:05:00Z,109.772956848145,106.127044677734,797.22705078125,2923.15,2916.38,3653.93,2923.15,2776.99,3836.63,2024-01-12,0,215.90000152587902,0.4915564795168054,-0.008443520483194578,0.016887040966389155,0.6754816386555662,0.011258027310926103,0,-0.1794600308911558,-0.1907180582020819
2024-01-12T00:06:00Z,131.031982421875,79.1790313720703,770.379028320313,2923.15,2916.38,3653.93,2923.15,2776.99,3836.63,2024-01-12,0,210.2110137939453,0.3766645236280711,-0.12333547637192888,0.24667095274385775,9.86683810975431,0.1644473018292385,0,-0.015012729061917307,-0.1794600308911558
2024-01-12T00:07:00Z,113.528984069824,99.2270202636719,790.326965332031,2923.15,2916.38,3653.93,2923.15,2776.99,3836.63,2024-01-12,0,212.75600433349592,0.46638881273655214,-0.03361118726344786,0.06722237452689572,2.688894981075829,0.04481491635126381,0,0.029802187289346506,-0.015012729061917307
2024-01-12T00:08:00Z,94.3719635009766,115.728034973145,806.828002929688,2923.15,2916.38,3653.93,2923.15,2776.99,3836.63,2024-01-12,0,210.0999984741216,0.5508235878802228,0.05082358788022279,-0.10164717576044557,-4.065887030417823,0,0.06776478384029705,-0.03796259655095054,0.029802187289346506
2024-01-12T00:09:00Z,89.6079711914063,120.49201965332,811.592041015625,2923.15,2916.38,3653.93,2923.15,2776.99,3836.63,2024-01-12,0,210.0999908447263,0.573498452659949,0.07349845265994903,-0.14699690531989806,-5.8798762127959225,0,0.09799793687993204,-0.13596053343088257,-0.03796259655095054
2024-01-12T00:10:00Z,90.8069534301758,119.293045043945,810.39306640625,2923.15,2916.38,3653.93,2923.15,2776.99,3836.63,2024-01-12,0,210.0999984741208,0.5677917463604313,0.06779174636043128,-0.13558349272086256,-5.423339708834503,0,0.0903889951472417,-0.2263495285781243,-0.13596053343088257
2024-01-12T00:11:00Z,99.5809783935547,107.619018554687,801.619018554688,2923.15,2916.38,3653.93,2923.15,2776.99,3836.63,2024-01-12,0,207.1999969482417,0.5193968153463346,0.01939681534633464,-0.03879363069266928,-1.5517452277067711,0,0.025862420461779518,-0.2522119490399038,-0.2263495285781243
2024-01-12T00:12:00Z,103.344970703125,109.655029296875,803.654968261719,2923.15,2916.38,3653.93,2923.15,2776.99,3836.63,2024-01-12,0,213,0.514812344116784,0.014812344116784004,-0.02962468823356801,-1.1849875293427203,0,0.019749792155712004,-0.2719617411956158,-0.2522119490399038
2024-01-12T00:13:00Z,124.912971496582,88.4470138549805,782.087036132813,2923.15,2916.38,3653.93,2923.15,2776.99,3836.63,2024-01-12,0,213.3599853515625,0.4145435879611752,-0.08545641203882481,0.17091282407764963,6.836512963105985,0.11394188271843309,0,-0.1580198584771827,-0.2719617411956158
2024-01-12T00:14:00Z,149.746978759766,63.2530174255371,757.252990722656,2923.15,2916.38,3653.93,2923.15,2776.99,3836.63,2024-01-12,0,212.9999961853031,0.29696252844300064,-0.20303747155699936,0.4060749431139987,16.24299772455995,0.27071662874266583,0,0.11269677026548314,-0.1580198584771827
2024-01-12T00:15:00Z,189.001983642578,23.9980182647705,717.998046875,2923.15,2916.38,3653.93,2923.15,2776.99,3836.63,2024-01-12,0,213.00000190734852,0.11266675140786732,-0.3873332485921327,0.7746664971842654,30.986659887370614,0.5164443314561769,0,0.6291411017216599,0.11269677026548314
2024-01-12T00:16:00Z,189.683975219727,23.3160266876221,717.315979003906,2923.15,2916.38,3653.93,2923.15,2776.99,3836.63,2024-01-12,0,213.0000019073491,0.10946491304617041,-0.3905350869538296,0.7810701739076592,31.242806956306367,0.5207134492717728,0,1.1498545509934326,0.6291411017216599
2024-01-12T00:17:00Z,190.073974609375,22.9260311126709,716.926086425781,2923.15,2916.38,3653.93,2923.15,2776.99,3836.63,2024-01-12,0,213.0000057220459,0.10763394599429352,-0.39236605400570645,0.7847321080114129,31.389284320456518,0.5231547386742753,0,1.673009289667708,1.1498545509934326
2024-01-12T00:18:00Z,187.723968505859,25.276029586792,719.276062011719,2923.15,2916.38,3653.93,2923.15,2776.99,3836.63,2024-01-12,0,212.999998092651,0.1186668066344179,-0.3813331933655821,0.7626663867311642,30.506655469246567,0.5084442578207761,0,2.181453547488484,1.673009289667708
2024-01-12T00:19:00Z,178.334991455078,34.6650161743164,728.664978027344,2923.15,2916.38,3653.93,2923.15,2776.99,3836.63,2024-01-12,0,213.00000762939442,0.1627465489796187,-0.3372534510203813,0.6745069020407626,26.980276081630503,0.44967126802717505,0,2.6311248155156592,2.181453547488484
2024-01-12T00:20:00Z,203.712966918945,11.2920227050781,703.286987304688,2923.15,2916.38,3653.93,2923.15,2776.99,3836.63,2024-01-12,0,215.0049896240231,0.05251981698110513,-0.44748018301889486,0.8949603660377897,35.79841464151159,0.5966402440251932,0,3.2277650595408525,2.6311248155156592
2024-01-12T00:21:00Z,202.481964111328,10.5180282592773,704.518005371094,2923.15,2916.38,3653.93,2923.15,2776.99,3836.63,2024-01-12,0,212.9999923706053,0.049380416131549226,-0.4506195838684508,0.9012391677369016,36.04956670947607,0.6008261118246011,0,3.8285911713654537,3.2277650595408525
2024-01-12T00:22:00Z,205.761962890625,8.18502044677734,701.238037109375,2923.15,2916.38,3653.93,2923.15,2776.99,3836.63,2024-01-12,0,213.94698333740234,0.038257236999080554,-0.46174276300091943,0.9234855260018389,36.939421040073555,0.6156570173345592,0,4.444248188700013,3.8285911713654537
2024-01-12T00:23:00Z,206.77897644043,8.57900619506836,700.220947265625,2923.15,2916.38,3653.93,2923.15,2776.99,3836.63,2024-01-12,0,215.35798263549836,0.039836025997646234,-0.46016397400235376,0.9203279480047075,36.813117920188304,0.6135519653364717,0,5.057800154036484,4.444248188700013
2024-01-12T00:24:00Z,206.043975830078,8.60501098632813,700.718017578125,2923.15,2916.38,3653.93,2923.15,2776.99,3836.63,2024-01-12,0,214.64898681640614,0.040088756597244875,-0.45991124340275513,0.9198224868055103,36.79289947222041,0.6132149912036735,0,5.671015145240158,5.057800154036484
2024-01-12T00:25:00Z,203.499984741211,9.50001525878906,703.500061035156,2923.15,2916.38,3653.93,2923.15,2776.99,3836.63,2024-01-12,0,213.00000000000006,0.044601010604643464,-0.45539898939535656,0.9107979787907131,36.43191915162853,0.6071986525271421,0,6.2782137977673,5.671015145240158
2024-01-12T00:26:00Z,208.302978515625,8.62702369689941,698.697021484375,2923.15,2916.38,3653.93,2923.15,2776.99,3836.63,2024-01-12,0,216.9300022125244,0.03976869777767112,-0.4602313022223289,0.9204626044446578,36.81850417778631,0.6136417362964385,0,6.891855534063739,6.2782137977673
2024-01-12T00:27:00Z,203.164962768555,9.93502807617188,703.835021972656,2923.15,2916.38,3653.93,2923.15,2776.99,3836.63,2024-01-12,0,213.09999084472688,0.046621438305977855,-0.45337856169402213,0.9067571233880443,36.27028493552177,0.6045047489253629,0,7.496360282989102,6.891855534063739
2024-01-12T00:28:00Z,202.105972290039,10.8940258026123,704.89404296875,2923.15,2916.38,3653.93,2923.15,2776.99,3836.63,2024-01-12,0,212.9999980926513,0.051145661503121644,-0.44885433849687834,0.8977086769937567,35.908347079750264,0.598472451329171,0,8.094832734318272,7.496360282989102
2024-01-12T00:29:00Z,203.238983154297,11.4060153961182,703.760986328125,2923.15,2916.38,3653.93,2923.15,2776.99,3836.63,2024-01-12,0,214.64499855041518,0.053138975858499624,-0.44686102414150036,0.8937220482830007,35.74888193132003,0.5958146988553338,0,8.690647433173606,8.094832734318272
2024-01-12T00:30:00Z,206.333969116211,9.22102355957031,700.666076660156,2923.15,2916.38,3653.93,2923.15,2776.99,3836.63,2024-01-12,0,215.5549926757813,0.04277805605477093,-0.4572219439452291,0.9144438878904582,36.57775551561833,0.6096292585936388,0,9.300276691767245,8.690647433173606
2024-01-12T00:31:00Z,198.322982788086,14.6770248413086,708.677001953125,2923.15,2916.38,3653.93,2923.15,2776.99,3836.63,2024-01-12,0,213.0000076293946,0.0689062174441121,-0.43109378255588793,0.8621875651117759,34.48750260447103,0.5747917100745172,0,9.875068401841762,9.300276691767245
2024-01-12T00:32:00Z,185.793991088867,27.2060089111328,721.205993652344,2923.15,2916.38,3653.93,2923.15,2776.99,3836.63,2024-01-12,0,212.99999999999977,0.12772774136682077,-0.37227225863317925,0.7445445172663585,29.78178069065434,0.49636301151090567,0,10.371431413352667,9.875068401841762
2024-01-12T00:33:00Z,107.532997131348,105.467002868652,799.466979980469,2923.15,2916.38,3653.93,2923.15,2776.99,3836.63,2024-01-12,0,213,0.4951502482096338,-0.004849751790366175,0.00969950358073235,0.38798014322929397,0.006466335720488233,0,10.377897749073155,10.371431413352667
2024-01-12T00:34:00Z,87.2589721679688,125.965042114258,819.964965820312,2923.15,2916.38,3653.93,2923.15,2776.99,3836.63,2024-01-12,0,213.2240142822268,0.5907638618393546,0.09076386183935459,-0.18152772367870917,-7.261108947148367,0,0.12101848245247278,10.256879266620683,10.377897749073155
2024-01-12T00:35:00Z,84.2889862060547,128.711013793945,822.711059570313,2923.15,2916.38,3653.93,2923.15,2776.99,3836.63,2024-01-12,0,212.99999999999972,0.6042770600654703,0.10427706006547033,-0.20855412013094066,-8.342164805237626,0,0.13903608008729376,10.117843186533388,10.256879266620683
2024-01-12T00:36:00Z,85.2149810791016,127.840026855469,821.840026855469,2923.15,2916.38,3653.93,2923.15,2776.99,3836.63,2024-01-12,0,213.0550079345706,0.6000329590690907,0.10003295906909071,-0.20006591813818142,-8.002636725527257,0,0.1333772787587876,9.9844659077746,10.117843186533388
2024-01-12T00:37:00Z,69.5369644165039,143.463027954102,837.463073730469,2923.15,2916.38,3653.93,2923.15,2776.99,3836.63,2024-01-12,0,212.9999923706059,0.6735353666327171,0.17353536663271707,-0.34707073326543414,-13.882829330617366,0,0.23138048884362275,9.753085418930977,9.9844659077746
2024-01-12T00:38:00Z,63.0729751586914,149.938034057617,843.938049316406,2923.15,2916.38,3653.93,2923.15,2776.99,3836.63,2024-01-12,0,213.0110092163084,0.7038980501958841,0.20389805019588414,-0.4077961003917683,-16.31184401567073,0,0.2718640669278455,9.481221352003132,9.753085418930977
2024-01-12T00:39:00Z,100.259963989258,112.740036010742,806.740051269531,2923.15,2916.38,3653.93,2923.15,2776.99,3836.63,2024-01-12,0,213,0.5292959437124037,0.029295943712403738,-0.058591887424807476,-2.343675496992299,0,0.03906125828320498,9.442160093719927,9.481221352003132
2024-01-12T00:40:00Z,133.033981323242,71.7590179443359,773.965942382813,2923.15,2916.38,3653.93,2923.15,2776.99,3836.63,2024-01-12,0,204.7929992675779,0.35039780754701083,-0.14960219245298917,0.29920438490597834,11.968175396239133,0.19946958993731886,0,9.641629683657246,9.442160093719927
2024-01-12T00:41:00Z,139.379974365234,67.0900115966797,767.619995117188,2923.15,2916.38,3653.93,2923.15,2776.99,3836.63,2024-01-12,0,206.46998596191372,0.32493832594658767,-0.17506167405341233,0.35012334810682466,14.004933924272986,0.23341556540454977,0,9.875045249061795,9.641629683657246
2024-01-12T00:42:00Z,130.06396484375,72.93603515625,776.93603515625,2923.15,2916.38,3653.93,2923.15,2776.99,3836.63,2024-01-12,0,203,0.3592908135775862,-0.1407091864224138,0.2814183728448276,11.256734913793105,0.18761224856321843,0,10.062657497625013,9.875045249061795
2024-01-12T00:43:00Z,126.456970214844,79.0600280761719,780.543090820313,2923.15,2916.38,3653.93,2923.15,2776.99,3836.63,2024-01-12,0,205.5169982910159,0.384688511089586,-0.11531148891041398,0.23062297782082797,9.224919112833119,0.15374865188055198,0,10.216406149505564,10.062657497625013
2024-01-12T00:44:00Z,124.692970275879,78.7780227661133,782.307006835938,2923.15,2916.38,3653.93,2923.15,2776.99,3836.63,2024-01-12,0,203.4709930419923,0.3871707784404193,-0.1128292215595807,0.2256584431191614,9.026337724766456,0.15043896207944094,0,10.366845111585006,10.216406149505564
2024-01-12T00:45:00Z,102.085960388184,106.248023986816,804.9140625,2923.15,2916.38,3653.93,2923.15,2776.99,3836.63,2024-01-12,0,208.333984375,0.5099889214213373,0.009988921421337338,-0.019977842842674676,-0.799113713706987,0,0.013318561895116451,10.353526549689889,10.366845111585006
2024-01-12T00:46:00Z,120.644989013672,82.4160003662109,786.35498046875,2923.15,2916.38,3653.93,2923.15,2776.99,3836.63,2024-01-12,0,203.0609893798829,0.4058682104223796,-0.09413178957762042,0.18826357915524083,7.530543166209633,0.12550905277016056,0,10.47903560246005,10.353526549689889
2024-01-12T00:47:00Z,146.372970581055,59.598014831543,760.627075195313,2923.15,2916.38,3653.93,2923.15,2776.99,3836.63,2024-01-12,0,205.970985412598,0.2893515060490542,-0.21064849395094581,0.42129698790189163,16.851879516075666,0.2808646586012611,0,10.759900261061311,10.47903560246005
2024-01-12T00:48:00Z,136.560989379883,67.9030151367188,770.442016601563,2923.15,2916.38,3653.93,2923.15,2776.99,3836.63,2024-01-12,0,204.46400451660182,0.33210253950203394,-0.16789746049796606,0.3357949209959321,13.431796839837284,0.22386328066395475,0,10.983763541725265,10.759900261061311
2024-01-12T00:49:00Z,117.016967773438,90.8090209960938,789.983032226563,2923.15,2916.38,3653.93,2923.15,2776.99,3836.63,2024-01-12,0,207.82598876953182,0.43694737859179045,-0.06305262140820955,0.1261052428164191,5.044209712656764,0.08407016187761274,0,11.067833703602878,10.983763541725265
2024-01-12T00:50:00Z,152.135986328125,52.7570190429688,755.243041992188,2923.15,2916.38,3653.93,2923.15,2776.99,3836.63,2024-01-12,0,204.8930053710938,0.2574857006339355,-0.2425142993660645,0.485028598732129,19.40114394928516,0.32335239915475267,0,11.39118610275763,11.067833703602878
2024-01-12T00:51:00Z,166.52099609375,36.4790115356445,740.47900390625,2923.15,2916.38,3653.93,2923.15,2776.99,3836.63,2024-01-12,0,203.0000076293945,0.1796995574613088,-0.32030044253869117,0.6406008850773823,25.62403540309529,0.42706725671825485,0,11.818253359475884,11.39118610275763
2024-01-12T00:52:00Z,169.40397644043,35.1030120849609,737.796997070313,2923.15,2916.38,3653.93,2923.15,2776.99,3836.63,2024-01-12,0,204.5069885253909,0.17164700501470945,-0.3283529949852906,0.6567059899705812,26.268239598823246,0.4378039933137208,0,12.256057352789604,11.818253359475884
2024-01-12T00:53:00Z,179.264984130859,26.8560218811035,728.114013671875,2923.15,2916.38,3653.93,2923.15,2776.99,3836.63,2024-01-12,0,206.1210060119625,0.13029250342172732,-0.3697074965782727,0.7394149931565454,29.576599726261815,0.49294332877103025,0,12.749000681560634,12.256057352789604
2024-01-12T00:54:00Z,198.381973266602,7.06201934814453,708.617980957031,2923.15,2916.38,3653.93,2923.15,2776.99,3836.63,2024-01-12,0,205.44399261474652,0.034374426130762546,-0.4656255738692375,0.931251147738475,37.250045909539,0.6208340984923166,0,13.369834780052951,12.749000681560634
2024-01-12T00:55:00Z,197.722961425781,7.90102767944336,709.43505859375,2923.15,2916.38,3653.93,2923.15,2776.99,3836.63,2024-01-12,0,205.62398910522435,0.03842463962412553,-0.4615753603758745,0.923150720751749,36.92602883006996,0.6154338138344994,0,13.98526859388745,13.369834780052951
2024-01-12T00:56:00Z,200.017990112305,8.64001846313477,707.203002929687,2923.15,2916.38,3653.93,2923.15,2776.99,3836.63,2024-01-12,0,208.65800857543977,0.04140755738120156,-0.45859244261879845,0.9171848852375969,36.68739540950388,0.6114565901583979,0,14.596725184045848,13.98526859388745
2024-01-12T00:57:00Z,197.057983398438,5.9420223236084,709.942016601563,2923.15,2916.38,3653.93,2923.15,2776.99,3836.63,2024-01-12,0,203.0000057220464,0.029271045104030155,-0.47072895489596983,0.9414579097919397,37.65831639167759,0.6276386065279598,0,15.224363790573808,14.596725184045848
2024-01-12T00:58:00Z,206.898971557617,1.28602027893066,700.101013183594,2923.15,2916.38,3653.93,2923.15,2776.99,3836.63,2024-01-12,0,208.18499183654765,0.006177295815542523,-0.49382270418445745,0.9876454083689149,39.505816334756595,0.6584302722459433,0,15.882794062819752,15.224363790573808
2024-01-12T00:59:00Z,202.215972900391,2.94901657104492,704.783996582031,2923.15,2916.38,3653.93,2923.15,2776.99,3836.63,2024-01-12,0,205.16498947143592,0.01437387820720502,-0.48562612179279496,0.9712522435855899,38.850089743423595,0.6475014957237266,0,16.53029555854348,15.882794062819752
2024-01-12T01:00:00Z,203.464950561523,2.55002212524414,703.535034179688,2851,2841.92,3563.75,2851,2708.45,3741.94,2024-01-12,1,206.01497268676715,0.012377848522307595,-0.4876221514776924,0.9752443029553848,39.009772118215395,0.6501628686369233,0,17.1804584271804,16.53029555854348
2024-01-12T01:01:00Z,198.309982299805,4.7900276184082,708.690063476562,2851,2841.92,3563.75,2851,2708.45,3741.94,2024-01-12,1,203.1000099182132,0.02358457599454134,-0.47641542400545867,0.9528308480109173,38.11323392043669,0.6352205653406116,0,17.81567899252101,17.1804584271804
2024-01-12T01:02:00Z,198.950988769531,4.04901885986328,708.049011230469,2851,2841.92,3563.75,2851,2708.45,3741.94,2024-01-12,1,203.00000762939428,0.019945904963980823,-0.4800540950360192,0.9601081900720384,38.40432760288154,0.6400721267146923,0,18.455751119235703,17.81567899252101
2024-01-12T01:03:00Z,186.511978149414,16.734016418457,720.734008789062,2851,2841.92,3563.75,2851,2708.45,3741.94,2024-01-12,1,203.245994567871,0.08233380664664917,-0.4176661933533508,0.8353323867067016,33.41329546826807,0.5568882578044678,0,19.01263937704017,18.455751119235703
2024-01-12T01:04:00Z,132.711990356445,71.7780227661133,775.778015136719,2851,2841.92,3563.75,2851,2708.45,3741.94,2024-01-12,1,204.4900131225583,0.35100991813763593,-0.14899008186236407,0.29798016372472813,11.919206548989125,0.1986534424831521,0,19.211292819523322,19.01263937704017
2024-01-12T01:05:00Z,17.4149856567383,188.168029785156,892.168029785156,2851,2841.92,3563.75,2851,2708.45,3741.94,2024-01-12,1,205.5830154418943,0.915289764481247,0.415289764481247,-0.830579528962494,-33.223181158499756,0,0.5537196859749959,18.657573133548325,19.211292819523322
2024-01-12T01:06:00Z,19.2829895019531,186.196014404297,890.196044921875,2851,2841.92,3563.75,2851,2708.45,3741.94,2024-01-12,1,205.47900390625009,0.9061559130841856,0.40615591308418564,-0.8123118261683713,-32.49247304673485,0,0.5415412174455808,18.116031916102745,18.657573133548325
2024-01-12T01:07:00Z,13.2239875793457,194.883026123047,898.882995605469,2851,2841.92,3563.75,2851,2708.45,3741.94,2024-01-12,1,208.1070137023927,0.9364558294116079,0.4364558294116079,-0.8729116588232158,-34.91646635292863,0,0.5819411058821439,17.5340908102206,18.116031916102745
2024-01-12T01:08:00Z,15.195972442627,193.342041015625,897.342041015625,2851,2841.92,3563.75,2851,2708.45,3741.94,2024-01-12,1,208.538013458252,0.9271309235633955,0.42713092356339555,-0.8542618471267911,-34.170473885071644,0,0.5695078980845274,16.964582912136073,17.5340908102206
2024-01-12T01:09:00Z,8.68999481201172,200.536010742187,904.536010742187,2851,2841.92,3563.75,2851,2708.45,3741.94,2024-01-12,1,209.2260055541987,0.9584659909317027,0.4584659909317027,-0.9169319818634054,-36.67727927453622,0,0.611287987908937,16.353294924227136,16.964582912136073
2024-01-12T01:10:00Z,5.39999771118164,203.495040893555,907.495056152344,2851,2841.92,3563.75,2851,2708.45,3741.94,2024-01-12,1,208.89503860473664,0.9741497081632498,0.47414970816324975,-0.9482994163264995,-37.93197665305998,0,0.632199610884333,15.721095313342802,16.353294924227136
2024-01-12T01:11:00Z,5.79999542236328,203.474029541016,907.47412109375,2851,2841.92,3563.75,2851,2708.45,3741.94,2024-01-12,1,209.27402496337928,0.9722851633241238,0.47228516332412385,-0.9445703266482477,-37.78281306592991,0,0.6297135510988318,15.091381762243971,15.721095313342802
2024-01-12T01:12:00Z,4.90000152587891,205.456024169922,909.4560546875,2851,2841.92,3563.75,2851,2708.45,3741.94,2024-01-12,1,210.3560256958009,0.9767061508712621,0.4767061508712621,-0.9534123017425242,-38.13649206970097,0,0.6356082011616828,14.455773561082289,15.091381762243971
2024-01-12T01:13:00Z,4.90000152587891,209.06901550293,913.068969726563,2851,2841.92,3563.75,2851,2708.45,3741.94,2024-01-12,1,213.9690170288089,0.9770994810654331,0.4770994810654331,-0.9541989621308662,-38.16795848523465,0,0.6361326414205775,13.819640919661712,14.455773561082289
2024-01-12T01:14:00Z,4.69999694824219,205.76904296875,909.76904296875,2851,2841.92,3563.75,2851,2708.45,3741.94,2024-01-12,1,210.4690399169922,0.977668939098616,0.47766893909861596,-0.9553378781972319,-38.21351512788928,0,0.6368919187981547,13.182749000863557,13.819640919661712
2024-01-12T01:15:00Z,5.69999694824219,206.064025878906,910.064025878906,2851,2841.92,3563.75,2851,2708.45,3741.94,2024-01-12,1,211.76402282714818,0.9730832609234346,0.47308326092343456,-0.9461665218468691,-37.84666087387477,0,0.6307776812312461,12.551971319632312,13.182749000863557
2024-01-12T01:16:00Z,5.20000076293945,208.941040039063,912.941040039063,2851,2841.92,3563.75,2851,2708.45,3741.94,2024-01-12,1,214.14104080200246,0.9757169352335995,0.4757169352335995,-0.951433870467199,-38.057354818687955,0,0.6342892469781326,11.917682072654179,12.551971319632312
2024-01-12T01:17:00Z,6.21800231933594,206.157012939453,910.157104492188,2851,2841.92,3563.75,2851,2708.45,3741.94,2024-01-12,1,212.37501525878895,0.970721592124389,0.470721592124389,-0.941443184248778,-37.65772736995112,0,0.6276287894991853,11.290053283154993,11.917682072654179
2024-01-12T01:18:00Z,10.3000030517578,201.716033935547,905.715942382813,2851,2841.92,3563.75,2851,2708.45,3741.94,2024-01-12,1,212.0160369873048,0.9514187549294936,0.45141875492949357,-0.9028375098589871,-36.113500394359484,0,0.6018916732393247,10.688161609915669,11.290053283154993
2024-01-12T01:19:00Z,34.8909912109375,173.462020874023,877.462036132813,2851,2841.92,3563.75,2851,2708.45,3741.94,2024-01-12,1,208.3530120849605,0.8325390602142583,0.3325390602142583,-0.6650781204285166,-26.60312481714066,0,0.443385413619011,10.244776196296659,10.688161609915669
2024-01-12T01:20:00Z,13.6000022888184,196.127044677734,900.127014160156,2851,2841.92,3563.75,2851,2708.45,3741.94,2024-01-12,1,209.7270469665524,0.9351537987802434,0.4351537987802434,-0.8703075975604868,-34.81230390241947,0,0.5802050650403245,9.664571131256334,10.244776196296659
2024-01-12T01:21:00Z,5.5319938659668,206.533020019531,910.532958984375,2851,2841.92,3563.75,2851,2708.45,3741.94,2024-01-12,1,212.0650138854978,0.9739136891814049,0.47391368918140486,-0.9478273783628097,-37.91309513451239,0,0.6318849189085398,9.032686212347794,9.664571131256334
2024-01-12T01:22:00Z,9.65098571777344,203.680023193359,899.716064453125,2851,2841.92,3563.75,2851,2708.45,3741.94,2024-01-12,1,213.33100891113244,0.9547605115307275,0.4547605115307275,-0.909521023061455,-36.3808409224582,0,0.6063473487076366,8.426338863640158,9.032686212347794
2024-01-12T01:23:00Z,12.9000015258789,198.976028442383,894.976013183594,2851,2841.92,3563.75,2851,2708.45,3741.94,2024-01-12,1,211.87602996826192,0.9391153330189769,0.43911533301897687,-0.8782306660379537,-35.12922664151815,0,0.5854871106919692,7.840851752948189,8.426338863640158
2024-01-12T01:24:00Z,9.29999542236328,203.028045654297,899.028076171875,2851,2841.92,3563.75,2851,2708.45,3741.94,2024-01-12,1,212.32804107666027,0.956199871787045,0.456199871787045,-0.91239974357409,-36.4959897429636,0,0.6082664957160601,7.232585257232129,7.840851752948189
2024-01-12T01:25:00Z,8.03498077392578,202.054016113281,898.054077148437,2851,2841.92,3563.75,2851,2708.45,3741.94,2024-01-12,1,210.08899688720678,0.9617543950755325,0.4617543950755325,-0.923508790151065,-36.9403516060426,0,0.6156725267673766,6.616912730464753,7.232585257232129
2024-01-12T01:26:00Z,4.90000152587891,207.753021240234,903.752990722656,2851,2841.92,3563.75,2851,2708.45,3741.94,2024-01-12,1,212.6530227661129,0.9769577621698414,0.4769577621698414,-0.9539155243396829,-38.156620973587316,0,0.635943682893122,5.980969047571631,6.616912730464753
2024-01-12T01:27:00Z,6,202.466033935547,898.466064453125,2851,2841.92,3563.75,2851,2708.45,3741.94,2024-01-12,1,208.466033935547,0.9712183328539024,0.47121833285390236,-0.9424366657078047,-37.697466628312185,0,0.6282911104718697,5.352677937099761,5.980969047571631
2024-01-12T01:28:00Z,5.29999542236328,205.695037841797,901.695007324219,2851,2841.92,3563.75,2851,2708.45,3741.94,2024-01-12,1,210.99503326416027,0.9748809470044357,0.4748809470044357,-0.9497618940088715,-37.990475760354855,0,0.6331745960059142,4.719503341093847,5.352677937099761
2024-01-12T01:29:00Z,8.76400375366211,200.163009643555,896.162963867187,2851,2841.92,3563.75,2851,2708.45,3741.94,2024-01-12,1,208.9270133972171,0.9580523187923058,0.4580523187923058,-0.9161046375846116,-36.64418550338446,0,0.6107364250564077,4.108766916037439,4.719503341093847
2024-01-12T01:30:00Z,74.1999969482422,131.171035766602,827.171020507813,2851,2841.92,3563.75,2851,2708.45,3741.94,2024-01-12,1,205.3710327148442,0.6387027130000937,0.13870271300009374,-0.27740542600018747,-11.096217040007499,0,0.18493695066679164,3.9238299653706474,4.108766916037439
2024-01-12T01:31:00Z,104.630989074707,102.663024902344,798.6630859375,2851,2841.92,3563.75,2851,2708.45,3741.94,2024-01-12,1,207.294013977051,0.4952532054963708,-0.0047467945036291925,0.009493589007258385,0.3797435602903354,0.006329059338172256,0,3.9301590247088196,3.9238299653706474
2024-01-12T01:32:00Z,182.936004638672,21.4740219116211,717.473999023438,2851,2841.92,3563.75,2851,2708.45,3741.94,2024-01-12,1,204.41002655029308,0.10505366235710374,-0.3949463376428963,0.7898926752857925,31.595707011431703,0.5265951168571951,0,4.456754141566015,3.9301590247088196
2024-01-12T01:33:00Z,187.603988647461,15.3960208892822,711.396057128906,2851,2841.92,3563.75,2851,2708.45,3741.94,2024-01-12,1,203.0000095367432,0.07584246387188226,-0.42415753612811774,0.8483150722562355,33.93260289024942,0.565543381504157,0,5.022297523070172,4.456754141566015
2024-01-12T01:34:00Z,175.773986816406,28.4980316162109,724.497985839844,2851,2841.92,3563.75,2851,2708.45,3741.94,2024-01-12,1,204.2720184326169,0.13951020719762228,-0.3604897928023777,0.7209795856047554,28.839183424190217,0.48065305706983696,0,5.502950580140009,5.022297523070172
2024-01-12T01:35:00Z,168.68098449707,34.3190116882324,730.318969726563,2851,2841.92,3563.75,2851,2708.45,3741.94,2024-01-12,1,202.9999961853024,0.16905917405488682,-0.3309408259451132,0.6618816518902264,26.475266075609056,0.4412544345934843,0,5.944205014733494,5.502950580140009
2024-01-12T01:36:00Z,170.289978027344,33.9720268249512,729.972045898437,2851,2841.92,3563.75,2851,2708.45,3741.94,2024-01-12,1,204.2620048522952,0.16631593746236292,-0.33368406253763705,0.6673681250752741,26.694725003010966,0.4449120833835161,0,6.38911709811701,5.944205014733494
2024-01-12T01:37:00Z,164.404983520508,40.7410278320313,736.740966796875,2851,2841.92,3563.75,2851,2708.45,3741.94,2024-01-12,1,205.14601135253932,0.19859527155036252,-0.3014047284496375,0.602809456899275,24.112378275971,0.4018729712661833,0,6.790990069383193,6.38911709811701
2024-01-12T01:38:00Z,149.147979736328,53.8520164489746,749.851989746094,2851,2841.92,3563.75,2851,2708.45,3741.94,2024-01-12,1,202.99999618530262,0.2652808741918269,-0.2347191258081731,0.4694382516163462,18.77753006465385,0.3129588344108975,0,7.103948903794091,6.790990069383193
2024-01-12T01:39:00Z,126.666976928711,76.3330230712891,772.333068847656,2851,2841.92,3563.75,2851,2708.45,3741.94,2024-01-12,1,203.0000000000001,0.3760247441935422,-0.1239752558064578,0.2479505116129156,9.918020464516623,0.16530034107527705,0,7.269249244869368,7.103948903794091
2024-01-12T01:40:00Z,175.865997314453,29.3850154876709,725.385009765625,2851,2841.92,3563.75,2851,2708.45,3741.94,2024-01-12,1,205.2510128021239,0.14316623867771153,-0.3568337613222885,0.713667522644577,28.54670090578308,0.475778348429718,0,7.745027593299086,7.269249244869368
2024-01-12T01:41:00Z,198.751983642578,4.56300354003906,700.248046875,2851,2841.92,3563.75,2851,2708.45,3741.94,2024-01-12,1,203.31498718261707,0.022443025982834115,-0.4775569740171659,0.9551139480343318,38.20455792137327,0.6367426320228878,0,8.381770225321974,7.745027593299086
2024-01-12T01:42:00Z,203.012969970703,2.67001342773438,695.987060546875,2851,2841.92,3563.75,2851,2708.45,3741.94,2024-01-12,1,205.6829833984374,0.01298120721324905,-0.487018792786751,0.974037585573502,38.961503422940076,0.6493583903823346,0,9.031128615704308,8.381770225321974
2024-01-12T01:43:00Z,204.418960571289,2.71102333068848,694.5810546875,2851,2841.92,3563.75,2851,2708.45,3741.94,2024-01-12,1,207.12998390197748,0.01308851224539007,-0.4869114877546099,0.9738229755092198,38.952919020368796,0.6492153170061467,0,9.680343932710455,9.031128615704308
2024-01-12T01:44:00Z,203.029968261719,4.25101661682129,695.970031738281,2851,2841.92,3563.75,2851,2708.45,3741.94,2024-01-12,1,207.2809848785403,0.020508473651416906,-0.4794915263485831,0.9589830526971662,38.35932210788665,0.6393220351314441,0,10.3196659678419,9.680343932710455
2024-01-12T01:45:00Z,181.200973510742,24.8620223999023,717.799072265625,2851,2841.92,3563.75,2851,2708.45,3741.94,2024-01-12,1,206.0629959106443,0.12065253293067374,-0.37934746706932626,0.7586949341386525,30.3477973655461,0.5057966227591016,0,10.825462590601001,10.3196659678419
2024-01-12T01:46:00Z,172.38298034668,31.913013458252,726.617004394531,2851,2841.92,3563.75,2851,2708.45,3741.94,2024-01-12,1,204.295993804932,0.15620968803100227,-0.34379031196899773,0.6875806239379955,27.50322495751982,0.45838708262533034,0,11.283849673226332,10.825462590601001
2024-01-12T01:47:00Z,182.634994506836,29.3340034484863,726.836059570313,2851,2841.92,3563.75,2851,2708.45,3741.94,2024-01-12,1,211.9689979553223,0.13838817813664037,-0.3616118218633596,0.7232236437267192,28.928945749068767,0.4821490958178128,0,11.765998769044144,11.283849673226332
2024-01-12T01:48:00Z,175.692977905273,28.9300155639648,737.27001953125,2851,2841.92,3563.75,2851,2708.45,3741.94,2024-01-12,1,204.62299346923783,0.14138203665911095,-0.358617963340889,0.717235926681778,28.689437067271122,0.4781572844545187,0,12.244156053498662,11.765998769044144
2024-01-12T01:49:00Z,194.266983032227,8.5560245513916,718.556030273438,2851,2841.92,3563.75,2851,2708.45,3741.94,2024-01-12,1,202.8230075836186,0.042184684337964844,-0.45781531566203515,0.9156306313240703,36.625225252962814,0.6104204208827135,0,12.854576474381375,12.244156053498662
2024-01-12T01:50:00Z,196.721984863281,7.90501403808594,715.89599609375,2851,2841.92,3563.75,2851,2708.45,3741.94,2024-01-12,1,204.62699890136693,0.0386313344794558,-0.46136866552054423,0.9227373310410885,36.90949324164354,0.615158220694059,0,13.469734695075434,12.854576474381375
2024-01-12T01:51:00Z,195.75798034668,8.22102737426758,718.121032714844,2851,2841.92,3563.75,2851,2708.45,3741.94,2024-01-12,1,203.97900772094758,0.040303301139273676,-0.45969669886072634,0.9193933977214527,36.77573590885811,0.6129289318143019,0,14.082663626889737,13.469734695075434
2024-01-12T01:52:00Z,199.309997558594,3.16600227355957,713.134033203125,2851,2841.92,3563.75,2851,2708.45,3741.94,2024-01-12,1,202.47599983215358,0.015636432348446676,-0.4843635676515533,0.9687271353031066,38.749085412124266,0.6458180902020711,0,14.728481717091809,14.082663626889737
2024-01-12T01:53:00Z,204.503982543945,1.49301910400391,707.989013671875,2851,2841.92,3563.75,2851,2708.45,3741.94,2024-01-12,1,205.9970016479489,0.007247771045500438,-0.49275222895449955,0.9855044579089991,39.420178316359966,0.6570029719393328,0,15.385484689031141,14.728481717091809
2024-01-12T01:54:00Z,204.649978637695,1.44300079345703,708.192993164062,2851,2841.92,3563.75,2851,2708.45,3741.94,2024-01-12,1,206.09297943115203,0.007001697959047084,-0.4929983020409529,0.9859966040819058,39.43986416327623,0.6573310693879372,0,16.042815758419078,15.385484689031141
2024-01-12T01:55:00Z,201.558990478516,2.43301391601563,710.588989257813,2851,2841.92,3563.75,2851,2708.45,3741.94,2024-01-12,1,203.99200439453162,0.011927006272804932,-0.4880729937271951,0.9761459874543902,39.04583949817561,0.6507639916362602,0,16.69357975005534,16.042815758419078
2024-01-12T01:56:00Z,203.564971923828,2.4630241394043,710.174072265625,2851,2841.92,3563.75,2851,2708.45,3741.94,2024-01-12,1,206.0279960632323,0.011954803164946428,-0.4880451968350536,0.9760903936701072,39.043615746804285,0.6507269291134048,0,17.344306679168742,16.69357975005534
2024-01-12T01:57:00Z,203.032958984375,2.36703109741211,710.066040039063,2851,2841.92,3563.75,2851,2708.45,3741.94,2024-01-12,1,205.3999900817871,0.011524007846687794,-0.4884759921533122,0.9769519843066244,39.07807937226498,0.651301322871083,0,17.995608002039827,17.344306679168742
2024-01-12T01:58:00Z,199.669982910156,3.10601043701172,713.106018066406,2851,2841.92,3563.75,2851,2708.45,3741.94,2024-01-12,1,202.7759933471677,0.015317446536651886,-0.4846825534633481,0.9693651069266962,38.77460427706785,0.6462434046177975,0,18.641851406657626,17.995608002039827
2024-01-12T01:59:00Z,205.795989990234,0.629016876220703,706.291015625,2851,2841.92,3563.75,2851,2708.45,3741.94,2024-01-12,1,206.4250068664547,0.0030471931950940482,-0.49695280680490594,0.9939056136098119,39.756224544392474,0.6626037424065412,0,19.304455149064168,18.641851406657626
2024-01-12T02:00:00Z,202.368988037109,1.59902191162109,710.027038574219,2800,2789.43,3499.96,2800,2660,3674.96,2024-01-12,2,203.9680099487301,0.007839572058495958,-0.49216042794150405,0.9843208558830081,39.372834235320326,0.6562139039220054,0,19.960669052986173,19.304455149064168
2024-01-12T02:01:00Z,70.3409881591797,66.8580093383789,720.640991210938,2800,2789.43,3499.96,2800,2660,3674.96,2024-01-12,2,137.1989974975586,0.4873068357483342,-0.012693164251665778,0.025386328503331557,1.0154531401332623,0.016924219002221037,0,19.977593271988393,19.960669052986173
2024-01-12T02:02:00Z,112.38298034668,53.4999923706055,676.527038574219,2800,2789.43,3499.96,2800,2660,3674.96,2024-01-12,2,165.8829727172855,0.3225164795050158,-0.17748352049498423,0.35496704098996845,14.198681639598739,0.2366446939933123,0,20.214237965981706,19.977593271988393
2024-01-12T02:03:00Z,109.574989318848,55.5999946594238,675.098999023438,2800,2789.43,3499.96,2800,2660,3674.96,2024-01-12,2,165.1749839782718,0.33661268383557275,-0.16338731616442725,0.3267746323288545,13.07098529315418,0.217849754885903,0,20.43208772086761,20.214237965981706
2024-01-12T02:04:00Z,118.134979248047,48.2999954223633,665.824035644531,2800,2789.43,3499.96,2800,2660,3674.96,2024-01-12,2,166.4349746704103,0.29020339936369355,-0.20979660063630645,0.4195932012726129,16.783728050904514,0.27972880084840857,0,20.71181652171602,20.43208772086761
2024-01-12T02:05:00Z,119.229995727539,46.4999923706055,668.121948242188,2800,2789.43,3499.96,2800,2660,3674.96,2024-01-12,2,165.7299880981445,0.28057681596566836,-0.21942318403433164,0.4388463680686633,17.553854722746532,0.29256424537910886,0,21.004380767095128,20.71181652171602
2024-01-12T02:06:00Z,124.60196685791,48.5999908447266,657.398071289063,2800,2789.43,3499.96,2800,2660,3674.96,2024-01-12,2,173.2019577026366,0.28059723740632275,-0.21940276259367725,0.4388055251873545,17.55222100749418,0.2925370167915696,0,21.2969177838867,21.004380767095128
2024-01-12T02:07:00Z,122.808975219727,46.7999992370605,661.158081054688,2800,2789.43,3499.96,2800,2660,3674.96,2024-01-12,2,169.6089744567875,0.27592879083756305,-0.22407120916243695,0.4481424183248739,17.925696732994957,0.29876161221658265,0,21.595679396103282,21.2969177838867
2024-01-12T02:08:00Z,116.936996459961,47.9999923706055,648.85302734375,2800,2789.43,3499.96,2800,2660,3674.96,2024-01-12,2,164.9369888305665,0.29102018116696715,-0.20897981883303285,0.4179596376660657,16.718385506642626,0.27863975844404376,0,21.874319154547326,21.595679396103282
2024-01-12T02:09:00Z,60.2179985046387,104.699996948242,703.444030761719,2800,2789.43,3499.96,2800,2660,3674.96,2024-01-12,2,164.9179954528807,0.6348609602046504,0.13486096020465044,-0.2697219204093009,-10.788876816372035,0,0.17981461360620057,21.694504540941125,21.874319154547326
2024-01-12T02:10:00Z,58.7199897766113,105.299995422363,704.463073730469,2800,2789.43,3499.96,2800,2660,3674.96,2024-01-12,2,164.0199851989743,0.6419949086973914,0.1419949086973914,-0.2839898173947828,-11.359592695791312,0,0.1893265449298552,21.50517799601127,21.694504540941125
2024-01-12T02:11:00Z,112.033981323242,55.1999969482422,649.966003417969,2800,2789.43,3499.96,2800,2660,3674.96,2024-01-12,2,167.2339782714842,0.33007644450478635,-0.16992355549521365,0.3398471109904273,13.593884439617092,0.22656474066028487,0,21.731742736671556,21.50517799601127
2024-01-12T02:12:00Z,121.85897064209,50.3999977111816,640.140991210937,2800,2789.43,3499.96,2800,2660,3674.96,2024-01-12,2,172.2589683532716,0.29258272119580114,-0.20741727880419886,0.4148345576083977,16.593382304335908,0.27655637173893177,0,22.008299108410487,21.731742736671556
2024-01-12T02:13:00Z,124.401962280273,50.0999984741211,637.598022460937,2800,2789.43,3499.96,2800,2660,3674.96,2024-01-12,2,174.5019607543941,0.2871027824417127,-0.21289721755828728,0.42579443511657455,17.031777404662982,0.28386295674438305,0,22.29216206515487,22.008299108410487
2024-01-12T02:14:00Z,121.586982727051,49.5999946594238,640.413024902344,2800,2789.43,3499.96,2800,2660,3674.96,2024-01-12,2,171.18697738647478,0.28974163465393726,-0.21025836534606274,0.4205167306921255,16.82066922768502,0.2803444871280837,0,22.572506552282952,22.29216206515487
2024-01-12T02:15:00Z,116.736961364746,51.7000007629395,645.263061523438,2800,2789.43,3499.96,2800,2660,3674.96,2024-01-12,2,168.4369621276855,0.3069397601919925,-0.19306023980800752,0.38612047961601503,15.4448191846406,0.2574136530773433,0,22.829920205360295,22.572506552282952
2024-01-12T02:16:00Z,75.2389907836914,90.8999938964844,688.93798828125,2800,2789.43,3499.96,2800,2660,3674.96,2024-01-12,2,166.1389846801758,0.5471322343245959,0.0471322343245959,-0.0942644686491918,-3.770578745967672,0,0.0628429790994612,22.767077226260835,22.829920205360295
2024-01-12T02:17:00Z,68.9679794311523,97.5,694.453063964844,2800,2789.43,3499.96,2800,2660,3674.96,2024-01-12,2,166.4679794311523,0.5856982245665088,0.08569822456650877,-0.17139644913301755,-6.855857965320702,0,0.1142642994220117,22.652812926838823,22.767077226260835
2024-01-12T02:18:00Z,64.7649765014648,103.599990844727,697.235046386719,2800,2789.43,3499.96,2800,2660,3674.96,2024-01-12,2,168.3649673461918,0.6153298544091115,0.11532985440911148,-0.23065970881822295,-9.226388352728918,0,0.15377313921214864,22.499039787626675,22.652812926838823
2024-01-12T02:19:00Z,54.2059707641602,116.399993896484,707.794067382812,2800,2789.43,3499.96,2800,2660,3674.96,2024-01-12,2,170.6059646606442,0.6822738825574921,0.1822738825574921,-0.3645477651149842,-14.581910604599368,0,0.24303184340998948,22.256007944216684,22.499039787626675
2024-01-12T02:20:00Z,50.8999938964844,119.199996948242,711.247985839844,2800,2789.43,3499.96,2800,2660,3674.96,2024-01-12,2,170.0999908447264,0.7007642760960063,0.20076427609600633,-0.40152855219201267,-16.06114208768051,0,0.2676857014613418,21.98832224275534,22.256007944216684
2024-01-12T02:21:00Z,31.8789710998535,137.399993896484,730.76904296875,2800,2789.43,3499.96,2800,2660,3674.96,2024-01-12,2,169.2789649963375,0.8116778945302316,0.31167789453023165,-0.6233557890604633,-24.934231562418532,0,0.41557052604030886,21.572751716715032,21.98832224275534
2024-01-12T02:22:00Z,19.8799705505371,147.199996948242,742.306030273437,2800,2789.43,3499.96,2800,2660,3674.96,2024-01-12,2,167.0799674987791,0.8810152357093176,0.3810152357093176,-0.7620304714186352,-30.481218856745407,0,0.5080203142790901,21.064731402435942,21.572751716715032
2024-01-12T02:23:00Z,31.5029830932617,135.299987792969,731.0830078125,2800,2789.43,3499.96,2800,2660,3674.96,2024-01-12,2,166.8029708862307,0.8111365587442171,0.3111365587442171,-0.6222731174884342,-24.890924699537365,0,0.4148487449922894,20.64988265744365,21.064731402435942
2024-01-12T02:24:00Z,62.9839744567871,106.199996948242,699.015991210938,2800,2789.43,3499.96,2800,2660,3674.96,2024-01-12,2,169.1839714050291,0.6277190212895377,0.12771902128953772,-0.25543804257907543,-10.217521703163017,0,0.1702920283860503,20.4795906290576,20.64988265744365
2024-01-12T02:25:00Z,78.8229904174805,91.2999954223633,684.31298828125,2800,2789.43,3499.96,2800,2660,3674.96,2024-01-12,2,170.1229858398438,0.5366705443808423,0.036670544380842274,-0.07334108876168455,-2.933643550467382,0,0.04889405917445636,20.430696569883143,20.4795906290576
2024-01-12T02:26:00Z,84.6049652099609,84.6000061035156,678.31201171875,2800,2789.43,3499.96,2800,2660,3674.96,2024-01-12,2,169.2049713134765,0.4999853458606836,-1.4654139316394588e-5,2.9308278632789175e-5,0.001172331145311567,1.953885242185945e-5,0,20.430716108735563,20.430696569883143
2024-01-12T02:27:00Z,104.039985656738,70.0999908447266,657.960021972656,2800,2789.43,3499.96,2800,2660,3674.96,2024-01-12,2,174.13997650146462,0.4025496744231904,-0.0974503255768096,0.1949006511536192,7.796026046144768,0.12993376743574614,0,20.560649876171308,20.430716108735563
2024-01-12T02:28:00Z,103.140975952148,71.7999954223633,658.859008789063,2800,2789.43,3499.96,2800,2660,3674.96,2024-01-12,2,174.9409713745113,0.41042412682535545,-0.08957587317464455,0.1791517463492891,7.166069853971564,0.11943449756619273,0,20.6800843737375,20.560649876171308
2024-01-12T02:29:00Z,120.923973083496,54.3999938964844,641.075988769531,2800,2789.43,3499.96,2800,2660,3674.96,2024-01-12,2,175.3239669799804,0.31028270026935983,-0.18971729973064017,0.37943459946128033,15.177383978451214,0.2529563996408536,0,20.933040773378355,20.6800843737375
2024-01-12T02:30:00Z,135.482971191406,46.5,626.516967773438,2800,2789.43,3499.96,2800,2660,3674.96,2024-01-12,2,181.982971191406,0.25551841304476913,-0.24448158695523087,0.48896317391046173,19.55852695641847,0.32597544927364114,0,21.259016222651997,20.933040773378355
2024-01-12T02:31:00Z,142.926971435547,45.5,619.072998046875,2800,2789.43,3499.96,2800,2660,3674.96,2024-01-12,2,188.426971435547,0.24147286162567047,-0.2585271383743295,0.517054276748659,20.68217106994636,0.34470285116577265,0,21.60371907381777,21.259016222651997
2024-01-12T02:32:00Z,155.083969116211,45.4000015258789,606.257995605469,2800,2789.43,3499.96,2800,2660,3674.96,2024-01-12,2,200.4839706420899,0.2264520269649306,-0.2735479730350694,0.5470959460701388,21.88383784280555,0.3647306307134259,0,21.968449704531196,21.60371907381777
2024-01-12T02:33:00Z,153.592987060547,49.8649978637695,605.932983398437,2800,2789.43,3499.96,2800,2660,3674.96,2024-01-12,2,203.4579849243165,0.24508744585432998,-0.25491255414567005,0.5098251082913401,20.393004331653604,0.3398834055275601,0,22.308333110058754,21.968449704531196
2024-01-12T02:34:00Z,106.323989868164,97.1999969482422,652.208068847656,2800,2789.43,3499.96,2800,2660,3674.96,2024-01-12,2,203.5239868164062,0.47758496906766984,-0.02241503093233016,0.04483006186466032,1.7932024745864128,0.029886707909773547,0,22.33821981796853,22.308333110058754
2024-01-12T02:35:00Z,65.1949920654297,137.100006103516,693.434020996094,2800,2789.43,3499.96,2800,2660,3674.96,2024-01-12,2,202.2949981689457,0.6777231634220514,0.1777231634220514,-0.3554463268441028,-14.217853073764113,0,0.23696421789606856,22.10125560007246,22.33821981796853
2024-01-12T02:36:00Z,46.6300010681152,153.399993896484,713.225952148438,2800,2789.43,3499.96,2800,2660,3674.96,2024-01-12,2,200.0299949645992,0.7668849560468786,0.26688495604687856,-0.5337699120937571,-21.350796483750287,0,0.3558466080625048,21.745408992009956,22.10125560007246
2024-01-12T02:37:00Z,49.8979988098145,152,709.097961425781,2800,2789.43,3499.96,2800,2660,3674.96,2024-01-12,2,201.8979988098145,0.7528554066708812,0.25285540667088124,-0.5057108133417625,-20.2284325336705,0,0.3371405422278417,21.408268449782113,21.745408992009956
2024-01-12T02:38:00Z,48.2929916381836,156.399993896484,712.283020019531,2800,2789.43,3499.96,2800,2660,3674.96,2024-01-12,2,204.6929855346676,0.7640710964665445,0.2640710964665445,-0.528142192933089,-21.125687717323558,0,0.35209479528872595,21.05617365449339,21.408268449782113
2024-01-12T02:39:00Z,45.4799880981445,158.199996948242,719.920043945312,2800,2789.43,3499.96,2800,2660,3674.96,2024-01-12,2,203.6799850463865,0.7767086044915665,0.27670860449156653,-0.5534172089831331,-22.136688359325323,0,0.3689448059887554,20.687228848504635,21.05617365449339
2024-01-12T02:40:00Z,40.0469741821289,157.699996948242,723.553039550781,2800,2789.43,3499.96,2800,2660,3674.96,2024-01-12,2,197.7469711303709,0.7974837543492553,0.29748375434925534,-0.5949675086985107,-23.798700347940425,0,0.3966450057990071,20.290583842705626,20.687228848504635
2024-01-12T02:41:00Z,64.9619674682617,131.399993896484,697.0380859375,2800,2789.43,3499.96,2800,2660,3674.96,2024-01-12,2,196.3619613647457,0.6691723436822179,0.1691723436822179,-0.3383446873644358,-13.533787494577432,0,0.22556312490962385,20.065020717796003,20.290583842705626
2024-01-12T02:42:00Z,71.9229736328125,126.300003051758,690.077026367188,2800,2789.43,3499.96,2800,2660,3674.96,2024-01-12,2,198.22297668457048,0.6371612673980649,0.1371612673980649,-0.2743225347961298,-10.972901391845191,0,0.1828816898640865,19.882139027931917,20.065020717796003
2024-01-12T02:43:00Z,72.3309783935547,123.300003051758,689.669006347656,2800,2789.43,3499.96,2800,2660,3674.96,2024-01-12,2,195.6309814453127,0.6302682844037445,0.1302682844037445,-0.260536568807489,-10.42146275229956,0,0.17369104587165932,19.708447982060257,19.882139027931917
2024-01-12T02:44:00Z,119.539985656738,73.6999969482422,642.460021972656,2800,2789.43,3499.96,2800,2660,3674.96,2024-01-12,2,193.23998260498018,0.3813910348920866,-0.11860896510791341,0.23721793021582682,9.488717208633073,0.1581452868105512,0,19.86659326887081,19.708447982060257
2024-01-12T02:45:00Z,143.874984741211,54.8999938964844,617.933044433594,2800,2789.43,3499.96,2800,2660,3674.96,2024-01-12,2,198.7749786376954,0.276191672979877,-0.223808327020123,0.447616654040246,17.90466616160984,0.2984111026934973,0,20.165004371564304,19.86659326887081
2024-01-12T02:46:00Z,147.349990844727,55.8999938964844,612.22900390625,2800,2789.43,3499.96,2800,2660,3674.96,2024-01-12,2,203.2499847412114,0.27503074092556135,-0.22496925907443865,0.4499385181488773,17.99754072595509,0.2999590120992515,0,20.464963383663555,20.165004371564304
2024-01-12T02:47:00Z,110.912994384766,91.1999969482422,648.255004882813,2800,2789.43,3499.96,2800,2660,3674.96,2024-01-12,2,202.1129913330082,0.4512327304976551,-0.04876726950234489,0.09753453900468978,3.901381560187591,0.06502302600312652,0,20.52998640966668,20.464963383663555
2024-01-12T02:48:00Z,55.9689865112305,144.899993896484,703.596069335938,2800,2789.43,3499.96,2800,2660,3674.96,2024-01-12,2,200.8689804077145,0.72136570615519,0.22136570615519002,-0.44273141231038005,-17.7092564924152,0,0.29515427487358664,20.234832134793095,20.52998640966668
2024-01-12T02:49:00Z,83.9969787597656,118.300003051758,674.548095703125,2800,2789.43,3499.96,2800,2660,3674.96,2024-01-12,2,202.2969818115236,0.5847838261965567,0.08478382619655667,-0.16956765239311333,-6.782706095724533,0,0.11304510159540888,20.121787033197688,20.234832134793095
2024-01-12T02:50:00Z,134.184982299805,67.0999984741211,623.195007324219,2800,2789.43,3499.96,2800,2660,3674.96,2024-01-12,2,201.2849807739261,0.3333581979943386,-0.16664180200566142,0.33328360401132284,13.331344160452915,0.22218906934088192,0,20.34397610253857,20.121787033197688
2024-01-12T02:51:00Z,135.588989257813,68.4110107421875,621.47705078125,2800,2789.43,3499.96,2800,2660,3674.96,2024-01-12,2,204.0000000000005,0.3353480918734673,-0.1646519081265327,0.3293038162530654,13.172152650122616,0.2195358775020436,0,20.563511980040612,20.34397610253857
2024-01-12T02:52:00Z,134.423004150391,68.8999938964844,621.544982910156,2800,2789.43,3499.96,2800,2660,3674.96,2024-01-12,2,203.3229980468754,0.33886965349881254,-0.16113034650118746,0.3222606930023749,12.890427720094998,0.2148404620015833,0,20.778352442042195,20.563511980040612
2024-01-12T02:53:00Z,135.319000244141,68.6809921264648,619.487060546875,2800,2789.43,3499.96,2800,2660,3674.96,2024-01-12,2,203.9999923706058,0.33667154262286625,-0.16332845737713375,0.3266569147542675,13.0662765901707,0.217771276502845,0,20.99612371854504,20.778352442042195
2024-01-12T02:54:00Z,138.504989624023,65.495002746582,615.846984863281,2800,2789.43,3499.96,2800,2660,3674.96,2024-01-12,2,203.999992370605,0.3210539470393597,-0.1789460529606403,0.3578921059212806,14.315684236851226,0.23859473728085376,0,21.23471845582589,20.99612371854504
2024-01-12T02:55:00Z,141.451995849609,62.7480049133301,610.099975585937,2800,2789.43,3499.96,2800,2660,3674.96,2024-01-12,2,204.2000007629391,0.30728699646860347,-0.19271300353139653,0.38542600706279306,15.417040282511723,0.2569506713751954,0,21.49166912720109,21.23471845582589
2024-01-12T02:56:00Z,160.283996582031,44.0160026550293,589.9169921875,2800,2789.43,3499.96,2800,2660,3674.96,2024-01-12,2,204.2999992370603,0.21544788457857583,-0.28455211542142417,0.5691042308428483,22.764169233713933,0.3794028205618989,0,21.87107194776299,21.49166912720109
2024-01-12T02:57:00Z,162.799987792969,41.3380241394043,580.569030761719,2800,2789.43,3499.96,2800,2660,3674.96,2024-01-12,2,204.1380119323733,0.20250037583935485,-0.2974996241606451,0.5949992483212903,23.79996993285161,0.3966661655475268,0,22.267738113310514,21.87107194776299
2024-01-12T02:58:00Z,163.299987792969,36.6490135192871,574.348999023437,2800,2789.43,3499.96,2800,2660,3674.96,2024-01-12,2,199.94900131225612,0.18329180580428664,-0.3167081941957134,0.6334163883914268,25.336655535657073,0.42227759226095124,0,22.690015705571465,22.267738113310514
2024-01-12T02:59:00Z,163.600006103516,24.3580131530762,562.058044433594,2800,2789.43,3499.96,2800,2660,3674.96,2024-01-12,2,187.9580192565922,0.12959283806786498,-0.370407161932135,0.74081432386427,29.6325729545708,0.49387621590951336,0,23.183891921480978,22.690015705571465
2024-01-12T03:00:00Z,117.100006103516,62.3530082702637,600.35302734375,2755,2742.77,3443.68,2755,2617.25,3615.86,2024-01-12,3,179.4530143737797,0.34746147055735527,-0.15253852944264473,0.30507705888528946,12.203082355411578,0.20338470592352628,0,23.387276627404503,23.183891921480978
2024-01-12T03:01:00Z,84,106.664031982422,644.6640625,2755,2742.77,3443.68,2755,2617.25,3615.86,2024-01-12,3,190.664031982422,0.5594344715853683,0.0594344715853683,-0.1188689431707366,-4.754757726829464,0,0.0792459621138244,23.30803066529068,23.387276627404503
2024-01-12T03:02:00Z,73.5000076293945,119.784996032715,657.784973144531,2755,2742.77,3443.68,2755,2617.25,3615.86,2024-01-12,3,193.2850036621095,0.6197324870692852,0.11973248706928519,-0.23946497413857037,-9.578598965542815,0,0.15964331609238025,23.1483873491983,23.30803066529068
2024-01-12T03:03:00Z,56.5,142.667022705078,680.6669921875,2755,2742.77,3443.68,2755,2617.25,3615.86,2024-01-12,3,199.167022705078,0.7163184987523566,0.21631849875235665,-0.4326369975047133,-17.30547990018853,0,0.2884246650031422,22.859962684195157,23.1483873491983
2024-01-12T03:04:00Z,57.0999984741211,143.68701171875,682.117004394531,2755,2742.77,3443.68,2755,2617.25,3615.86,2024-01-12,3,200.7870101928711,0.7156190611171896,0.21561906111718965,-0.4312381222343793,-17.249524889375174,0,0.2874920814895862,22.57247060270557,22.859962684195157
2024-01-12T03:05:00Z,70.0919952392578,133.908004760742,673.325073242188,2755,2742.77,3443.68,2755,2617.25,3615.86,2024-01-12,3,203.99999999999977,0.6564117880428536,0.1564117880428536,-0.3128235760857072,-12.512943043428288,0,0.2085490507238048,22.36392155198177,22.57247060270557
2024-01-12T03:06:00Z,88.1999969482422,115.32300567627,655.054016113281,2755,2742.77,3443.68,2755,2617.25,3615.86,2024-01-12,3,203.5230026245122,0.5666337671375361,0.0666337671375361,-0.1332675342750722,-5.330701371002888,0,0.08884502285004814,22.27507652913172,22.36392155198177
2024-01-12T03:07:00Z,79.6999969482422,123.842010498047,665.83203125,2755,2742.77,3443.68,2755,2617.25,3615.86,2024-01-12,3,203.5420074462892,0.6084346521477957,0.10843465214779568,-0.21686930429559137,-8.674772171823655,0,0.1445795361970609,22.13049699293466,22.27507652913172
2024-01-12T03:08:00Z,74.806999206543,129.192993164062,671.472961425781,2755,2742.77,3443.68,2755,2617.25,3615.86,2024-01-12,3,203.99999237060499,0.6332990097830897,0.13329900978308973,-0.26659801956617946,-10.663920782647178,0,0.17773201304411965,21.95276497989054,22.13049699293466
2024-01-12T03:09:00Z,75.8510055541992,128.148986816406,670.8310546875,2755,2742.77,3443.68,2755,2617.25,3615.86,2024-01-12,3,203.99999237060518,0.6281813314169088,0.1281813314169088,-0.2563626628338176,-10.254506513352704,0,0.17090844188921173,21.78185653800133,21.95276497989054
2024-01-12T03:10:00Z,52.6499900817871,152.150009155273,697.391967773437,2755,2742.77,3443.68,2755,2617.25,3615.86,2024-01-12,3,204.79999923706012,0.7429199693460756,0.24291996934607563,-0.48583993869215125,-19.43359754768605,0,0.3238932924614341,21.457963245539894,21.78185653800133
2024-01-12T03:11:00Z,53.4789962768555,153.421005249023,699.545043945313,2755,2742.77,3443.68,2755,2617.25,3615.86,2024-01-12,3,206.9000015258785,0.7415224945265818,0.2415224945265818,-0.4830449890531636,-19.321799562126543,0,0.322029992702109,21.135933252837784,21.457963245539894
2024-01-12T03:12:00Z,76.9619979858398,127.037994384766,673.723022460938,2755,2742.77,3443.68,2755,2617.25,3615.86,2024-01-12,3,203.9999923706058,0.6227352898816617,0.12273528988166171,-0.24547057976332343,-9.818823190532937,0,0.16364705317554895,20.972286199662236,21.135933252837784
2024-01-12T03:13:00Z,114.554992675781,89.4449996948242,636.204040527344,2755,2742.77,3443.68,2755,2617.25,3615.86,2024-01-12,3,203.99999237060518,0.43845589725479095,-0.06154410274520905,0.1230882054904181,4.923528219616724,0.08205880366027873,0,21.054345003322513,20.972286199662236
2024-01-12T03:14:00Z,161.458984375,42.5410079956055,585.284057617188,2755,2742.77,3443.68,2755,2617.25,3615.86,2024-01-12,3,203.9999923706055,0.2085343607186098,-0.2914656392813902,0.5829312785627804,23.317251142511214,0.3886208523751869,0,21.4429658556977,21.054345003322513
2024-01-12T03:15:00Z,163.899993896484,31.9370307922363,569.837036132813,2755,2742.77,3443.68,2755,2617.25,3615.86,2024-01-12,3,195.8370246887203,0.16307963646302162,-0.3369203635369784,0.6738407270739568,26.953629082958273,0.44922715138263786,0,21.892193007080337,21.4429658556977
2024-01-12T03:16:00Z,164.100006103516,21.3690223693848,558.968994140625,2755,2742.77,3443.68,2755,2617.25,3615.86,2024-01-12,3,185.4690284729008,0.1152161228498971,-0.38478387715010287,0.7695677543002057,30.78271017200823,0.5130451695334705,0,22.405238176613807,21.892193007080337
2024-01-12T03:17:00Z,163.699996948242,12.3680171966553,550.168029785156,2755,2742.77,3443.68,2755,2617.25,3615.86,2024-01-12,3,176.0680141448973,0.07024567895947807,-0.4297543210405219,0.8595086420810438,34.38034568324176,0.5730057613873626,0,22.97824393800117,22.405238176613807
2024-01-12T03:18:00Z,163.600006103516,14.3600120544434,552.359985351563,2755,2742.77,3443.68,2755,2617.25,3615.86,2024-01-12,3,177.96001815795938,0.08069234990579337,-0.4193076500942066,0.8386153001884132,33.54461200753653,0.5590768667922755,0,23.537320804793445,22.97824393800117
2024-01-12T03:19:00Z,164.300003051758,7.15801620483398,544.558044433594,2755,2742.77,3443.68,2755,2617.25,3615.86,2024-01-12,3,171.458019256592,0.041747923111848134,-0.45825207688815184,0.9165041537763037,36.660166151052145,0.6110027691842024,0,24.14832357397765,23.537320804793445
2024-01-12T03:20:00Z,163.599990844727,2.12100601196289,538.72802734375,2755,2742.77,3443.68,2755,2617.25,3615.86,2024-01-12,3,165.72099685668988,0.012798655886659112,-0.4872013441133409,0.9744026882266817,38.97610752906727,0.6496017921511211,0,24.79792536612877,24.14832357397765
2024-01-12T03:21:00Z,163.199996948242,4.73801422119141,541.580078125,2755,2742.77,3443.68,2755,2617.25,3615.86,2024-01-12,3,167.9380111694334,0.028212875621179093,-0.4717871243788209,0.9435742487576418,37.74296995030567,0.6290494991717612,0,25.42697486530053,24.79792536612877
2024-01-12T03:22:00Z,163.5,0.499996185302734,536.806030273438,2755,2742.77,3443.68,2755,2617.25,3615.86,2024-01-12,3,163.99999618530273,0.0030487572983708545,-0.49695124270162916,0.9939024854032583,39.75609941613033,0.6626016569355055,0,26.089576522236037,25.42697486530053
2024-01-12T03:23:00Z,163.700012207031,2.10201263427734,539.901977539063,2755,2742.77,3443.68,2755,2617.25,3615.86,2024-01-12,3,165.80202484130834,0.012677846584136766,-0.4873221534158632,0.9746443068317264,38.985772273269056,0.649762871221151,0,26.739339393457186,26.089576522236037
2024-01-12T03:24:00Z,164,3.54101181030273,541.240966796875,2755,2742.77,3443.68,2755,2617.25,3615.86,2024-01-12,3,167.54101181030273,0.02113519413570224,-0.47886480586429775,0.9577296117285955,38.30918446914382,0.6384864078190637,0,27.37782580127625,26.739339393457186
2024-01-12T03:25:00Z,164,1.36800765991211,537.609008789063,2755,2742.77,3443.68,2755,2617.25,3615.86,2024-01-12,3,165.3680076599121,0.008272504937747626,-0.4917274950622524,0.9834549901245048,39.33819960498019,0.6556366600830031,0,28.033462461359253,27.37782580127625
2024-01-12T03:26:00Z,163.599990844727,3.50500869750977,541.505004882813,2755,2742.77,3443.68,2755,2617.25,3615.86,2024-01-12,3,167.10499954223675,0.02097488828647439,-0.47902511171352563,0.9580502234270513,38.32200893708205,0.6387001489513675,0,28.67216261031062,28.033462461359253
2024-01-12T03:27:00Z,163.5,6.53702163696289,544.536987304688,2755,2742.77,3443.68,2755,2617.25,3615.86,2024-01-12,3,170.0370216369629,0.03844469618457409,-0.4615553038154259,0.9231106076308518,36.924424305234076,0.6154070717539013,0,29.28756968206452,28.67216261031062
2024-01-12T03:28:00Z,160.300003051758,10.8670063018799,548.867004394531,2755,2742.77,3443.68,2755,2617.25,3615.86,2024-01-12,3,171.16700935363792,0.06348773833763859,-0.4365122616623614,0.8730245233247228,34.92098093298891,0.5820163488831486,0,29.86958603094767,29.28756968206452
2024-01-12T03:29:00Z,145,27.6210174560547,565.621032714844,2755,2742.77,3443.68,2755,2617.25,3615.86,2024-01-12,3,172.6210174560547,0.16000958552504405,-0.3399904144749559,0.6799808289499119,27.199233157996474,0.4533205526332746,0,30.322906583580945,29.86958603094767
2024-01-12T03:30:00Z,136.699996948242,43.3980102539063,581.398010253906,2755,2742.77,3443.68,2755,2617.25,3615.86,2024-01-12,3,180.0980072021483,0.24096885317112285,-0.2590311468288772,0.5180622936577544,20.722491746310176,0.34537486243850296,0,30.66828144601945,30.322906583580945
2024-01-12T03:31:00Z,122.300003051758,59.650016784668,597.650024414062,2755,2742.77,3443.68,2755,2617.25,3615.86,2024-01-12,3,181.950019836426,0.32783737445202626,-0.17216262554797374,0.34432525109594747,13.7730100438379,0.22955016739729833,0,30.89783161341675,30.66828144601945
2024-01-12T03:32:00Z,92,94.1370162963867,632.137023925781,2755,2742.77,3443.68,2755,2617.25,3615.86,2024-01-12,3,186.13701629638672,0.5057404387878011,0.005740438787801061,-0.011480877575602122,-0.4592351030240849,0,0.007653918383734748,30.890177695033014,30.89783161341675
2024-01-12T03:33:00Z,84.5999984741211,105.841018676758,643.841003417969,2755,2742.77,3443.68,2755,2617.25,3615.86,2024-01-12,3,190.44101715087908,0.5557679761440479,0.05576797614404794,-0.11153595228809587,-4.461438091523835,0,0.07435730152539725,30.815820393507618,30.890177695033014
2024-01-12T03:34:00Z,73.9000015258789,117.597007751465,655.597045898438,2755,2742.77,3443.68,2755,2617.25,3615.86,2024-01-12,3,191.49700927734392,0.6140931819000368,0.11409318190003681,-0.22818636380007362,-9.127454552002945,0,0.15212424253338241,30.663696150974236,30.815820393507618
2024-01-12T03:35:00Z,48.4000015258789,153.677001953125,691.677001953125,2755,2742.77,3443.68,2755,2617.25,3615.86,2024-01-12,3,202.0770034790039,0.7604873355571717,0.26048733555717174,-0.5209746711143435,-20.83898684457374,0,0.3473164474095623,30.316379703564674,30.663696150974236
2024-01-12T03:36:00Z,48.4999847412109,157.300018310547,697.200988769531,2755,2742.77,3443.68,2755,2617.25,3615.86,2024-01-12,3,205.8000030517579,0.7643343827890354,0.2643343827890354,-0.5286687655780709,-21.146750623122834,0,0.3524458437187139,29.96393385984596,30.316379703564674
2024-01-12T03:37:00Z,72.6299896240234,131.369995117188,673.791015625,2755,2742.77,3443.68,2755,2617.25,3615.86,2024-01-12,3,203.9999847412114,0.6439706124676444,0.14397061246764442,-0.28794122493528884,-11.517648997411554,0,0.1919608166235259,29.771973043222435,29.96393385984596
2024-01-12T03:38:00Z,93.5659942626953,110.43399810791,654.614013671875,2755,2742.77,3443.68,2755,2617.25,3615.86,2024-01-12,3,203.9999923706053,0.5413431482256399,0.04134314822563989,-0.08268629645127978,-3.3074518580511914,0,0.05512419763418652,29.71684884558825,29.771973043222435
2024-01-12T03:39:00Z,99.254997253418,104.744995117188,649.213989257813,2755,2742.77,3443.68,2755,2617.25,3615.86,2024-01-12,3,203.99999237060598,0.5134558776203196,0.013455877620319634,-0.026911755240639268,-1.0764702096255707,0,0.01794117016042618,29.698907675427822,29.71684884558825
2024-01-12T03:40:00Z,100.871994018555,103.128005981445,648.066040039063,2755,2742.77,3443.68,2755,2617.25,3615.86,2024-01-12,3,204,0.5055294410855147,0.005529441085514675,-0.01105888217102935,-0.442355286841174,0,0.007372588114019567,29.691535087313802,29.698907675427822
2024-01-12T03:41:00Z,106.400001525879,97.2710037231445,641.497985839844,2755,2742.77,3443.68,2755,2617.25,3615.86,2024-01-12,3,203.6710052490235,0.4775888625099761,-0.02241113749002388,0.04482227498004776,1.7928909992019104,0.029881516653365175,0,29.721416603967167,29.691535087313802
2024-01-12T03:42:00Z,108.282997131348,95.7169952392578,638.85400390625,2755,2742.77,3443.68,2755,2617.25,3615.86,2024-01-12,3,203.9999923706058,0.4692009746028284,-0.03079902539717161,0.06159805079434322,2.4639220317737287,0.04106536719622881,0,29.762481971163396,29.721416603967167
2024-01-12T03:43:00Z,112.247985839844,91.7520065307617,633.558044433594,2755,2742.77,3443.68,2755,2617.25,3615.86,2024-01-12,3,203.9999923706057,0.449764754716639,-0.050235245283360985,0.10047049056672197,4.018819622668879,0.06698032704448131,0,29.82946229820788,29.762481971163396
2024-01-12T03:44:00Z,154.921997070313,49.0780029296875,589.412048339844,2755,2742.77,3443.68,2755,2617.25,3615.86,2024-01-12,3,204.0000000000005,0.24057844573376166,-0.25942155426623836,0.5188431085324767,20.75372434129907,0.34589540568831784,0,30.175357703896196,29.82946229820788
2024-01-12T03:45:00Z,157.899993896484,40.6880187988281,578.68798828125,2755,2742.77,3443.68,2755,2617.25,3615.86,2024-01-12,3,198.5880126953121,0.204886580245176,-0.29511341975482397,0.5902268395096479,23.609073580385918,0.39348455967309864,0,30.568842263569294,30.175357703896196
2024-01-12T03:46:00Z,156.700012207031,36.3910140991211,574.390991210938,2755,2742.77,3443.68,2755,2617.25,3615.86,2024-01-12,3,193.0910263061521,0.1884655894957126,-0.31153441050428743,0.6230688210085749,24.922752840342994,0.4153792140057166,0,30.984221477575012,30.568842263569294
2024-01-12T03:47:00Z,124,71.3520126342773,609.351989746094,2755,2742.77,3443.68,2755,2617.25,3615.86,2024-01-12,3,195.3520126342773,0.3652484132214033,-0.13475158677859672,0.26950317355719344,10.780126942287737,0.17966878237146228,0,31.163890259946474,30.984221477575012
2024-01-12T03:48:00Z,155.199996948242,33.3690185546875,571.369018554688,2755,2742.77,3443.68,2755,2617.25,3615.86,2024-01-12,3,188.5690155029295,0.17695918104938665,-0.3230408189506133,0.6460816379012266,25.843265516049065,0.4307210919341511,0,31.594611351880623,31.163890259946474
2024-01-12T03:49:00Z,153.199996948242,38.452018737793,576.452026367188,2755,2742.77,3443.68,2755,2617.25,3615.86,2024-01-12,3,191.65201568603499,0.20063456468303068,-0.29936543531696935,0.5987308706339387,23.94923482535755,0.39915391375595916,0,31.993765265636583,31.594611351880623
2024-01-12T03:50:00Z,151.300003051758,39.6440200805664,577.64404296875,2755,2742.77,3443.68,2755,2617.25,3615.86,2024-01-12,3,190.94402313232442,0.20762116263305633,-0.2923788373669437,0.5847576747338874,23.390306989355494,0.3898384498225916,0,32.383603715459174,31.993765265636583
2024-01-12T03:51:00Z,127.900001525879,68.2660217285156,606.265991210937,2755,2742.77,3443.68,2755,2617.25,3615.86,2024-01-12,3,196.1660232543946,0.34800125218415606,-0.15199874781584394,0.3039974956316879,12.159899825267516,0.20266499708779193,0,32.58626871254697,32.383603715459174
2024-01-12T03:52:00Z,136.699996948242,57.1800308227539,595.180053710938,2755,2742.77,3443.68,2755,2617.25,3615.86,2024-01-12,3,193.8800277709959,0.2949248124221072,-0.20507518757789278,0.41015037515578556,16.40601500623142,0.2734335834371903,0,32.85970229598416,32.58626871254697
2024-01-12T03:53:00Z,137.5,57.3810119628906,595.381042480469,2755,2742.77,3443.68,2755,2617.25,3615.86,2024-01-12,3,194.8810119628906,0.29444126641654106,-0.20555873358345894,0.4111174671669179,16.444698686676716,0.2740783114446119,0,33.13378060742877,32.85970229598416
2024-01-12T03:54:00Z,99.1000061035156,97.8679962158203,635.868041992187,2755,2742.77,3443.68,2755,2617.25,3615.86,2024-01-12,3,196.96800231933588,0.4968725633778377,-0.003127436622162305,0.00625487324432461,0.2501949297729844,0.004169915496216407,0,33.13795052292498,33.13378060742877
2024-01-12T03:55:00Z,118.900009155273,79.2400054931641,617.239990234375,2755,2742.77,3443.68,2755,2617.25,3615.86,2024-01-12,3,198.1400146484371,0.3999192471735751,-0.10008075282642492,0.20016150565284985,8.006460226113994,0.13344100376856657,0,33.27139152669355,33.13795052292498
2024-01-12T03:56:00Z,128.5,69.598014831543,607.598022460938,2755,2742.77,3443.68,2755,2617.25,3615.86,2024-01-12,3,198.098014831543,0.35133120789083727,-0.14866879210916273,0.29733758421832546,11.893503368733018,0.1982250561455503,0,33.4696165828391,33.27139152669355
2024-01-12T03:57:00Z,155.199996948242,35.7510223388672,573.751037597656,2755,2742.77,3443.68,2755,2617.25,3615.86,2024-01-12,3,190.9510192871092,0.18722614035965346,-0.31277385964034654,0.6255477192806931,25.02190877122772,0.41703181285379537,0,33.886648395692895,33.4696165828391
2024-01-12T03:58:00Z,160.199996948242,29.0040168762207,567.004028320313,2755,2742.77,3443.68,2755,2617.25,3615.86,2024-01-12,3,189.2040138244627,0.15329493434071478,-0.3467050656592852,0.6934101313185704,27.736405252742816,0.46227342087904694,0,34.348921816571945,33.886648395692895
2024-01-12T03:59:00Z,161.399993896484,21.8170166015625,559.817016601562,2755,2742.77,3443.68,2755,2617.25,3615.86,2024-01-12,3,183.2170104980465,0.11907746197941112,-0.3809225380205889,0.7618450760411778,30.473803041647113,0.5078967173607852,0,34.85681853393273,34.348921816571945
2024-01-12T04:00:00Z,155.5,20.5920162200928,558.592041015625,2755,2742.88,3443.73,2755,2617.25,3615.92,2024-01-12,4,176.0920162200928,0.11693895420196324,-0.3830610457980368,0.7661220915960736,30.644883663842943,0.510748061064049,0,35.36756659499678,34.85681853393273
2024-01-12T04:01:00Z,134.300003051758,48.1170196533203,586.117065429687,2755,2742.88,3443.73,2755,2617.25,3615.92,2024-01-12,4,182.4170227050783,0.2637748327419707,-0.23622516725802928,0.47245033451605856,18.898013380642343,0.3149668896773724,0,35.68253348467415,35.36756659499678
2024-01-12T04:02:00Z,99.1999969482422,85.0680160522461,623.067993164063,2755,2742.88,3443.73,2755,2617.25,3615.92,2024-01-12,4,184.26801300048828,0.4616537328810328,-0.038346267118967214,0.07669253423793443,3.067701369517377,0.051128356158622955,0,35.733661840832774,35.68253348467415
2024-01-12T04:03:00Z,125.699996948242,54.2400207519531,592.239990234375,2755,2742.88,3443.73,2755,2617.25,3615.92,2024-01-12,4,179.94001770019509,0.30143389694628386,-0.19856610305371614,0.3971322061074323,15.885288244297291,0.2647548040716215,0,35.998416644904395,35.733661840832774
2024-01-12T04:04:00Z,163.199996948242,23.501012802124,561.501037597656,2755,2742.88,3443.73,2755,2617.25,3615.92,2024-01-12,4,186.70100975036598,0.12587512426176328,-0.3741248757382367,0.7482497514764734,29.929990059058937,0.4988331676509823,0,36.49724981255538,35.998416644904395
2024-01-12T04:05:00Z,164.200012207031,8.70901107788086,546.208984375,2755,2742.88,3443.73,2755,2617.25,3615.92,2024-01-12,4,172.90902328491185,0.050367591652695505,-0.4496324083473045,0.899264816694609,35.97059266778436,0.599509877796406,0,37.09675969035179,36.49724981255538
2024-01-12T04:06:00Z,158.800003051758,15.0090141296387,553.009033203125,2755,2742.88,3443.73,2755,2617.25,3615.92,2024-01-12,4,173.8090171813967,0.08635348368591522,-0.4136465163140848,0.8272930326281696,33.09172130512678,0.5515286884187797,0,37.648288378770566,37.09675969035179
2024-01-12T04:07:00Z,156.199996948242,17.4740161895752,555.473999023438,2755,2742.88,3443.73,2755,2617.25,3615.92,2024-01-12,4,173.67401313781718,0.10061387926649036,-0.39938612073350965,0.7987722414670193,31.950889658680772,0.5325148276446795,0,38.18080320641525,37.648288378770566
2024-01-12T04:08:00Z,143.699996948242,32.4330177307129,570.433044433594,2755,2742.88,3443.73,2755,2617.25,3615.92,2024-01-12,4,176.13301467895488,0.18413934372173177,-0.3158606562782682,0.6317213125565364,25.268852502261456,0.4211475417043576,0,38.601950748119606,38.18080320641525
2024-01-12T04:09:00Z,130.300003051758,50.3910179138184,588.391052246094,2755,2742.88,3443.73,2755,2617.25,3615.92,2024-01-12,4,180.6910209655764,0.278879479702638,-0.221120520297362,0.442241040594724,17.68964162378896,0.2948273603964827,0,38.89677810851609,38.601950748119606
2024-01-12T04:10:00Z,129.300003051758,46.3580131530762,584.358032226563,2755,2742.88,3443.73,2755,2617.25,3615.92,2024-01-12,4,175.6580162048342,0.2639106039944017,-0.2360893960055983,0.4721787920111966,18.887151680447865,0.3147858613407977,0,39.21156396985688,38.89677810851609
2024-01-12T04:11:00Z,142.700012207031,31.4430065155029,569.442993164063,2755,2742.88,3443.73,2755,2617.25,3615.92,2024-01-12,4,174.1430187225339,0.18055852451714857,-0.3194414754828514,0.6388829509657028,25.555318038628112,0.42592196731046855,0,39.63748593716735,39.21156396985688
2024-01-12T04:12:00Z,162.399993896484,6.51301574707031,544.313049316406,2755,2742.88,3443.73,2755,2617.25,3615.92,2024-01-12,4,168.91300964355432,0.038558402107773025,-0.461441597892227,0.922883195784454,36.91532783137816,0.6152554638563026,0,40.25274140102365,39.63748593716735
2024-01-12T04:13:00Z,160.100006103516,7.40200996398926,544.913024902344,2755,2742.88,3443.73,2755,2617.25,3615.92,2024-01-12,4,167.50201606750525,0.044190572374998544,-0.45580942762500143,0.9116188552500029,36.464754210000116,0.6077459035000019,0,40.86048730452365,40.25274140102365
2024-01-12T04:14:00Z,154.199996948242,14.7610130310059,552.760986328125,2755,2742.88,3443.73,2755,2617.25,3615.92,2024-01-12,4,168.96100997924788,0.08736342800518816,-0.41263657199481185,0.8252731439896237,33.01092575958495,0.5501820959930825,0,41.41066940051673,40.86048730452365
2024-01-12T04:15:00Z,158.5,10.2620239257813,548.262023925781,2755,2742.88,3443.73,2755,2617.25,3615.92,2024-01-12,4,168.7620239257813,0.060807660912471424,-0.4391923390875286,0.8783846781750572,35.13538712700229,0.5855897854500381,0,41.99625918596677,41.41066940051673
2024-01-12T04:16:00Z,161.100006103516,8.76800918579102,546.768005371094,2755,2742.88,3443.73,2755,2617.25,3615.92,2024-01-12,4,169.868015289307,0.05161659875084768,-0.4483834012491523,0.8967668024983046,35.870672099932186,0.5978445349988698,0,42.59410372096564,41.99625918596677
2024-01-12T04:17:00Z,162.799987792969,7.83100891113281,545.830993652344,2755,2742.88,3443.73,2755,2617.25,3615.92,2024-01-12,4,170.63099670410182,0.04589440993955443,-0.4541055900604456,0.9082111801208912,36.32844720483565,0.6054741200805941,0,43.199577841046235,42.59410372096564
2024-01-12T04:18:00Z,162.700012207031,5.43601226806641,543.43603515625,2755,2742.88,3443.73,2755,2617.25,3615.92,2024-01-12,4,168.1360244750974,0.032331038425804676,-0.46766896157419535,0.9353379231483907,37.413516925935625,0.6235586154322604,0,43.823136456478494,43.199577841046235
2024-01-12T04:19:00Z,162.299987792969,5.29401588439941,543.294067382813,2755,2742.88,3443.73,2755,2617.25,3615.92,2024-01-12,4,167.59400367736842,0.031588337101790376,-0.4684116628982096,0.9368233257964192,37.47293303185677,0.6245488838642795,0,44.44768534034277,43.823136456478494
2024-01-12T04:20:00Z,162.200012207031,5.47400665283203,543.184020996094,2755,2742.88,3443.73,2755,2617.25,3615.92,2024-01-12,4,167.67401885986303,0.032646719450358276,-0.4673532805496417,0.9347065610992834,37.388262443971335,0.6231377073995222,0,45.070823047742294,44.44768534034277
2024-01-12T04:21:00Z,162.5,2.76600646972656,537.369018554688,2755,2742.88,3443.73,2755,2617.25,3615.92,2024-01-12,4,165.26600646972656,0.016736693339493486,-0.48326330666050654,0.9665266133210131,38.66106453284053,0.6443510755473422,0,45.715174123289636,45.070823047742294
2024-01-12T04:22:00Z,162.900009155273,1.33600234985352,537.960021972656,2755,2742.88,3443.73,2755,2617.25,3615.92,2024-01-12,4,164.23601150512653,0.008134649262423287,-0.4918653507375767,0.9837307014751534,39.34922805900614,0.6558204676501023,0,46.37099459093974,45.715174123289636
2024-01-12T04:23:00Z,162.699996948242,3.90201950073242,541.902038574219,2755,2742.88,3443.73,2755,2617.25,3615.92,2024-01-12,4,166.6020164489744,0.02342120211928828,-0.4765787978807117,0.9531575957614234,38.12630383045694,0.6354383971742823,0,47.00643298811402,46.37099459093974
2024-01-12T04:24:00Z,162.699996948242,3.7450065612793,541.545043945313,2755,2742.88,3443.73,2755,2617.25,3615.92,2024-01-12,4,166.44500350952129,0.02249996384580611,-0.4775000361541939,0.9550000723083878,38.20000289233551,0.6366667148722586,0,47.64309970298628,47.00643298811402
2024-01-12T04:25:00Z,162.300003051758,3.2030086517334,539.723022460938,2755,2742.88,3443.73,2755,2617.25,3615.92,2024-01-12,4,165.5030117034914,0.019353174415168848,-0.48064682558483113,0.9612936511696623,38.45174604678649,0.6408624341131082,0,48.28396213709939,47.64309970298628
2024-01-12T04:26:00Z,162.399993896484,3.94600486755371,538.789001464844,2755,2742.88,3443.73,2755,2617.25,3615.92,2024-01-12,4,166.34599876403772,0.023721669874074515,-0.47627833012592546,0.9525566602518509,38.10226641007404,0.6350377735012339,0,48.91899991060062,48.28396213709939
2024-01-12T04:27:00Z,162.899993896484,3.98600006103516,540.551025390625,2755,2742.88,3443.73,2755,2617.25,3615.92,2024-01-12,4,166.88599395751916,0.023884569139156136,-0.47611543086084385,0.9522308617216877,38.08923446886751,0.6348205744811252,0,49.553820485081744,48.91899991060062
2024-01-12T04:28:00Z,162.899993896484,2.04799652099609,539.090026855469,2755,2742.88,3443.73,2755,2617.25,3615.92,2024-01-12,4,164.9479904174801,0.012416013773872914,-0.4875839862261271,0.9751679724522542,39.00671889809017,0.6501119816348362,0,50.20393246671658,49.553820485081744
2024-01-12T04:29:00Z,163.200012207031,1.81201171875,536.327026367188,2755,2742.88,3443.73,2755,2617.25,3615.92,2024-01-12,4,165.012023925781,0.010981088987581933,-0.48901891101241807,0.9780378220248361,39.12151288099344,0.652025214683224,0,50.8559576813998,50.20393246671658
2024-01-12T04:30:00Z,162.399993896484,2.58199501037598,539.677001953125,2755,2742.88,3443.73,2755,2617.25,3615.92,2024-01-12,4,164.98198890685998,0.0156501629510215,-0.4843498370489785,0.968699674097957,38.74798696391828,0.6457997827319714,0,51.50175746413177,50.8559576813998
2024-01-12T04:31:00Z,162.800003051758,2.9790153503418,540.97900390625,2755,2742.88,3443.73,2755,2617.25,3615.92,2024-01-12,4,165.7790184020998,0.01796979725815572,-0.48203020274184427,0.9640604054836885,38.56241621934754,0.6427069369891256,0,52.1444644011209,51.50175746413177
2024-01-12T04:32:00Z,163.300003051758,3.26001358032227,541.260009765625,2755,2742.88,3443.73,2755,2617.25,3615.92,2024-01-12,4,166.56001663208028,0.0195726059965725,-0.4804273940034275,0.960854788006855,38.4341915202742,0.6405698586712366,0,52.785034259792134,52.1444644011209
2024-01-12T04:33:00Z,163,2.73200607299805,540.731994628906,2755,2742.88,3443.73,2755,2617.25,3615.92,2024-01-12,4,165.73200607299805,0.016484480805685264,-0.48351551919431474,0.9670310383886295,38.681241535545176,0.6446873589257529,0,53.429721618717885,52.785034259792134
2024-01-12T04:34:00Z,162.5,3.98202514648438,541.981994628906,2755,2742.88,3443.73,2755,2617.25,3615.92,2024-01-12,4,166.48202514648438,0.023918649133326385,-0.47608135086667364,0.9521627017333473,38.08650806933389,0.6347751344888981,0,54.06449675320678,53.429721618717885
2024-01-12T04:35:00Z,162.600006103516,2.82601547241211,540.824035644531,2755,2742.88,3443.73,2755,2617.25,3615.92,2024-01-12,4,165.4260215759281,0.017083258398467926,-0.4829167416015321,0.9658334832030642,38.63333932812257,0.6438889888020428,0,54.70838574200882,54.06449675320678
2024-01-12T04:36:00Z,162.5,4.40200996398926,542.402038574219,2755,2742.88,3443.73,2755,2617.25,3615.92,2024-01-12,4,166.90200996398926,0.026374816965589788,-0.4736251830344102,0.9472503660688204,37.89001464275282,0.6315002440458802,0,55.3398859860547,54.70838574200882
2024-01-12T04:37:00Z,162.900009155273,3.6450080871582,541.64501953125,2755,2742.88,3443.73,2755,2617.25,3615.92,2024-01-12,4,166.54501724243121,0.021886023055570285,-0.4781139769444297,0.9562279538888594,38.24911815555438,0.637485302592573,0,55.97737128864728,55.3398859860547
2024-01-12T04:38:00Z,163.699996948242,3.19901657104492,539.786987304687,2755,2742.88,3443.73,2755,2617.25,3615.92,2024-01-12,4,166.8990135192869,0.019167378545800935,-0.4808326214541991,0.9616652429083982,38.466609716335924,0.6411101619389321,0,56.61848145058621,55.97737128864728
2024-01-12T04:39:00Z,162.5,1.49999618530273,538.025024414063,2755,2742.88,3443.73,2755,2617.25,3615.92,2024-01-12,4,163.99999618530273,0.009146318415811986,-0.490853681584188,0.981707363168376,39.26829452673504,0.654471575445584,0,57.27295302603179,56.61848145058621
2024-01-12T04:40:00Z,163.100006103516,1.41200256347656,538.879028320313,2755,2742.88,3443.73,2755,2617.25,3615.92,2024-01-12,4,164.51200866699256,0.008582975643648938,-0.49141702435635104,0.9828340487127021,39.31336194850808,0.6552226991418013,0,57.928175725173595,57.27295302603179
2024-01-12T04:41:00Z,162.800003051758,3.70800971984863,541.7080078125,2755,2742.88,3443.73,2755,2617.25,3615.92,2024-01-12,4,166.50801277160664,0.022269256945218488,-0.4777307430547815,0.955461486109563,38.218459444382525,0.6369743240730421,0,58.56515004924664,57.928175725173595
2024-01-12T04:42:00Z,163.5,1.35001373291016,537.648010253906,2755,2742.88,3443.73,2755,2617.25,3615.92,2024-01-12,4,164.85001373291016,0.008189345589606387,-0.4918106544103936,0.9836213088207872,39.34485235283149,0.6557475392138581,0,59.220897588460495,58.56515004924664
2024-01-12T04:43:00Z,162.399993896484,4.36200523376465,539.967041015625,2755,2742.88,3443.73,2755,2617.25,3615.92,2024-01-12,4,166.76199913024865,0.026157069695223113,-0.47384293030477687,0.9476858606095537,37.907434424382146,0.6317905737397024,0,59.852688162200195,59.220897588460495
2024-01-12T04:44:00Z,162.5,2.74900817871094,540.459045410156,2755,2742.88,3443.73,2755,2617.25,3615.92,2024-01-12,4,165.24900817871094,0.01663555024631667,-0.4833644497536833,0.9667288995073666,38.66915598029466,0.644485933004911,0,60.497174095205104,59.852688162200195
2024-01-12T04:45:00Z,162.800003051758,2.656005859375,539.617980957031,2755,2742.88,3443.73,2755,2617.25,3615.92,2024-01-12,4,165.456008911133,0.016052640679865244,-0.4839473593201348,0.9678947186402695,38.71578874561078,0.6452631457601796,0,61.142437240965286,60.497174095205104
2024-01-12T04:46:00Z,162.799987792969,2.64100646972656,540.067993164063,2755,2742.88,3443.73,2755,2617.25,3615.92,2024-01-12,4,165.44099426269557,0.015963434464937004,-0.484036565535063,0.968073131070126,38.72292524280504,0.645382087380084,0,61.78781932834537,61.142437240965286
2024-01-12T04:47:00Z,160.200012207031,9.79301452636719,547.793029785156,2755,2742.88,3443.73,2755,2617.25,3615.92,2024-01-12,4,169.99302673339818,0.05760833085068645,-0.44239166914931355,0.8847833382986271,35.39133353194509,0.5898555588657515,0,62.37767488721112,61.78781932834537
2024-01-12T04:48:00Z,159.299987792969,9.25100708007813,547.251037597656,2755,2742.88,3443.73,2755,2617.25,3615.92,2024-01-12,4,168.55099487304713,0.05488550860851343,-0.44511449139148657,0.8902289827829731,35.609159311318926,0.5934859885219821,0,62.971160875733105,62.37767488721112
2024-01-12T04:49:00Z,160,5.62702178955078,543.627014160156,2755,2742.88,3443.73,2755,2617.25,3615.92,2024-01-12,4,165.62702178955078,0.033974056459824493,-0.4660259435401755,0.932051887080351,37.282075483214044,0.621367924720234,0,63.59252880045334,62.971160875733105
2024-01-12T04:50:00Z,163.799987792969,0.859003067016602,537.293029785156,2755,2742.88,3443.73,2755,2617.25,3615.92,2024-01-12,4,164.6589908599856,0.005216860995747494,-0.4947831390042525,0.989566278008505,39.5826511203402,0.65971085200567,0,64.25223965245901,63.59252880045334
2024-01-12T04:51:00Z,151.800003051758,16.2740097045898,554.273986816406,2755,2742.88,3443.73,2755,2617.25,3615.92,2024-01-12,4,168.07401275634783,0.09682644828728981,-0.4031735517127102,0.8063471034254204,32.25388413701681,0.5375647356169468,0,64.78980438807596,64.25223965245901
2024-01-12T04:52:00Z,159.700012207031,9.70101547241211,547.501037597656,2755,2742.88,3443.73,2755,2617.25,3615.92,2024-01-12,4,169.4010276794431,0.0572665680090755,-0.4427334319909245,0.885466863981849,35.41867455927396,0.590311242654566,0,65.38011563073053,64.78980438807596
2024-01-12T04:53:00Z,163.899993896484,2.33501815795898,539.934997558594,2755,2742.88,3443.73,2755,2617.25,3615.92,2024-01-12,4,166.235012054443,0.014046488336610142,-0.48595351166338985,0.9719070233267797,38.876280933071186,0.6479380155511865,0,66.02805364628172,65.38011563073053
2024-01-12T04:54:00Z,164.300003051758,0.560012817382813,538.06005859375,2755,2742.88,3443.73,2755,2617.25,3615.92,2024-01-12,4,164.86001586914082,0.0033968989656493085,-0.4966031010343507,0.9932062020687014,39.72824808274805,0.6621374680458009,0,66.69019111432752,66.02805364628172
2024-01-12T04:55:00Z,162.399993896484,7.1600227355957,544.860046386719,2755,2742.88,3443.73,2755,2617.25,3615.92,2024-01-12,4,169.5600166320797,0.04222707025991803,-0.457772929740082,0.915545859480164,36.62183437920656,0.6103639063201094,0,67.30055502064762,66.69019111432752
2024-01-12T04:56:00Z,147.699996948242,26.3500213623047,564.349975585938,2755,2742.88,3443.73,2755,2617.25,3615.92,2024-01-12,4,174.0500183105467,0.151393384603327,-0.34860661539667304,0.6972132307933461,27.88852923173384,0.4648088205288973,0,67.76536384117652,67.30055502064762
2024-01-12T04:57:00Z,136.400009155273,38.3330078125,576.3330078125,2755,2742.88,3443.73,2755,2617.25,3615.92,2024-01-12,4,174.733016967773,0.2193804495436027,-0.2806195504563973,0.5612391009127946,22.449564036511784,0.37415940060852976,0,68.13952324178506,67.76536384117652
2024-01-12T04:58:00Z,132,43.5020179748535,581.502014160156,2755,2742.88,3443.73,2755,2617.25,3615.92,2024-01-12,4,175.50201797485352,0.24787189615726588,-0.2521281038427341,0.5042562076854682,20.170248307418728,0.33617080512364544,0,68.4756940469087,68.13952324178506
2024-01-12T04:59:00Z,150.899993896484,20.1190185546875,558.119079589844,2755,2742.88,3443.73,2755,2617.25,3615.92,2024-01-12,4,171.0190124511715,0.11764199936794618,-0.38235800063205383,0.7647160012641077,30.588640050564308,0.5098106675094052,0,68.9855047144181,68.4756940469087
2024-01-12T05:00:00Z,215.299987792969,2.35700607299805,606.863037109375,2824.78,2810.94,3530.94,2824.78,2683.54,3707.49,2024-01-12,5,217.65699386596705,0.010828993046046991,-0.489171006953953,0.978342013907906,39.133680556316236,0.6522280092719372,0,69.63773272369004,68.9855047144181
2024-01-12T05:01:00Z,210.5,27.4090042114258,615.109008789063,2824.78,2810.94,3530.94,2824.78,2683.54,3707.49,2024-01-12,5,237.9090042114258,0.11520793129405,-0.38479206870595,0.7695841374119,30.783365496476,0.5130560916079333,0,70.15078881529797,69.63773272369004
2024-01-12T05:02:00Z,179.299987792969,59.7260131835938,647.72607421875,2824.78,2810.94,3530.94,2824.78,2683.54,3707.49,2024-01-12,5,239.0260009765628,0.24987245295314173,-0.25012754704685825,0.5002550940937165,20.01020376374866,0.33350339606247764,0,70.48429221136045,70.15078881529797
2024-01-12T05:03:00Z,145.800003051758,98.8640213012695,686.864013671875,2824.78,2810.94,3530.94,2824.78,2683.54,3707.49,2024-01-12,5,244.66402435302751,0.4040807452697577,-0.09591925473024232,0.19183850946048464,7.673540378419386,0.1278923396403231,0,70.61218455100078,70.48429221136045
2024-01-12T05:04:00Z,133.899993896484,118.277015686035,706.277038574219,2824.78,2810.94,3530.94,2824.78,2683.54,3707.49,2024-01-12,5,252.17700958251902,0.4690237856410603,-0.030976214358939713,0.061952428717879426,2.478097148715177,0.04130161914525295,0,70.65348617014604,70.61218455100078
2024-01-12T05:05:00Z,182.399993896484,69.2010345458984,657.201049804688,2824.78,2810.94,3530.94,2824.78,2683.54,3707.49,2024-01-12,5,251.60102844238241,0.27504273322851575,-0.22495726677148425,0.4499145335429685,17.99658134171874,0.299943022361979,0,70.95342919250801,70.65348617014604
2024-01-12T05:06:00Z,211.100006103516,40.6470108032227,628.64697265625,2824.78,2810.94,3530.94,2824.78,2683.54,3707.49,2024-01-12,5,251.74701690673868,0.1614597515500279,-0.3385402484499721,0.6770804968999442,27.08321987599777,0.4513869979332962,0,71.40481619044131,70.95342919250801
2024-01-12T05:07:00Z,167.100006103516,87.3810119628906,675.381042480469,2824.78,2810.94,3530.94,2824.78,2683.54,3707.49,2024-01-12,5,254.4810180664066,0.3433694686811124,-0.1566305313188876,0.3132610626377752,12.530442505511008,0.20884070842518346,0,71.6136568988665,71.40481619044131
2024-01-12T05:08:00Z,145.799987792969,110.419013977051,698.419006347656,2824.78,2810.94,3530.94,2824.78,2683.54,3707.49,2024-01-12,5,256.21900177002,0.43095560131860233,-0.06904439868139767,0.13808879736279533,5.523551894511813,0.09205919824186355,0,71.70571609710836,71.6136568988665
2024-01-12T05:09:00Z,127.599998474121,129.813018798828,717.813049316406,2824.78,2810.94,3530.94,2824.78,2683.54,3707.49,2024-01-12,5,257.413017272949,0.5042985788911375,0.0042985788911374945,-0.008597157782274989,-0.34388631129099956,0,0.005731438521516659,71.69998465858684,71.70571609710836
2024-01-12T05:10:00Z,112.699996948242,147.683029174805,735.682983398438,2824.78,2810.94,3530.94,2824.78,2683.54,3707.49,2024-01-12,5,260.383026123047,0.5671760996625629,0.06717609966256288,-0.13435219932512577,-5.374087973005031,0,0.08956813288341718,71.61041652570343,71.69998465858684
2024-01-12T05:11:00Z,88.1000061035156,171.752014160156,759.752075195312,2824.78,2810.94,3530.94,2824.78,2683.54,3707.49,2024-01-12,5,259.8520202636716,0.6609608575907141,0.1609608575907141,-0.3219217151814282,-12.876868607257128,0,0.2146144767876188,71.39580204891581,71.61041652570343
2024-01-12T05:12:00Z,92.7000045776367,165.885009765625,753.885070800781,2824.78,2810.94,3530.94,2824.78,2683.54,3707.49,2024-01-12,5,258.5850143432617,0.6415105306350777,0.14151053063507768,-0.28302106127015536,-11.320842450806214,0,0.1886807075134369,71.20712134140237,71.39580204891581
2024-01-12T05:13:00Z,184.300003051758,74.3230056762695,662.322998046875,2824.78,2810.94,3530.94,2824.78,2683.54,3707.49,2024-01-12,5,258.6230087280275,0.28737971165755355,-0.21262028834244645,0.4252405766848929,17.009623067395715,0.2834937177899286,0,71.4906150591923,71.20712134140237
2024-01-12T05:14:00Z,229.800003051758,20.6370182037354,608.637023925781,2824.78,2810.94,3530.94,2824.78,2683.54,3707.49,2024-01-12,5,250.43702125549342,0.08240402357557877,-0.41759597642442126,0.8351919528488425,33.4076781139537,0.5567946352325617,0,72.04740969442486,71.4906150591923
2024-01-12T05:15:00Z,157.600006103516,95.8310241699219,683.8310546875,2824.78,2810.94,3530.94,2824.78,2683.54,3707.49,2024-01-12,5,253.4310302734379,0.37813453256503593,-0.12186546743496407,0.24373093486992814,9.749237394797126,0.16248728991328543,0,72.20989698433814,72.04740969442486
2024-01-12T05:16:00Z,122.399993896484,134.382019042969,722.382019042969,2824.78,2810.94,3530.94,2824.78,2683.54,3707.49,2024-01-12,5,256.782012939453,0.523331122397016,0.023331122397015958,-0.046662244794031915,-1.8664897917612766,0,0.031108163196021277,72.17878882114212,72.20989698433814
2024-01-12T05:17:00Z,91.5,165.844009399414,753.843994140625,2824.78,2810.94,3530.94,2824.78,2683.54,3707.49,2024-01-12,5,257.344009399414,0.6444448028398194,0.14444480283981942,-0.28888960567963884,-11.555584227185554,0,0.19259307045309257,71.98619575068903,72.17878882114212
2024-01-12T05:18:00Z,83.3999938964844,174.739013671875,762.739013671875,2824.78,2810.94,3530.94,2824.78,2683.54,3707.49,2024-01-12,5,258.1390075683594,0.6769182825869557,0.17691828258695574,-0.3538365651739115,-14.15346260695646,0,0.23589104344927433,71.75030470723976,71.98619575068903
2024-01-12T05:19:00Z,67,194.147018432617,782.147033691406,2824.78,2810.94,3530.94,2824.78,2683.54,3707.49,2024-01-12,5,261.14701843261696,0.7434395368473724,0.2434395368473724,-0.4868790736947448,-19.47516294778979,0,0.32458604912982986,71.42571865810993,71.75030470723976
2024-01-12T05:20:00Z,51.2999954223633,219.501007080078,807.501037597656,2824.78,2810.94,3530.94,2824.78,2683.54,3707.49,2024-01-12,5,270.8010025024413,0.8105620180564109,0.3105620180564109,-0.6211240361128219,-24.844961444512876,0,0.41408269074188125,71.01163596736805,71.42571865810993
2024-01-12T05:21:00Z,56.567985534668,217.760025024414,806.053955078125,2824.78,2810.94,3530.94,2824.78,2683.54,3707.49,2024-01-12,5,274.32801055908203,0.7937943507140152,0.29379435071401516,-0.5875887014280303,-23.503548057121215,0,0.39172580095202025,70.61991016641603,71.01163596736805
2024-01-12T05:22:00Z,65.9469985961914,207.811004638672,796.193969726562,2824.78,2810.94,3530.94,2824.78,2683.54,3707.49,2024-01-12,5,273.7580032348634,0.7591047647304253,0.2591047647304253,-0.5182095294608506,-20.728381178434027,0,0.34547301964056715,70.27443714677547,70.61991016641603
2024-01-12T05:23:00Z,68.0609817504883,205.939025878906,795.47998046875,2824.78,2810.94,3530.94,2824.78,2683.54,3707.49,2024-01-12,5,274.0000076293943,0.7516022633015911,0.2516022633015911,-0.5032045266031822,-20.128181064127286,0,0.33546968440212144,69.93896746237334,70.27443714677547
2024-01-12T05:24:00Z,62.8449897766113,211.154998779297,800.389038085937,2824.78,2810.94,3530.94,2824.78,2683.54,3707.49,2024-01-12,5,273.9999885559083,0.770638713863347,0.27063871386334704,-0.5412774277266941,-21.651097109067763,0,0.36085161848446273,69.57811584388888,69.93896746237334
2024-01-12T05:25:00Z,65.3000030517578,207.95100402832,797.18505859375,2824.78,2810.94,3530.94,2824.78,2683.54,3707.49,2024-01-12,5,273.2510070800778,0.7610255722401739,0.26102557224017386,-0.5220511444803477,-20.88204577921391,0,0.34803409632023186,69.23008174756865,69.57811584388888
2024-01-12T05:26:00Z,70.3639831542969,203.636016845703,793.308044433594,2824.78,2810.94,3530.94,2824.78,2683.54,3707.49,2024-01-12,5,273.9999999999999,0.7431971417726391,0.24319714177263907,-0.48639428354527814,-19.455771341811126,0,0.3242628556968521,68.90581889187179,69.23008174756865
2024-01-12T05:27:00Z,65.0359954833984,208.964004516602,800.070068359375,2824.78,2810.94,3530.94,2824.78,2683.54,3707.49,2024-01-12,5,274.0000000000004,0.7626423522503711,0.26264235225037114,-0.5252847045007423,-21.01138818002969,0,0.35018980300049485,68.5556290888713,68.90581889187179
2024-01-12T05:28:00Z,60.7719955444336,213.328002929688,804.293029785156,2824.78,2810.94,3530.94,2824.78,2683.54,3707.49,2024-01-12,5,274.0999984741216,0.7782853123577408,0.2782853123577408,-0.5565706247154816,-22.262824988619265,0,0.3710470831436544,68.18458200572765,68.5556290888713
2024-01-12T05:29:00Z,60.1319961547852,215.068008422852,808.616088867188,2824.78,2810.94,3530.94,2824.78,2683.54,3707.49,2024-01-12,5,275.2000045776372,0.781497110630239,0.28149711063023897,-0.5629942212604779,-22.51976885041912,0,0.37532948084031864,67.80925252488733,68.18458200572765
2024-01-12T05:30:00Z,57.5679969787598,219.13200378418,812.151977539063,2824.78,2810.94,3530.94,2824.78,2683.54,3707.49,2024-01-12,5,276.7000007629398,0.7919479695698279,0.29194796956982794,-0.5838959391396559,-23.355837565586235,0,0.38926395942643727,67.41998856546088,67.80925252488733
2024-01-12T05:31:00Z,55.4359931945801,183.934036254883,814.934020996094,2824.78,2810.94,3530.94,2824.78,2683.54,3707.49,2024-01-12,5,239.37002944946312,0.7684087965311296,0.2684087965311296,-0.5368175930622592,-21.472703722490365,0,0.3578783953748394,67.06211017008604,67.41998856546088
2024-01-12T05:32:00Z,133.735992431641,105.089019775391,736.089050292969,2824.78,2810.94,3530.94,2824.78,2683.54,3707.49,2024-01-12,5,238.825012207032,0.44002518330991103,-0.05997481669008897,0.11994963338017794,4.797985335207118,0.07996642225345196,0,67.14207659233949,67.06211017008604
2024-01-12T05:33:00Z,174.300003051758,63.2900085449219,694.158081054688,2824.78,2810.94,3530.94,2824.78,2683.54,3707.49,2024-01-12,5,237.59001159667991,0.2663832882518632,-0.2336167117481368,0.4672334234962736,18.689336939850946,0.3114889489975158,0,67.45356554133701,67.14207659233949
2024-01-12T05:34:00Z,167.003997802734,72.6760101318359,703.676025390625,2824.78,2810.94,3530.94,2824.78,2683.54,3707.49,2024-01-12,5,239.68000793456991,0.30322099351597015,-0.19677900648402985,0.3935580129680597,15.742320518722387,0.26237200864537313,0,67.71593754998239,67.45356554133701
2024-01-12T05:35:00Z,197.924987792969,42.7510147094727,673.7509765625,2824.78,2810.94,3530.94,2824.78,2683.54,3707.49,2024-01-12,5,240.6760025024417,0.17762890468915357,-0.3223710953108464,0.6447421906216928,25.78968762486771,0.4298281270811285,0,68.14576567706351,67.71593754998239
2024-01-12T05:36:00Z,228.140991210938,12.2320289611816,643.231994628906,2824.78,2810.94,3530.94,2824.78,2683.54,3707.49,2024-01-12,5,240.37302017211962,0.050887695101650046,-0.44911230489834997,0.8982246097966999,35.928984391868,0.5988164065311333,0,68.74458208359464,68.14576567706351
2024-01-12T05:37:00Z,225.623977661133,15.6290321350098,646.629028320312,2824.78,2810.94,3530.94,2824.78,2683.54,3707.49,2024-01-12,5,241.2530097961428,0.06478274467214411,-0.4352172553278559,0.8704345106557118,34.81738042622847,0.5802896737704745,0,69.32487175736512,68.74458208359464
2024-01-12T05:38:00Z,185.271987915039,55.9220199584961,686.921997070313,2824.78,2810.94,3530.94,2824.78,2683.54,3707.49,2024-01-12,5,241.1940078735351,0.23185493060763604,-0.26814506939236393,0.5362901387847279,21.451605551389115,0.3575267591898186,0,69.68239851655494,69.32487175736512
2024-01-12T05:39:00Z,157.307983398438,85.0070190429688,716.007019042969,2824.78,2810.94,3530.94,2824.78,2683.54,3707.49,2024-01-12,5,242.31500244140682,0.35081203469242067,-0.14918796530757933,0.29837593061515866,11.935037224606347,0.19891728707677245,0,69.88131580363171,69.68239851655494
2024-01-12T05:40:00Z,159.624984741211,82.5120162963867,713.512023925781,2824.78,2810.94,3530.94,2824.78,2683.54,3707.49,2024-01-12,5,242.1370010375977,0.34076583067771077,-0.15923416932228923,0.31846833864457846,12.738733545783138,0.21231222576305228,0,70.09362802939476,69.88131580363171
2024-01-12T05:41:00Z,168.905990600586,72.6230163574219,703.622985839844,2824.78,2810.94,3530.94,2824.78,2683.54,3707.49,2024-01-12,5,241.5290069580079,0.30068030863907,-0.19931969136092997,0.39863938272185995,15.945575308874398,0.26575958848124,0,70.35938761787601,70.09362802939476
2024-01-12T05:42:00Z,174.115982055664,67.598030090332,698.598083496094,2824.78,2810.94,3530.94,2824.78,2683.54,3707.49,2024-01-12,5,241.714012145996,0.27966119750435725,-0.22033880249564275,0.4406776049912855,17.62710419965142,0.29378506999419035,0,70.6531726878702,70.35938761787601
2024-01-12T05:43:00Z,171.864990234375,69.3640289306641,700.364013671875,2824.78,2810.94,3530.94,2824.78,2683.54,3707.49,2024-01-12,5,241.22901916503912,0.2875442978243345,-0.2124557021756655,0.424911404351331,16.99645617405324,0.28327426956755397,0,70.93644695743775,70.6531726878702
2024-01-12T05:44:00Z,164.316986083984,75.9440155029297,706.943969726562,2824.78,2810.94,3530.94,2824.78,2683.54,3707.49,2024-01-12,5,240.26100158691372,0.316089648346268,-0.18391035165373198,0.36782070330746397,14.712828132298558,0.24521380220497596,0,71.18166075964272,70.93644695743775
2024-01-12T05:45:00Z,141.539001464844,99.7830047607422,730.783081054688,2824.78,2810.94,3530.94,2824.78,2683.54,3707.49,2024-01-12,5,241.32200622558622,0.4134848964725816,-0.08651510352741842,0.17303020705483685,6.921208282193474,0.11535347136989123,0,71.29701423101261,71.18166075964272
2024-01-12T05:46:00Z,75.6239929199219,165.570022583008,796.570007324219,2824.78,2810.94,3530.94,2824.78,2683.54,3707.49,2024-01-12,5,241.19401550292991,0.6864599116929447,0.18645991169294474,-0.37291982338588947,-14.916792935435579,0,0.248613215590593,71.04840101542202,71.29701423101261
2024-01-12T05:47:00Z,105.140998840332,136.671005249023,767.671020507813,2824.78,2810.94,3530.94,2824.78,2683.54,3707.49,2024-01-12,5,241.812004089355,0.5651952878175559,0.0651952878175559,-0.1303905756351118,-5.215623025404472,0,0.08692705042340787,70.9614739649986,71.04840101542202
2024-01-12T05:48:00Z,114.567985534668,127.885032653809,758.885009765625,2824.78,2810.94,3530.94,2824.78,2683.54,3707.49,2024-01-12,5,242.45301818847702,0.5274631498065919,0.027463149806591924,-0.05492629961318385,-2.197051984527354,0,0.0366175330754559,70.92485643192315,70.9614739649986
2024-01-12T05:49:00Z,90.6110000610352,152.497009277344,783.497009277344,2824.78,2810.94,3530.94,2824.78,2683.54,3707.49,2024-01-12,5,243.1080093383792,0.6272808933459909,0.1272808933459909,-0.2545617866919818,-10.182471467679273,0,0.16970785779465455,70.7551485741285,70.92485643192315
2024-01-12T05:50:00Z,49.5799751281738,197.670028686523,828.669982910156,2824.78,2810.94,3530.94,2824.78,2683.54,3707.49,2024-01-12,5,247.2500038146968,0.7994743200678296,0.2994743200678296,-0.5989486401356592,-23.957945605426367,0,0.3992990934237728,70.35584948070472,70.7551485741285
2024-01-12T05:51:00Z,47.7739944458008,202.255020141602,833.255004882813,2824.78,2810.94,3530.94,2824.78,2683.54,3707.49,2024-01-12,5,250.0290145874028,0.8089261979269193,0.30892619792691933,-0.6178523958538387,-24.714095834153547,0,0.4119015972358924,69.94394788346882,70.35584948070472
2024-01-12T05:52:00Z,43.7029876708984,208.104019165039,839.10400390625,2824.78,2810.94,3530.94,2824.78,2683.54,3707.49,2024-01-12,5,251.80700683593741,0.8264425274735397,0.32644252747353975,-0.6528850549470795,-26.115402197883178,0,0.43525670329805294,69.50869118017077,69.94394788346882
2024-01-12T05:53:00Z,41.486988067627,213.720016479492,844.720031738281,2824.78,2810.94,3530.94,2824.78,2683.54,3707.49,2024-01-12,5,255.207004547119,0.8374378942253239,0.3374378942253239,-0.6748757884506478,-26.995031538025913,0,0.44991719230043187,69.05877398787034,69.50869118017077
2024-01-12T05:54:00Z,33.5249862670898,221.275009155273,852.275085449219,2824.78,2810.94,3530.94,2824.78,2683.54,3707.49,2024-01-12,5,254.79999542236283,0.8684262681735219,0.36842626817352186,-0.7368525363470437,-29.47410145388175,0,0.4912350242313625,68.56753896363898,69.05877398787034
2024-01-12T05:55:00Z,28.8189735412598,225.826019287109,857.781066894531,2824.78,2810.94,3530.94,2824.78,2683.54,3707.49,2024-01-12,5,254.6449928283688,0.8868268595381971,0.38682685953819707,-0.7736537190763941,-30.946148763055767,0,0.5157691460509295,68.05176981758805,68.56753896363898
2024-01-12T05:56:00Z,31.9019737243652,218.516006469727,850.798095703125,2824.78,2810.94,3530.94,2824.78,2683.54,3707.49,2024-01-12,5,250.4179801940922,0.87260509928385,0.37260509928385,-0.7452101985677,-29.808407942708,0,0.49680679904513336,67.55496301854292,68.05176981758805
2024-01-12T05:57:00Z,35.9729995727539,213.971984863281,846.026977539062,2824.78,2810.94,3530.94,2824.78,2683.54,3707.49,2024-01-12,5,249.9449844360349,0.8560763295413916,0.35607632954139157,-0.7121526590827831,-28.486106363311325,0,0.4747684393885221,67.0801945791544,67.55496301854292
2024-01-12T05:58:00Z,28.1329956054688,224.677001953125,857.367004394531,2824.78,2810.94,3530.94,2824.78,2683.54,3707.49,2024-01-12,5,252.8099975585938,0.8887188169884443,0.38871881698844435,-0.7774376339768887,-31.097505359075548,0,0.5182917559845924,66.5619028231698,67.0801945791544
2024-01-12T05:59:00Z,9.3449821472168,232.699996948242,867.697021484375,2824.78,2810.94,3530.94,2824.78,2683.54,3707.49,2024-01-12,5,242.04497909545879,0.961391547215151,0.46139154721515097,-0.9227830944303019,-36.911323777212075,0,0.6151887296202012,65.9467140935496,66.5619028231698
2024-01-12T06:00:00Z,96.8849868774414,140.899993896484,775.474060058594,3000,2999.39,3749.93,3000,2850,3937.43,2024-01-12,6,237.7849807739254,0.5925521176227904,0.09255211762279036,-0.18510423524558073,-7.404169409823229,0,0.12340282349705382,65.82331127005254,65.9467140935496
2024-01-12T06:01:00Z,96.5429916381836,119.5,777.423950195313,3000,2999.39,3749.93,3000,2850,3937.43,2024-01-12,6,216.0429916381836,0.5531306481819681,0.05313064818196811,-0.10626129636393622,-4.250451854557449,0,0.07084086424262415,65.75247040580992,65.82331127005254
2024-01-12T06:02:00Z,55.4440002441406,160.399993896484,817.224060058594,3000,2999.39,3749.93,3000,2850,3937.43,2024-01-12,6,215.8439941406246,0.7431292889807337,0.24312928898073372,-0.48625857796146743,-19.450343118458697,0,0.324172385307645,65.42829802050227,65.75247040580992
2024-01-12T06:03:00Z,8.9119873046875,209.199996948242,867.798034667969,3000,2999.39,3749.93,3000,2850,3937.43,2024-01-12,6,218.1119842529295,0.9591403134714832,0.4591403134714832,-0.9182806269429664,-36.731225077718655,0,0.6121870846286442,64.81611093587362,65.42829802050227
2024-01-12T06:04:00Z,8.02498626708984,209.600006103516,868.135009765625,3000,2999.39,3749.93,3000,2850,3937.43,2024-01-12,6,217.62499237060584,0.9631247028217069,0.4631247028217069,-0.9262494056434138,-37.04997622573656,0,0.617499603762276,64.19861133211135,64.81611093587362
2024-01-12T06:05:00Z,9.70000076293945,204.923004150391,861.20703125,3000,2999.39,3749.93,3000,2850,3937.43,2024-01-12,6,214.62300491333045,0.9548044685756938,0.4548044685756938,-0.9096089371513876,-36.38435748605551,0,0.6064059581009251,63.59220537401043,64.19861133211135
2024-01-12T06:06:00Z,4.90000152587891,205.672012329102,860.945983886719,3000,2999.39,3749.93,3000,2850,3937.43,2024-01-12,6,210.5720138549809,0.9767300438639795,0.47673004386397955,-0.9534600877279591,-38.13840350911836,0,0.635640058485306,62.956565315525125,63.59220537401043
2024-01-12T06:07:00Z,7.71797943115234,201.982009887695,856.107055664063,3000,2999.39,3749.93,3000,2850,3937.43,2024-01-12,6,209.69998931884734,0.963195136746444,0.46319513674644397,-0.9263902734928879,-37.05561093971552,0,0.6175935156619253,62.3389717998632,62.956565315525125
2024-01-12T06:08:00Z,7.24498748779297,206.298004150391,859.555969238281,3000,2999.39,3749.93,3000,2850,3937.43,2024-01-12,6,213.54299163818396,0.9660724642273979,0.4660724642273979,-0.9321449284547958,-37.28579713819183,0,0.6214299523031972,61.71754184756001,62.3389717998632
2024-01-12T06:09:00Z,6.84798431396484,205.427001953125,857.704956054688,3000,2999.39,3749.93,3000,2850,3937.43,2024-01-12,6,212.27498626708984,0.9677400317654548,0.46774003176545476,-0.9354800635309095,-37.41920254123638,0,0.623653375687273,61.09388847187273,61.71754184756001
2024-01-12T06:10:00Z,6.77397918701172,205.39501953125,858.125061035156,3000,2999.39,3749.93,3000,2850,3937.43,2024-01-12,6,212.16899871826172,0.9680727192571292,0.46807271925712923,-0.9361454385142585,-37.44581754057034,0,0.6240969590095057,60.469791512863225,61.09388847187273
2024-01-12T06:11:00Z,6.93698120117188,207.224014282227,860.551025390625,3000,2999.39,3749.93,3000,2850,3937.43,2024-01-12,6,214.16099548339886,0.9676085685653735,0.4676085685653735,-0.935217137130747,-37.40868548522988,0,0.623478091420498,59.84631342144273,60.469791512863225
2024-01-12T06:12:00Z,23.641960144043,186.9990234375,840.158081054688,3000,2999.39,3749.93,3000,2850,3937.43,2024-01-12,6,210.640983581543,0.8877618223098984,0.3877618223098984,-0.7755236446197968,-31.020945784791873,0,0.5170157630798645,59.32929765836287,59.84631342144273
2024-01-12T06:13:00Z,6.70498275756836,205.788009643555,858.532043457031,3000,2999.39,3749.93,3000,2850,3937.43,2024-01-12,6,212.49299240112336,0.9684460994134275,0.4684460994134275,-0.936892198826855,-37.4756879530742,0,0.6245947992179033,58.704702859144966,59.32929765836287
2024-01-12T06:14:00Z,7.79898071289063,206.828018188477,859.440063476563,3000,2999.39,3749.93,3000,2850,3937.43,2024-01-12,6,214.6269989013676,0.9636626298051408,0.46366262980514084,-0.9273252596102817,-37.093010384411265,0,0.6182168397401877,58.08648601940478,58.704702859144966
2024-01-12T06:15:00Z,8.89698791503906,202.481002807617,855.284057617187,3000,2999.39,3749.93,3000,2850,3937.43,2024-01-12,6,211.37799072265605,0.95790958233342,0.45790958233342005,-0.9158191646668401,-36.632766586673604,0,0.6105461097778934,57.47593990962689,58.08648601940478
2024-01-12T06:16:00Z,6.80000686645508,201.380996704102,853.7490234375,3000,2999.39,3749.93,3000,2850,3937.43,2024-01-12,6,208.18100357055707,0.9673360837452664,0.46733608374526636,-0.9346721674905327,-37.38688669962131,0,0.6231147783270218,56.852825131299866,57.47593990962689
2024-01-12T06:17:00Z,149.988998413086,46.586009979248,697.585998535156,3000,2999.39,3749.93,3000,2850,3937.43,2024-01-12,6,196.57500839233398,0.23698846745700944,-0.2630115325429906,0.5260230650859812,21.04092260343925,0.3506820433906542,0,57.20350717469052,56.852825131299866
2024-01-12T06:18:00Z,159.395965576172,36.6040306091309,687.60400390625,3000,2999.39,3749.93,3000,2850,3937.43,2024-01-12,6,195.9999961853029,0.18675526184462068,-0.31324473815537934,0.6264894763107587,25.059579052430347,0.4176596508738391,0,57.62116682556436,57.20350717469052
2024-01-12T06:19:00Z,147.110992431641,48.8890075683594,699.889038085938,3000,2999.39,3749.93,3000,2850,3937.43,2024-01-12,6,196.0000000000004,0.24943371208346585,-0.2505662879165341,0.50113257583306825,20.045303033322732,0.3340883838887122,0,57.95525520945307,57.62116682556436
2024-01-12T06:20:00Z,143.921966552734,52.0780181884766,703.078002929688,3000,2999.39,3749.93,3000,2850,3937.43,2024-01-12,6,195.9999847412106,0.2657041951163314,-0.23429580488366858,0.46859160976733716,18.743664390693485,0.3123944065115581,0,58.26764961596463,57.95525520945307
2024-01-12T06:21:00Z,119.90699005127,76.0930099487305,727.093017578125,3000,2999.39,3749.93,3000,2850,3937.43,2024-01-12,6,196.0000000000005,0.38822964259556275,-0.11177035740443725,0.2235407148088745,8.94162859235498,0.14902714320591634,0,58.41667675917054,58.26764961596463
2024-01-12T06:22:00Z,94.7389907836914,101.521011352539,752.521057128906,3000,2999.39,3749.93,3000,2850,3937.43,2024-01-12,6,196.2600021362304,0.5172781526929261,0.017278152692926096,-0.03455630538585219,-1.3822522154340877,0,0.023037536923901463,58.39363922224664,58.41667675917054
2024-01-12T06:23:00Z,79.0109710693359,116.989013671875,767.989013671875,3000,2999.39,3749.93,3000,2850,3937.43,2024-01-12,6,195.99998474121088,0.5968827692835883,0.0968827692835883,-0.1937655385671766,-7.750621542687064,0,0.12917702571145107,58.26446219653519,58.39363922224664
2024-01-12T06:24:00Z,37.5109786987305,158.989013671875,809.988952636719,3000,2999.39,3749.93,3000,2850,3937.43,2024-01-12,6,196.4999923706055,0.8091044266913581,0.30910442669135807,-0.6182088533827161,-24.728354135308646,0,0.4121392355884774,57.852322960946715,58.26446219653519
2024-01-12T06:25:00Z,38.9399681091309,157.060028076172,808.06005859375,3000,2999.39,3749.93,3000,2850,3937.43,2024-01-12,6,195.9999961853029,0.8013266894540336,0.3013266894540336,-0.6026533789080672,-24.10613515632269,0,0.40176891927204483,57.45055404167467,57.852322960946715
2024-01-12T06:26:00Z,12.9639739990234,185.536026000977,836.536010742187,3000,2999.39,3749.93,3000,2850,3937.43,2024-01-12,6,198.5000000000004,0.9346903073097059,0.4346903073097059,-0.8693806146194119,-34.775224584776474,0,0.5795870764129413,56.87096696526173,57.45055404167467
2024-01-12T06:27:00Z,8.74996948242188,192.45002746582,843.450073242188,3000,2999.39,3749.93,3000,2850,3937.43,2024-01-12,6,201.19999694824187,0.9565110854118314,0.4565110854118314,-0.9130221708236628,-36.52088683294651,0,0.6086814472157751,56.26228551804596,56.87096696526173
2024-01-12T06:28:00Z,5.97998046875,193.695022583008,844.695007324219,3000,2999.39,3749.93,3000,2850,3937.43,2024-01-12,6,199.675003051758,0.9700514316897247,0.47005143168972474,-0.9401028633794495,-37.60411453517798,0,0.6267352422529663,55.63555027579299,56.26228551804596
2024-01-12T06:29:00Z,9.77099227905273,190.100021362305,841.099975585938,3000,2999.39,3749.93,3000,2850,3937.43,2024-01-12,6,199.87101364135773,0.9511135101531756,0.4511135101531756,-0.9022270203063512,-36.089080812254046,0,0.6014846802042341,55.03406559558875,55.63555027579299
2024-01-12T06:30:00Z,66.557991027832,131.298004150391,782.298034667969,3000,2999.39,3749.93,3000,2850,3937.43,2024-01-12,6,197.855995178223,0.6636038702396737,0.1636038702396737,-0.3272077404793474,-13.088309619173897,0,0.21813849365289828,54.81592710193585,55.03406559558875
2024-01-12T06:31:00Z,117.943984985352,78.1740264892578,729.174011230469,3000,2999.39,3749.93,3000,2850,3937.43,2024-01-12,6,196.1180114746098,0.3986070728612222,-0.10139292713877779,0.20278585427755558,8.111434171102223,0.13519056951837038,0,54.95111767145422,54.81592710193585
2024-01-12T06:32:00Z,160.206985473633,35.7930145263672,686.793029785156,3000,2999.39,3749.93,3000,2850,3937.43,2024-01-12,6,196.00000000000023,0.18261742105289366,-0.3173825789471063,0.6347651578942126,25.390606315768505,0.42317677192947506,0,55.3742944433837,54.95111767145422
2024-01-12T06:33:00Z,169.0009765625,26.9990234375,677.9990234375,3000,2999.39,3749.93,3000,2850,3937.43,2024-01-12,6,196,0.13775011957908162,-0.3622498804209184,0.7244997608418368,28.97999043367347,0.4829998405612245,0,55.857294283944924,55.3742944433837
2024-01-12T06:34:00Z,174.941970825195,16.5630149841309,667.058044433594,3000,2999.39,3749.93,3000,2850,3937.43,2024-01-12,6,191.5049858093259,0.08648868808367241,-0.4135113119163276,0.8270226238326552,33.08090495330621,0.5513484158884369,0,56.40864269983336,55.857294283944924
2024-01-12T06:35:00Z,177.761993408203,13.5460090637207,664.237976074219,3000,2999.39,3749.93,3000,2850,3937.43,2024-01-12,6,191.30800247192371,0.0708073310509251,-0.42919266894907493,0.8583853378981499,34.33541351592599,0.5722568919320998,0,56.98089959176546,56.40864269983336
2024-01-12T06:36:00Z,176.209991455078,14.7900161743164,665.7900390625,3000,2999.39,3749.93,3000,2850,3937.43,2024-01-12,6,191.00000762939442,0.07743463656302102,-0.422565363436979,0.845130726873958,33.80522907495832,0.5634204845826386,0,57.54432007634809,56.98089959176546
2024-01-12T06:37:00Z,177.328979492188,13.671012878418,664.671020507812,3000,2999.39,3749.93,3000,2850,3937.43,2024-01-12,6,190.999992370606,0.07157598651570368,-0.4284240134842963,0.8568480269685926,34.273921078743705,0.5712320179790618,0,58.11555209432716,57.54432007634809
2024-01-12T06:38:00Z,180.537979125977,10.4620227813721,661.462036132813,3000,2999.39,3749.93,3000,2850,3937.43,2024-01-12,6,191.0000019073491,0.05477498783715747,-0.44522501216284255,0.8904500243256851,35.61800097302741,0.5936333495504568,0,58.709185443877615,58.11555209432716
2024-01-12T06:39:00Z,135.609985351563,55.3900108337402,706.390014648438,3000,2999.39,3749.93,3000,2850,3937.43,2024-01-12,6,190.99999618530322,0.2900000625131021,-0.20999993748689788,0.41999987497379576,16.79999499895183,0.2799999166491972,0,58.98918536052681,58.709185443877615
2024-01-12T06:40:00Z,88.1049728393555,102.89501953125,753.89501953125,3000,2999.39,3749.93,3000,2850,3937.43,2024-01-12,6,190.9999923706055,0.5387174012635475,0.0387174012635475,-0.077434802527095,-3.0973921010838,0,0.05162320168473,58.937562158842084,58.98918536052681
2024-01-12T06:41:00Z,66.4599761962891,124.540023803711,775.5400390625,3000,2999.39,3749.93,3000,2850,3937.43,2024-01-12,6,191.0000000000001,0.6520420094435126,0.15204200944351265,-0.3040840188870253,-12.163360755481012,0,0.20272267925801687,58.73483947958407,58.937562158842084
2024-01-12T06:42:00Z,61.2929611206055,129.70703125,780.70703125,3000,2999.39,3749.93,3000,2850,3937.43,2024-01-12,6,190.9999923706055,0.6790944315763315,0.17909443157633154,-0.3581888631526631,-14.327554526106523,0,0.2387925754351087,58.49604690414896,58.73483947958407
2024-01-12T06:43:00Z,29.487979888916,161.512023925781,812.512084960938,3000,2999.39,3749.93,3000,2850,3937.43,2024-01-12,6,191.00000381469698,0.8456126738221198,0.3456126738221198,-0.6912253476442396,-27.649013905769586,0,0.4608168984294931,58.03523000571947,58.49604690414896
2024-01-12T06:44:00Z,18.3549652099609,172.645034790039,823.64501953125,3000,2999.39,3749.93,3000,2850,3937.43,2024-01-12,6,190.99999999999991,0.9039007057070109,0.40390070570701087,-0.8078014114140217,-32.31205645656087,0,0.5385342742760144,57.49669573144345,58.03523000571947
2024-01-12T06:45:00Z,20.2929763793945,171.68701171875,821.70703125,3000,2999.39,3749.93,3000,2850,3937.43,2024-01-12,6,191.9799880981445,0.8942963973462678,0.39429639734626776,-0.7885927946925355,-31.54371178770142,0,0.5257285297950236,56.97096720164843,57.49669573144345
2024-01-12T06:46:00Z,16.9109954833984,175.841018676758,826.841003417969,3000,2999.39,3749.93,3000,2850,3937.43,2024-01-12,6,192.75201416015642,0.9122655316621119,0.4122655316621119,-0.8245310633242238,-32.98124253296895,0,0.5496873755494824,56.421279826098946,56.97096720164843
2024-01-12T06:47:00Z,17.9949913024902,175.271011352539,826.27099609375,3000,2999.39,3749.93,3000,2850,3937.43,2024-01-12,6,193.2660026550292,0.9068900321045579,0.4068900321045579,-0.81378006420911575,-32.55120256836463,0,0.5425200428060771,55.87875978329287,56.421279826098946
2024-01-12T06:48:00Z,17.9049835205078,174.053024291992,825.052978515625,3000,2999.39,3749.93,3000,2850,3937.43,2024-01-12,6,191.95800781249977,0.9067244772721492,0.4067244772721492,-0.8134489545442984,-32.53795818177194,0,0.5422993030295323,55.33646048026334,55.87875978329287
2024-01-12T06:49:00Z,17.025993347168,188.375,826.747009277344,3000,2999.39,3749.93,3000,2850,3937.43,2024-01-12,6,205.400993347168,0.917108515057711,0.41710851505771096,-0.8342170301154219,-33.36868120461688,0,0.5561446867436146,54.780315793519726,55.33646048026334
2024-01-12T06:50:00Z,13.7759780883789,188.508026123047,826.508056640625,3000,2999.39,3749.93,3000,2850,3937.43,2024-01-12,6,202.2840042114259,0.9318978376857701,0.43189783768577006,-0.8637956753715401,-34.5518270148616,0,0.5758637835810266,54.2044520099387,54.780315793519726
2024-01-12T06:51:00Z,9.96299743652344,191.44401550293,829.444030761719,3000,2999.39,3749.93,3000,2850,3937.43,2024-01-12,6,201.40701293945344,0.9505330162484537,0.45053301624845365,-0.9010660324969073,-36.042641299876294,0,0.6007106883312716,53.60374132160743,54.2044520099387
2024-01-12T06:52:00Z,8.65199279785156,195.012023925781,833.011962890625,3000,2999.39,3749.93,3000,2850,3937.43,2024-01-12,6,203.66401672363256,0.9575183042294991,0.45751830422949913,-0.9150366084589983,-36.60146433835993,0,0.6100244056393322,52.9937169159681,53.60374132160743
2024-01-12T06:53:00Z,7.32199096679688,194.037033081055,832.036987304688,3000,2999.39,3749.93,3000,2850,3937.43,2024-01-12,6,201.35902404785188,0.9636371352045446,0.46363713520454464,-0.9272742704090893,-37.09097081636357,0,0.6181828469393928,52.37553406902871,52.9937169159681
2024-01-12T06:54:00Z,7.20000076293945,193.252014160156,831.252014160156,3000,2999.39,3749.93,3000,2850,3937.43,2024-01-12,6,200.45201492309545,0.9640811754089786,0.46408117540897864,-0.9281623508179573,-37.12649403271829,0,0.6187749005453048,51.756759168483406,52.37553406902871
2024-01-12T06:55:00Z,6.70000457763672,194.493026733398,832.493041992188,3000,2999.39,3749.93,3000,2850,3937.43,2024-01-12,6,201.19303131103473,0.9666986250270327,0.46669862502703274,-0.9333972500540655,-37.33589000216262,0,0.622264833369377,51.13449433511403,51.756759168483406
2024-01-12T06:56:00Z,7.09999847412109,195.588027954102,833.588012695312,3000,2999.39,3749.93,3000,2850,3937.43,2024-01-12,6,202.68802642822308,0.964970804643779,0.46497080464377905,-0.9299416092875581,-37.19766437150233,0,0.6199610728583721,50.514533262255654,51.13449433511403
2024-01-12T06:57:00Z,7.69999694824219,192.55500793457,830.555053710938,3000,2999.39,3749.93,3000,2850,3937.43,2024-01-12,6,200.2550048828122,0.9615490411700414,0.46154904117004136,-0.9230980823400827,-36.92392329360331,0,0.6153987215600552,49.8991345406956,50.514533262255654
2024-01-12T06:58:00Z,8,190.027008056641,828.026977539063,3000,2999.39,3749.93,3000,2850,3937.43,2024-01-12,6,198.027008056641,0.9596014701302168,0.4596014701302168,-0.9192029402604336,-36.76811761041734,0,0.6128019601736223,49.28633258052198,49.8991345406956
2024-01-12T06:59:00Z,7.54898834228516,192.455017089844,830.455078125,3000,2999.39,3749.93,3000,2850,3937.43,2024-01-12,6,200.00400543212916,0.9622558141974468,0.46225581419744677,-0.9245116283948935,-36.98046513579574,0,0.6163410855965956,48.669991494925384,49.28633258052198
2024-01-12T07:00:00Z,149.619995117188,86.5079956054688,797.408020019531,4300,4295.85,5375,4300,4085,5643.75,2024-01-12,7,236.12799072265682,0.36636061375322687,-0.13363938624677313,0.26727877249354626,10.69115089974185,0.1781858483290308,0,48.84817734325441,48.669991494925384
2024-01-12T07:01:00Z,284.968994140625,36.637020111084,795.078979492188,4300,4295.85,5375,4300,4085,5643.75,2024-01-12,7,321.606014251709,0.11391895203305985,-0.38608104796694015,0.7721620959338803,30.88648383735521,0.5147747306225868,0,49.362952073877,48.84817734325441
2024-01-12T07:02:00Z,291.377990722656,45.0060119628906,804.036010742188,4300,4295.85,5375,4300,4085,5643.75,2024-01-12,7,336.38400268554665,0.13379355618454433,-0.36620644381545564,0.7324128876309113,29.29651550523645,0.4882752584206075,0,49.851227332297604,49.362952073877
2024-01-12T07:03:00Z,281.371002197266,51.4999961853027,828.751953125,4300,4295.85,5375,4300,4085,5643.75,2024-01-12,7,332.8709983825687,0.15471457842690683,-0.34528542157309317,0.6905708431461863,27.622833725847453,0.46038056209745754,0,50.31160789439506,49.851227332297604
2024-01-12T07:04:00Z,270.791015625,58.7999992370605,844.100036621094,4300,4295.85,5375,4300,4085,5643.75,2024-01-12,7,329.5910148620605,0.17840291933221938,-0.3215970806677806,0.6431941613355612,25.727766453422447,0.4287961075570408,0,50.7404040019521,50.31160789439506
2024-01-12T07:05:00Z,249.859985351562,76.640007019043,871.52099609375,4300,4295.85,5375,4300,4085,5643.75,2024-01-12,7,326.499992370605,0.23473203310844223,-0.26526796689155774,0.5305359337831155,21.221437351324617,0.35369062252207695,0,51.09409462447418,50.7404040019521
2024-01-12T07:06:00Z,214.30598449707,110.5,913.719970703125,4300,4295.85,5375,4300,4085,5643.75,2024-01-12,7,324.80598449706997,0.34020309130417764,-0.15979690869582236,0.3195938173916447,12.78375269566579,0.21306254492776316,0,51.30715716940195,51.09409462447418
2024-01-12T07:07:00Z,257.461975097656,67.0270080566406,872.114990234375,4300,4295.85,5375,4300,4085,5643.75,2024-01-12,7,324.48898315429665,0.20656173718159426,-0.29343826281840574,0.5868765256368115,23.47506102547246,0.3912510170912077,0,51.698408186493154,51.30715716940195
2024-01-12T07:08:00Z,238.409973144531,86.6750030517578,891.927062988281,4300,4295.85,5375,4300,4085,5643.75,2024-01-12,7,325.0849761962888,0.2666226045445508,-0.23337739545544922,0.46675479091089844,18.670191636435938,0.31116986060726565,0,52.00957804710042,51.698408186493154
2024-01-12T07:09:00Z,180.267990112305,145.987030029297,953.886962890625,4300,4295.85,5375,4300,4085,5643.75,2024-01-12,7,326.255020141602,0.44746293855014196,-0.052537061449858036,0.10507412289971607,4.202964915988643,0.07004941526647739,0,52.079627462366894,52.00957804710042
2024-01-12T07:10:00Z,157.05598449707,172.866027832031,980.266052246094,4300,4295.85,5375,4300,4085,5643.75,2024-01-12,7,329.922012329101,0.5239602735557854,0.02396027355578545,-0.0479205471115709,-1.916821884462836,0,0.03194703140771393,52.04768043095918,52.079627462366894
2024-01-12T07:11:00Z,144.827987670898,186.259033203125,994.259033203125,4300,4295.85,5375,4300,4085,5643.75,2024-01-12,7,331.087020874023,0.5625682115578782,0.06256821155787817,-0.12513642311575635,-5.005456924630254,0,0.0834242820771709,51.964256148882015,52.04768043095918
2024-01-12T07:12:00Z,137.1669921875,194.103012084961,1002.10302734375,4300,4295.85,5375,4300,4085,5643.75,2024-01-12,7,331.270004272461,0.5859359724139597,0.08593597241395967,-0.17187194482791934,-6.874877793116774,0,0.11458129655194622,51.84967485233007,51.964256148882015
2024-01-12T07:13:00Z,97.1269760131836,237.149032592773,1045.14904785156,4300,4295.85,5375,4300,4085,5643.75,2024-01-12,7,334.2760086059566,0.7094407809335892,0.2094407809335892,-0.4188815618671784,-16.755262474687136,0,0.2792543745781189,51.57042047775195,51.84967485233007
2024-01-12T07:14:00Z,87.629997253418,250.989013671875,1058.98901367188,4300,4295.85,5375,4300,4085,5643.75,2024-01-12,7,338.61901092529297,0.7412135927809702,0.2412135927809702,-0.4824271855619404,-19.297087422477617,0,0.3216181237079603,51.24880235404399,51.57042047775195
2024-01-12T07:15:00Z,105.932991027832,228.392013549805,1036.39196777344,4300,4295.85,5375,4300,4085,5643.75,2024-01-12,7,334.325004577637,0.6831436788233641,0.18314367882336413,-0.36628735764672826,-14.65149430586913,0,0.2441915717644855,51.0046107822795,51.24880235404399
2024-01-12T07:16:00Z,117.598976135254,216.777038574219,1024.57702636719,4300,4295.85,5375,4300,4085,5643.75,2024-01-12,7,334.376014709473,0.6483031947209748,0.14830319472097475,-0.2966063894419495,-11.86425557767798,0,0.19773759296129967,50.806873189318196,51.0046107822795
2024-01-12T07:17:00Z,86.6829833984375,251.633026123047,1059.63305664062,4300,4295.85,5375,4300,4085,5643.75,2024-01-12,7,338.3160095214845,0.74378101845951,0.24378101845950995,-0.4875620369190199,-19.502481476760796,0,0.32504135794601324,50.48183183137218,50.806873189318196
2024-01-12T07:18:00Z,75.8209838867188,269.348022460938,1077.34802246094,4300,4295.85,5375,4300,4085,5643.75,2024-01-12,7,345.1690063476568,0.7803366394653889,0.2803366394653889,-0.5606732789307778,-22.42693115723111,0,0.3737821859538518,50.10804964541833,50.48183183137218
2024-01-12T07:19:00Z,74.4089584350586,271.273040771484,1079.89099121094,4300,4295.85,5375,4300,4085,5643.75,2024-01-12,7,345.68199920654257,0.7847473730022032,0.2847473730022032,-0.5694947460044064,-22.779789840176257,0,0.3796631640029376,49.7283864814154,50.10804964541833
2024-01-12T07:20:00Z,66.4909820556641,271.962982177734,1087.60900878906,4300,4295.85,5375,4300,4085,5643.75,2024-01-12,7,338.4539642333981,0.8035449748497793,0.30354497484977927,-0.6070899496995585,-24.28359798798234,0,0.40472663313303897,49.32365984828236,49.7283864814154
2024-01-12T07:21:00Z,62.0719909667969,274.256011962891,1093.02807617188,4300,4295.85,5375,4300,4085,5643.75,2024-01-12,7,336.32800292968795,0.8154420969229447,0.31544209692294467,-0.6308841938458893,-25.235367753835575,0,0.42058946256392626,48.903070385718436,49.32365984828236
2024-01-12T07:22:00Z,54.7679977416992,278.95703125,1100.60192871094,4300,4295.85,5375,4300,4085,5643.75,2024-01-12,7,333.7250289916992,0.8358888516477994,0.33588885164779936,-0.6717777032955987,-26.87110813182395,0,0.44785180219706583,48.45521858352137,48.903070385718436
2024-01-12T07:23:00Z,38.4969863891602,293.842010498047,1116.22900390625,4300,4295.85,5375,4300,4085,5643.75,2024-01-12,7,332.3389968872072,0.8841634994697124,0.3841634994697124,-0.7683269989394248,-30.73307995757699,0,0.5122179992929499,47.94300058422842,48.45521858352137
2024-01-12T07:24:00Z,7.79999732971191,324.777008056641,1147.09008789062,4300,4295.85,5375,4300,4085,5643.75,2024-01-12,7,332.57700538635294,0.9765467930633066,0.4765467930633066,-0.9530935861266132,-38.12374344506453,0,0.6353957240844088,47.30760486014401,47.94300058422842
2024-01-12T07:25:00Z,8.07699012756348,323.83203125,1145.36596679688,4300,4295.85,5375,4300,4085,5643.75,2024-01-12,7,331.9090213775635,0.9756650479277709,0.47566504792777087,-0.9513300958555417,-38.05320383422167,0,0.6342200639036945,46.67338479624031,47.30760486014401
2024-01-12T07:26:00Z,9.69897842407227,322.445007324219,1144.04406738281,4300,4295.85,5375,4300,4085,5643.75,2024-01-12,7,332.14398574829124,0.9707988738612222,0.4707988738612222,-0.9415977477224444,-37.66390990889778,0,0.627731831814963,46.04565296442535,46.67338479624031
2024-01-12T07:27:00Z,11.4589805603027,319.541015625,1141.64099121094,4300,4295.85,5375,4300,4085,5643.75,2024-01-12,7,330.9999961853027,0.9653807229837923,0.4653807229837923,-0.9307614459675846,-37.23045783870339,0,0.6205076306450564,45.42514533378029,46.04565296442535
2024-01-12T07:28:00Z,10.6869888305664,321.225006103516,1143.69104003906,4300,4295.85,5375,4300,4085,5643.75,2024-01-12,7,331.91199493408243,0.9678017396367707,0.46780173963677074,-0.9356034792735415,-37.42413917094166,0,0.6237356528490277,44.801409680931265,45.42514533378029
2024-01-12T07:29:00Z,15.3669815063477,318.606018066406,1137.31909179688,4300,4295.85,5375,4300,4085,5643.75,2024-01-12,7,333.97299957275374,0.9539873536902491,0.4539873536902491,-0.9079747073804982,-36.31898829521993,0,0.6053164715869989,44.19609320934427,44.801409680931265
2024-01-12T07:30:00Z,11.8029766082764,321.328002929688,1141.48291015625,4300,4295.85,5375,4300,4085,5643.75,2024-01-12,7,333.13097953796444,0.9645695617242006,0.4645695617242006,-0.9291391234484012,-37.16556493793605,0,0.6194260822989341,43.57666712704533,44.19609320934427
2024-01-12T07:31:00Z,16.8519897460938,318.725982666016,1135.03002929688,4300,4295.85,5375,4300,4085,5643.75,2024-01-12,7,335.57797241210983,0.9497821933157206,0.44978219331572056,-0.8995643866314411,-35.982575465257646,0,0.5997095910876274,42.97695753595771,43.57666712704533
2024-01-12T07:32:00Z,103.727966308594,223.02001953125,1043.85803222656,4300,4295.85,5375,4300,4085,5643.75,2024-01-12,7,326.747985839844,0.6825444354554142,0.1825444354554142,-0.3650888709108284,-14.603554836433137,0,0.24339258060721894,42.73356495535049,42.97695753595771
2024-01-12T07:33:00Z,107.300979614258,222.36100769043,1039.69909667969,4300,4295.85,5375,4300,4085,5643.75,2024-01-12,7,329.661987304688,0.6745121253088675,0.1745121253088675,-0.349024250617735,-13.9609700247094,0,0.23268283374515666,42.50088212160533,42.73356495535049
2024-01-12T07:34:00Z,104.364959716797,221.799026489258,1042.63500976563,4300,4295.85,5375,4300,4085,5643.75,2024-01-12,7,326.16398620605503,0.680023043221994,0.18002304322199403,-0.36004608644398806,-14.401843457759522,0,0.24003072429599204,42.26085139730934,42.50088212160533
2024-01-12T07:35:00Z,144.246994018555,182.802032470703,1004.65008544922,4300,4295.85,5375,4300,4085,5643.75,2024-01-12,7,327.04902648925804,0.5589438208485453,0.058943820848545325,-0.11788764169709065,-4.715505667883626,0,0.07859176113139377,42.182259636177946,42.26085139730934
2024-01-12T07:36:00Z,143.299987792969,184.498016357422,1008.44702148437,4300,4295.85,5375,4300,4085,5643.75,2024-01-12,7,327.79800415039097,0.5628405726130531,0.06284057261305309,-0.12568114522610618,-5.027245809044247,0,0.08378743015073746,42.09847220602721,42.182259636177946
2024-01-12T07:37:00Z,122.771995544434,203.227981567383,1028.11206054688,4300,4295.85,5375,4300,4085,5643.75,2024-01-12,7,325.99997711181703,0.6233987602326623,0.12339876023266227,-0.24679752046532455,-9.871900818612982,0,0.16453168031021637,41.93394052571699,42.09847220602721
2024-01-12T07:38:00Z,119.639984130859,206.360000610352,1032.96704101563,4300,4295.85,5375,4300,4085,5643.75,2024-01-12,7,325.999984741211,0.6330061664701212,0.1330061664701212,-0.2660123329402424,-10.640493317609696,0,0.17734155529349493,41.7565989704235,41.93394052571699
2024-01-12T07:39:00Z,114.594985961914,211.405014038086,1037.07800292969,4300,4295.85,5375,4300,4085,5643.75,2024-01-12,7,326,0.648481638153638,0.14848163815363802,-0.29696327630727604,-11.878531052291041,0,0.19797551753818401,41.558623452885314,41.7565989704235
2024-01-12T07:40:00Z,107.640968322754,218.359039306641,1043.79809570313,4300,4295.85,5375,4300,4085,5643.75,2024-01-12,7,326.000007629395,0.669812988332433,0.16981298833243297,-0.33962597666486594,-13.585039066594637,0,0.22641731777657728,41.332206135108734,41.558623452885314
2024-01-12T07:41:00Z,109.679985046387,216.48503112793,1043.02392578125,4300,4295.85,5375,4300,4085,5643.75,2024-01-12,7,326.165016174317,0.663728543505815,0.163728543505815,-0.32745708701163,-13.0982834804652,0,0.21830472467442,41.113901410434316,41.332206135108734
2024-01-12T07:42:00Z,93.0109939575195,233.796005249023,1060.29907226562,4300,4295.85,5375,4300,4085,5643.75,2024-01-12,7,326.8069992065425,0.7153947308859918,0.21539473088599181,-0.43078946177198363,-17.231578470879345,0,0.28719297451465575,40.82670843591966,41.113901410434316
2024-01-12T07:43:00Z,73.2999954223633,253.606018066406,1080.90405273438,4300,4295.85,5375,4300,4085,5643.75,2024-01-12,7,326.9060134887693,0.7757765461696485,0.27577654616964853,-0.5515530923392971,-22.062123693571884,0,0.3677020615595314,40.45900637436013,40.82670843591966
2024-01-12T07:44:00Z,78.5999984741211,248.89599609375,1075.78796386719,4300,4295.85,5375,4300,4085,5643.75,2024-01-12,7,327.4959945678711,0.7599970693448227,0.2599970693448227,-0.5199941386896454,-20.799765547585814,0,0.34666275912643024,40.1123436152337,40.45900637436013
2024-01-12T07:45:00Z,74.1639862060547,252.260025024414,1078.84704589844,4300,4295.85,5375,4300,4085,5643.75,2024-01-12,7,326.4240112304687,0.7727986188072057,0.2727986188072057,-0.5455972376144114,-21.823889504576456,0,0.36373149174294095,39.74861212349076,40.1123436152337
2024-01-12T07:46:00Z,31.4049968719482,295.503051757813,1121.65905761719,4300,4295.85,5375,4300,4085,5643.75,2024-01-12,7,326.9080486297612,0.9039332405439922,0.40393324054399216,-0.8078664810879843,-32.31465924351937,0,0.5385776540586562,39.2100344694321,39.74861212349076
2024-01-12T07:47:00Z,10.331995010376,320.848022460937,1147.16003417969,4300,4295.85,5375,4300,4085,5643.75,2024-01-12,7,331.18001747131296,0.9688024806289197,0.4688024806289197,-0.9376049612578394,-37.50419845031358,0,0.625069974171893,38.58496449526021,39.2100344694321
2024-01-12T07:48:00Z,10.7849903106689,320.772003173828,1147.50500488281,4300,4295.85,5375,4300,4085,5643.75,2024-01-12,7,331.5569934844969,0.9674716850417658,0.46747168504176584,-0.9349433700835317,-37.397734803341265,0,0.6232955800556877,37.96166891520452,38.58496449526021
2024-01-12T07:49:00Z,8.84698867797852,322.7900390625,1149.08203125,4300,4295.85,5375,4300,4085,5643.75,2024-01-12,7,331.6370277404785,0.9733232783496609,0.4733232783496609,-0.9466465566993219,-37.86586226797287,0,0.6310977044662145,37.330571210738306,37.96166891520452
2024-01-12T07:50:00Z,10.6539840698242,321.64306640625,1147.47204589844,4300,4295.85,5375,4300,4085,5643.75,2024-01-12,7,332.2970504760742,0.9679383730473667,0.46793837304736674,-0.9358767460947335,-37.435069843789336,0,0.6239178307298222,36.70665338000848,37.330571210738306
2024-01-12T07:51:00Z,10.4469795227051,320.35302734375,1145.13403320313,4300,4295.85,5375,4300,4085,5643.75,2024-01-12,7,330.8000068664551,0.9684190468384042,0.4684190468384042,-0.9368380936768084,-37.473523747072335,0,0.6245587291178722,36.08209465089061,36.70665338000848
2024-01-12T07:52:00Z,9.04198837280273,323.704010009766,1148.96997070312,4300,4295.85,5375,4300,4085,5643.75,2024-01-12,7,332.74599838256876,0.9728261544338488,0.4728261544338488,-0.9456523088676976,-37.8260923547079,0,0.6304348725784651,35.45165977831215,36.08209465089061
2024-01-12T07:53:00Z,10.100004196167,322.334991455078,1149.63500976563,4300,4295.85,5375,4300,4085,5643.75,2024-01-12,7,332.434995651245,0.9696181078156921,0.46961810781569213,-0.9392362156313843,-37.56944862525537,0,0.6261574770875895,34.82550230122456,35.45165977831215
2024-01-12T07:54:00Z,9.61599540710449,320.384002685547,1146.998046875,4300,4295.85,5375,4300,4085,5643.75,2024-01-12,7,329.9999980926515,0.9708606198100501,0.4708606198100501,-0.9417212396201002,-37.66884958480401,0,0.6278141597467335,34.197688141477826,34.82550230122456
2024-01-12T07:55:00Z,8.69999313354492,322.639038085938,1150.50500488281,4300,4295.85,5375,4300,4085,5643.75,2024-01-12,7,331.33903121948293,0.9737429269907476,0.4737429269907476,-0.9474858539814952,-37.89943415925981,0,0.6316572359876635,33.566030905490166,34.197688141477826
2024-01-12T07:56:00Z,8.17198371887207,322.128021240234,1147.97705078125,4300,4295.85,5375,4300,4085,5643.75,2024-01-12,7,330.30000495910605,0.975258905249233,0.475258905249233,-0.950517810498466,-38.02071241993864,0,0.6336785403323106,32.932352365157854,33.566030905490166
2024-01-12T07:57:00Z,7.45498466491699,325.941040039063,1151.64904785156,4300,4295.85,5375,4300,4085,5643.75,2024-01-12,7,333.39602470398,0.9776392514831687,0.47763925148316866,-0.9552785029663373,-38.21114011865349,0,0.6368523353108915,32.29550002984696,32.932352365157854
2024-01-12T07:58:00Z,8.75899887084961,324.330993652344,1150.38110351563,4300,4295.85,5375,4300,4085,5643.75,2024-01-12,7,333.0899925231936,0.9737038065764173,0.4737038065764173,-0.9474076131528346,-37.89630452611338,0,0.631605075435223,31.663894954411738,32.29550002984696
2024-01-12T07:59:00Z,8.99695777893066,323.027038574219,1143.80297851562,4300,4295.85,5375,4300,4085,5643.75,2024-01-12,7,332.02399635314964,0.9729026881257062,0.47290268812570624,-0.9458053762514125,-37.8322150500565,0,0.6305369175009417,31.033358036910798,31.663894954411738
2024-01-12T08:00:00Z,16.6059951782227,315.845031738281,1137.94897460937,5600,5594.18,7000,5600,5320,7350,2024-01-12,8,332.45102691650374,0.9500498003202337,0.4500498003202337,-0.9000996006404673,-36.00398402561869,0,0.6000664004269782,30.43329163648382,31.033358036910798
2024-01-12T08:01:00Z,219.050979614258,192.968017578125,1195.27099609375,5600,5594.18,7000,5600,5320,7350,2024-01-12,8,412.01899719238304,0.46834737935159554,-0.03165262064840446,0.06330524129680892,2.532209651872357,0.042203494197872615,0,30.475495130681693,30.43329163648382
2024-01-12T08:02:00Z,316.754943847656,95.6220245361328,1097.94494628906,5600,5594.18,7000,5600,5320,7350,2024-01-12,8,412.37696838378884,0.23188012878338005,-0.26811987121661995,0.5362397424332399,21.449589697329596,0.35749316162215994,0,30.832988292303853,30.475495130681693
2024-01-12T08:03:00Z,340.461975097656,78.4740219116211,1074.93798828125,5600,5594.18,7000,5600,5320,7350,2024-01-12,8,418.9359970092771,0.18731744818262377,-0.31268255181737625,0.6253651036347525,25.014604145390102,0.416910069089835,0,31.249898361393686,30.832988292303853
2024-01-12T08:04:00Z,343.306945800781,77.1930160522461,1072.59301757813,5600,5594.18,7000,5600,5320,7350,2024-01-12,8,420.4999618530271,0.18357437111784222,-0.31642562888215775,0.6328512577643155,25.31405031057262,0.42190083850954363,0,31.67179919990323,31.249898361393686
2024-01-12T08:05:00Z,307.452941894531,111.94702911377,1108.44702148437,5600,5594.18,7000,5600,5320,7350,2024-01-12,8,419.399971008301,0.26692188090674496,-0.23307811909325504,0.4661562381865101,18.646249527460405,0.3107708254576734,0,31.982570025360904,31.67179919990323
2024-01-12T08:06:00Z,278.985961914062,139.656021118164,1136.15600585938,5600,5594.18,7000,5600,5320,7350,2024-01-12,8,418.641983032226,0.33359296673170413,-0.16640703326829587,0.33281406653659174,13.31256266146367,0.22187604435772781,0,32.20444606971863,31.982570025360904
2024-01-12T08:07:00Z,265.509002685547,151.213012695313,1147.71313476563,5600,5594.18,7000,5600,5320,7350,2024-01-12,8,416.72201538086,0.36286302886376903,-0.13713697113623097,0.27427394227246193,10.970957690898476,0.18284929484830795,0,32.38729536456694,32.20444606971863
2024-01-12T08:08:00Z,265.708984375,150.714019775391,1147.21398925781,5600,5594.18,7000,5600,5320,7350,2024-01-12,8,416.42300415039097,0.3619252977699587,-0.1380747022300413,0.2761494044600826,11.045976178403304,0.1840996029733884,0,32.57139496754033,32.38729536456694
2024-01-12T08:09:00Z,253.352996826172,163.22102355957,1159.72094726562,5600,5594.18,7000,5600,5320,7350,2024-01-12,8,416.57402038574196,0.39181757760224584,-0.10818242239775416,0.21636484479550833,8.654593791820332,0.1442432298636722,0,32.715638197404,32.57139496754033
2024-01-12T08:10:00Z,219.403991699219,197.419021606445,1193.9189453125,5600,5594.18,7000,5600,5320,7350,2024-01-12,8,416.823013305664,0.4736279315309157,-0.026372068469084298,0.052744136938168595,2.109765477526744,0.035162757958779066,0,32.75080095536278,32.715638197404
2024-01-12T08:11:00Z,181.776992797852,235.536010742188,1232.03601074219,5600,5594.18,7000,5600,5320,7350,2024-01-12,8,417.31300354004,0.5644109067873535,0.0644109067873535,-0.128821813574707,-5.1528725429882805,0,0.08588120904980467,32.664919746312975,32.75080095536278
2024-01-12T08:12:00Z,166.190979003906,252.52001953125,1249.02001953125,5600,5594.18,7000,5600,5320,7350,2024-01-12,8,418.710998535156,0.6030890528662523,0.10308905286625225,-0.2061781057325045,-8.24712422930018,0,0.13745207048833633,32.52746767582464,32.664919746312975
2024-01-12T08:13:00Z,127.539001464844,290.587982177734,1287.087890625,5600,5594.18,7000,5600,5320,7350,2024-01-12,8,418.126983642578,0.694975434606568,0.19497543460656797,-0.38995086921313593,-15.598034768525437,0,0.2599672461420906,32.26750042968255,32.52746767582464
2024-01-12T08:14:00Z,126.368980407715,292.377014160156,1288.87707519531,5600,5594.18,7000,5600,5320,7350,2024-01-12,8,418.74599456787104,0.6982204437844888,0.19822044378448878,-0.39644088756897755,-15.857635502759102,0,0.26429392504598503,32.003206504636566,32.26750042968255
2024-01-12T08:15:00Z,114.652984619141,303.56201171875,1300.06201171875,5600,5594.18,7000,5600,5320,7350,2024-01-12,8,418.21499633789097,0.7258515700701734,0.22585157007017342,-0.45170314014034685,-18.068125605613872,0,0.3011354267602312,31.702071077876333,32.003206504636566
2024-01-12T08:16:00Z,202.591979980469,216.308013916016,1212.80810546875,5600,5594.18,7000,5600,5320,7350,2024-01-12,8,418.899993896485,0.516371489777267,0.01637148977726699,-0.03274297955453398,-1.3097191821813592,0,0.021828653036355988,31.680242424839978,31.702071077876333
2024-01-12T08:17:00Z,330.028991699219,89.515022277832,1085.21496582031,5600,5594.18,7000,5600,5320,7350,2024-01-12,8,419.544013977051,0.21336264919925294,-0.28663735080074704,0.5732747016014941,22.93098806405976,0.382183134400996,0,32.06242555924097,31.680242424839978
2024-01-12T08:18:00Z,328.047973632813,91.7010116577148,1087.10107421875,5600,5594.18,7000,5600,5320,7350,2024-01-12,8,419.7489852905278,0.2184663093211393,-0.2815336906788607,0.5630673813577214,22.522695254308857,0.375378254238481,0,32.437803813479455,32.06242555924097
2024-01-12T08:19:00Z,315.956970214844,104.443016052246,1099.94311523437,5600,5594.18,7000,5600,5320,7350,2024-01-12,8,420.39998626708996,0.24843724896292194,-0.25156275103707804,0.5031255020741561,20.125020082966245,0.33541700138277075,0,32.77322081486223,32.437803813479455
2024-01-12T08:20:00Z,311.096984863281,108.501022338867,1104.10107421875,5600,5594.18,7000,5600,5320,7350,2024-01-12,8,419.59800720214804,0.2585832641635853,-0.2414167358364147,0.4828334716728294,19.313338866913178,0.32188898111521963,0,33.09510979597745,32.77322081486223
2024-01-12T08:21:00Z,293.681976318359,125.56600189209,1121.56591796875,5600,5594.18,7000,5600,5320,7350,2024-01-12,8,419.247978210449,0.29950293959213775,-0.20049706040786225,0.4009941208157245,16.03976483262898,0.26732941387714965,0,33.3624392098546,33.09510979597745
2024-01-12T08:22:00Z,284.884948730469,133.915023803711,1129.9150390625,5600,5594.18,7000,5600,5320,7350,2024-01-12,8,418.79997253418,0.3197589125743833,-0.18024108742561668,0.36048217485123335,14.419286994049333,0.24032144990082221,0,33.602760659755425,33.3624392098546
2024-01-12T08:23:00Z,262.727966308594,155.961029052734,1152.16101074219,5600,5594.18,7000,5600,5320,7350,2024-01-12,8,418.688995361328,0.37249851508072207,-0.12750148491927793,0.25500296983855586,10.200118793542234,0.17000197989237056,0,33.772762639647794,33.602760659755425
2024-01-12T08:24:00Z,248.003982543945,170.796020507813,1166.79614257813,5600,5594.18,7000,5600,5320,7350,2024-01-12,8,418.80000305175804,0.40782239556647026,-0.09217760443352974,0.18435520886705947,7.374208354682379,0.12290347257803964,0,33.89566611222583,33.772762639647794
2024-01-12T08:25:00Z,217.336990356445,199.962997436523,1196.36303710937,5600,5594.18,7000,5600,5320,7350,2024-01-12,8,417.299987792968,0.4791828499542856,-0.020817150045714383,0.041634300091428766,1.6653720036571507,0.027756200060952512,0,33.92342231228678,33.89566611222583
2024-01-12T08:26:00Z,197.147964477539,219.323013305664,1216.4521484375,5600,5594.18,7000,5600,5320,7350,2024-01-12,8,416.470977783203,0.5266225619683736,0.026622561968373648,-0.053245123936747296,-2.129804957469892,0,0.035496749291164864,33.88792556299562,33.92342231228678
2024-01-12T08:27:00Z,178.960968017578,231.68701171875,1234.83898925781,5600,5594.18,7000,5600,5320,7350,2024-01-12,8,410.647979736328,0.5641985913762765,0.06419859137627648,-0.12839718275255296,-5.1358873101021185,0,0.0855981218350353,33.802327441160585,33.88792556299562
2024-01-12T08:28:00Z,184.481979370117,229.822036743164,1228.81811523437,5600,5594.18,7000,5600,5320,7350,2024-01-12,8,414.304016113281,0.5547183416158943,0.054718341615894284,-0.10943668323178857,-4.377467329271543,0,0.07295778882119237,33.72936965233939,33.802327441160585
2024-01-12T08:29:00Z,181.789978027344,232.446029663086,1231.10998535156,5600,5594.18,7000,5600,5320,7350,2024-01-12,8,414.23600769043003,0.561143950182137,0.06114395018213703,-0.12228790036427406,-4.891516014570962,0,0.08152526690951604,33.64784438542988,33.72936965233939
2024-01-12T08:30:00Z,166.128967285156,247.566040039063,1246.67114257813,5600,5594.18,7000,5600,5320,7350,2024-01-12,8,413.695007324219,0.5984264631094321,0.09842646310943215,-0.1968529262188643,-7.874117048754572,0,0.13123528414590954,33.51660910128397,33.64784438542988
2024-01-12T08:31:00Z,131.74397277832,280.893035888672,1280.85595703125,5600,5594.18,7000,5600,5320,7350,2024-01-12,8,412.63700866699196,0.68072671619079,0.18072671619078995,-0.3614534323815799,-14.458137295263196,0,0.24096895492105327,33.27564014636292,33.51660910128397
2024-01-12T08:32:00Z,122.830963134766,289.247009277344,1289.46899414063,5600,5594.18,7000,5600,5320,7350,2024-01-12,8,412.07797241210994,0.7019230064257707,0.20192300642577066,-0.4038460128515413,-16.153840514061653,0,0.2692306752343609,33.006409471128556,33.27564014636292
2024-01-12T08:33:00Z,113.952003479004,295.692993164063,1298.64794921875,5600,5594.18,7000,5600,5320,7350,2024-01-12,8,409.64499664306703,0.7218274251783601,0.22182742517836007,-0.44365485035672014,-17.746194014268806,0,0.2957699002378134,32.71063957089074,33.006409471128556
2024-01-12T08:34:00Z,99.7959747314453,310.988006591797,1311.70397949219,5600,5594.18,7000,5600,5320,7350,2024-01-12,8,410.7839813232423,0.7570597217301988,0.25705972173019875,-0.5141194434603975,-20.5647777384159,0,0.342746295640265,32.367893275250474,32.71063957089074
2024-01-12T08:35:00Z,100.612968444824,309.002990722656,1311.08703613281,5600,5594.18,7000,5600,5320,7350,2024-01-12,8,409.61595916748,0.7543724403479937,0.25437244034799367,-0.5087448806959873,-20.349795227839493,0,0.33916325379732487,32.02873002145315,32.367893275250474
2024-01-12T08:36:00Z,110.53498840332,297.755004882813,1301.46496582031,5600,5594.18,7000,5600,5320,7350,2024-01-12,8,408.28999328613304,0.7292733345883003,0.22927333458830035,-0.4585466691766007,-18.341866767064026,0,0.3056977794510671,31.723032242002084,32.02873002145315
2024-01-12T08:37:00Z,112.11597442627,297.712036132813,1300.58410644531,5600,5594.18,7000,5600,5320,7350,2024-01-12,8,409.828010559083,0.7264316456229466,0.2264316456229466,-0.4528632912458932,-18.114531649835726,0,0.3019088608305954,31.421123381171487,31.723032242002084
2024-01-12T08:38:00Z,113.792976379395,293.735015869141,1298.50708007812,5600,5594.18,7000,5600,5320,7350,2024-01-12,8,407.527992248536,0.7207726130626214,0.22077261306262141,-0.44154522612524283,-17.66180904500971,0,0.29436348408349516,31.126759897087993,31.421123381171487
2024-01-12T08:39:00Z,124.424980163574,283.140014648438,1289.12707519531,5600,5594.18,7000,5600,5320,7350,2024-01-12,8,407.564994812012,0.694711317832964,0.19471131783296403,-0.38942263566592805,-15.576905426637122,0,0.25961509044395203,30.867144806644042,31.126759897087993
2024-01-12T08:40:00Z,156.000961303711,249.896026611328,1258.18493652344,5600,5594.18,7000,5600,5320,7350,2024-01-12,8,405.896987915039,0.6156636635688348,0.11566366356883484,-0.23132732713766968,-9.253093085506787,0,0.1542182180917798,30.71292658855226,30.867144806644042
2024-01-12T08:41:00Z,206.723999023438,197.630996704102,1207.46594238281,5600,5594.18,7000,5600,5320,7350,2024-01-12,8,404.35499572754,0.48875616424254226,-0.011243835757457743,0.022487671514915486,0.8995068605966194,0.014991781009943658,0,30.727918369562204,30.71292658855226
2024-01-12T08:42:00Z,210.438995361328,193.52001953125,1202.1611328125,5600,5594.18,7000,5600,5320,7350,2024-01-12,8,403.959014892578,0.47905854900332256,-0.020941450996677435,0.04188290199335487,1.6753160797341948,0.02792193466223658,0,30.755840304224442,30.727918369562204
2024-01-12T08:43:00Z,206.034973144531,199.738006591797,1205.6650390625,5600,5594.18,7000,5600,5320,7350,2024-01-12,8,405.772979736328,0.49224077641046254,-0.007759223589537456,0.015518447179074912,0.6207378871629965,0.010345631452716608,0,30.766185935677157,30.755840304224442
2024-01-12T08:44:00Z,189.843963623047,215.560028076172,1221.587890625,5600,5594.18,7000,5600,5320,7350,2024-01-12,8,405.403991699219,0.5317165900924385,0.031716590092438546,-0.06343318018487709,-2.5373272073950837,0,0.04228878678991806,30.72389714888724,30.766185935677157
2024-01-12T08:45:00Z,165.918975830078,237.549026489258,1249.26403808594,5600,5594.18,7000,5600,5320,7350,2024-01-12,8,403.46800231933605,0.5887679447284724,0.08876794472847238,-0.17753588945694476,-7.1014355782777905,0,0.11835725963796317,30.605539889249275,30.72389714888724
2024-01-12T08:46:00Z,161.899993896484,241.899002075195,1251.92907714844,5600,5594.18,7000,5600,5320,7350,2024-01-12,8,403.798995971679,0.5990579582623848,0.09905795826238484,-0.19811591652476968,-7.924636660990787,0,0.13207727768317978,30.473462611566095,30.605539889249275
2024-01-12T08:47:00Z,167.728988647461,234.871002197266,1244.34509277344,5600,5594.18,7000,5600,5320,7350,2024-01-12,8,402.599990844727,0.5833855130112261,0.0833855130112261,-0.1667710260224522,-6.670841040898088,0,0.11118068401496813,30.362281927551127,30.473462611566095
2024-01-12T08:48:00Z,155.899993896484,246.932006835938,1257.12805175781,5600,5594.18,7000,5600,5320,7350,2024-01-12,8,402.832000732422,0.612990046438641,0.11299004643864097,-0.22598009287728194,-9.039203715091277,0,0.1506533952515213,30.211628532299606,30.362281927551127
2024-01-12T08:49:00Z,156.426986694336,246.590042114258,1254.79296875,5600,5594.18,7000,5600,5320,7350,2024-01-12,8,403.017028808594,0.6118601063663037,0.11186010636630372,-0.22372021273260745,-8.948808509304298,0,0.14914680848840497,30.062481723811203,30.211628532299606
2024-01-12T08:50:00Z,137.551986694336,264.414001464844,1272.64807128906,5600,5594.18,7000,5600,5320,7350,2024-01-12,8,401.96598815918,0.6578019266648378,0.15780192666483783,-0.31560385332967567,-12.624154133187027,0,0.21040256888645045,29.852079154924752,30.062481723811203
2024-01-12T08:51:00Z,100.308006286621,301.979034423828,1312.80407714844,5600,5594.18,7000,5600,5320,7350,2024-01-12,8,402.287040710449,0.750655636061568,0.25065563606156804,-0.5013112721231361,-20.05245088492544,0,0.3342075147487574,29.517871640175994,29.852079154924752
2024-01-12T08:52:00Z,104.524002075195,296.275970458984,1306.83898925781,5600,5594.18,7000,5600,5320,7350,2024-01-12,8,400.799972534179,0.7392115537974955,0.23921155379749548,-0.47842310759499096,-19.13692430379964,0,0.31894873839666066,29.198922901779333,29.517871640175994
2024-01-12T08:53:00Z,81.5009841918945,320.827026367188,1328.94299316406,5600,5594.18,7000,5600,5320,7350,2024-01-12,8,402.3280105590825,0.7974265225067497,0.2974265225067497,-0.5948530450134994,-23.794121800539976,0,0.39656869667566624,28.80235420510367,29.198922901779333
2024-01-12T08:54:00Z,82.1000137329102,319.643981933594,1329.78405761719,5600,5594.18,7000,5600,5320,7350,2024-01-12,8,401.7439956665042,0.7956409688296546,0.2956409688296546,-0.5912819376593093,-23.65127750637237,0,0.3941879584395395,28.40816624666413,28.80235420510367
2024-01-12T08:55:00Z,82.276969909668,320.215026855469,1327.42297363281,5600,5594.18,7000,5600,5320,7350,2024-01-12,8,402.49199676513695,0.7955811032991088,0.2955811032991088,-0.5911622065982176,-23.646488263928703,0,0.39410813773214504,28.014058108931984,28.40816624666413
2024-01-12T08:56:00Z,114.505981445313,287.712005615234,1293.9169921875,5600,5594.18,7000,5600,5320,7350,2024-01-12,8,402.217987060547,0.7153136231372067,0.2153136231372067,-0.4306272462744134,-17.225089850976538,0,0.28708483084960895,27.726973278082376,28.014058108931984
2024-01-12T08:57:00Z,139.585983276367,260.872009277344,1269.28491210938,5600,5594.18,7000,5600,5320,7350,2024-01-12,8,400.45799255371094,0.6514341432262832,0.15143414322628324,-0.30286828645256647,-12.114731458102659,0,0.20191219096837765,27.525061087113997,27.726973278082376
2024-01-12T08:58:00Z,158.744979858398,244.455001831055,1250.7041015625,5600,5594.18,7000,5600,5320,7350,2024-01-12,8,403.199981689453,0.6062872344556198,0.10628723445561983,-0.21257446891123966,-8.502978756449586,0,0.1417163126074931,27.383344774506504,27.525061087113997
2024-01-12T08:59:00Z,166.817977905273,233.269027709961,1241.4521484375,5600,5594.18,7000,5600,5320,7350,2024-01-12,8,400.08700561523403,0.5830457486397275,0.08304574863972747,-0.16609149727945494,-6.643659891178197,0,0.11072766485296996,27.272617109653535,27.383344774506504
2024-01-12T09:00:00Z,165.040985107422,234.986999511719,1243.001953125,4950,4906.65,6187.5,4950,4702.5,6496.88,2024-01-12,9,400.02798461914097,0.5874264015189978,0.08742640151899783,-0.17485280303799566,-6.9941121215198265,0,0.11656853535866378,27.15604857429487,27.272617109653535
2024-01-12T09:01:00Z,167.74299621582,237.2919921875,1239.7041015625,4950,4906.65,6187.5,4950,4702.5,6496.88,2024-01-12,9,405.03498840331997,0.585855540833457,0.08585554083345703,-0.17171108166691407,-6.868443266676563,0,0.11447405444460938,27.04157451985026,27.15604857429487
2024-01-12T09:02:00Z,179.501968383789,226.705993652344,1225.998046875,4950,4906.65,6187.5,4950,4702.5,6496.88,2024-01-12,9,406.20796203613304,0.5581032742833781,0.05810327428337814,-0.11620654856675627,-4.648261942670251,0,0.07747103237783752,26.964103487472425,27.04157451985026
2024-01-12T09:03:00Z,183.839965820313,224.182998657227,1221.7529296875,4950,4906.65,6187.5,4950,4702.5,6496.88,2024-01-12,9,408.02296447754,0.5494372086244851,0.049437208624485085,-0.09887441724897017,-3.954976689958807,0,0.06591627816598011,26.898187209306446,26.964103487472425
2024-01-12T09:04:00Z,186.461975097656,221.498016357422,1219.0380859375,4950,4906.65,6187.5,4950,4702.5,6496.88,2024-01-12,9,407.959991455078,0.5429405358290188,0.0429405358290188,-0.0858810716580376,-3.435242866321504,0,0.057254047772025064,26.84093316153442,26.898187209306446
2024-01-12T09:05:00Z,190.486968994141,217.143997192383,1214.51306152344,4950,4906.65,6187.5,4950,4702.5,6496.88,2024-01-12,9,407.630966186524,0.5326975014283437,0.03269750142834371,-0.06539500285668742,-2.615800114267497,0,0.04359666857112495,26.797336492963293,26.84093316153442
2024-01-12T09:06:00Z,189.622970581055,215.802001953125,1215.27709960938,4950,4906.65,6187.5,4950,4702.5,6496.88,2024-01-12,9,405.42497253418003,0.5322859137270619,0.03228591372706191,-0.06457182745412382,-2.582873098164953,0,0.04304788496941588,26.754288607993878,26.797336492963293
2024-01-12T09:07:00Z,189.730972290039,215.21403503418,1215.26892089844,4950,4906.65,6187.5,4950,4702.5,6496.88,2024-01-12,9,404.945007324219,0.5314648437235059,0.031464843723505886,-0.06292968744701177,-2.517187497880471,0,0.041953124964674515,26.712335483029204,26.754288607993878
2024-01-12T09:08:00Z,192.2509765625,210.605026245117,1213.14892578125,4950,4906.65,6187.5,4950,4702.5,6496.88,2024-01-12,9,402.85600280761696,0.5227799133619736,0.022779913361973603,-0.045559826723947205,-1.8223930689578882,0,0.030373217815964804,26.68196226521324,26.712335483029204
2024-01-12T09:09:00Z,191.40299987793,212.842010498047,1214.48400878906,4950,4906.65,6187.5,4950,4702.5,6496.88,2024-01-12,9,404.245010375977,0.5265173472397063,0.026517347239706335,-0.05303469447941267,-2.121387779176507,0,0.035356462986275115,26.646605802226965,26.68196226521324
2024-01-12T09:10:00Z,184.700012207031,218.996994018555,1226.11096191406,4950,4906.65,6187.5,4950,4702.5,6496.88,2024-01-12,9,403.697006225586,0.5424786179766203,0.042478617976620336,-0.08495723595324067,-3.398289438129627,0,0.05663815730216045,26.589967644924805,26.646605802226965
2024-01-12T09:11:00Z,186.971984863281,214.494003295898,1218.92797851563,4950,4906.65,6187.5,4950,4702.5,6496.88,2024-01-12,9,401.465988159179,0.5342768992197973,0.03427689921979726,-0.06855379843959453,-2.742151937583781,0,0.045702532293063015,26.54426511263174,26.589967644924805
2024-01-12T09:12:00Z,177.400009155273,223.100997924805,1229.29907226563,4950,4906.65,6187.5,4950,4702.5,6496.88,2024-01-12,9,400.501007080078,0.55705477384779,0.05705477384779001,-0.11410954769558002,-4.564381907823201,0,0.07607303179705334,26.468192080834687,26.54426511263174
2024-01-12T09:13:00Z,178,222.174987792969,1230.14306640625,4950,4906.65,6187.5,4950,4702.5,6496.88,2024-01-12,9,400.174987792969,0.5551945887930195,0.05519458879301953,-0.11038917758603906,-4.415567103441562,0,0.07359278505735938,26.394599295777326,26.468192080834687
2024-01-12T09:14:00Z,171.900009155273,228.378005981445,1236.95202636719,4950,4906.65,6187.5,4950,4702.5,6496.88,2024-01-12,9,400.278015136718,0.5705484621818182,0.0705484621818182,-0.1410969243636364,-5.6438769745454564,0,0.09406461624242428,26.300534679534902,26.394599295777326
2024-01-12T09:15:00Z,158,240.923004150391,1247.47094726563,4950,4906.65,6187.5,4950,4702.5,6496.88,2024-01-12,9,398.92300415039097,0.6039335953149617,0.10393359531496171,-0.20786719062992343,-8.314687625196937,0,0.13857812708661563,26.161956552448288,26.300534679534902
2024-01-12T09:16:00Z,142.797973632813,255.902008056641,1261.42309570312,4950,4906.65,6187.5,4950,4702.5,6496.88,2024-01-12,9,398.69998168945403,0.6418410328796106,0.14184103287961058,-0.28368206575922117,-11.347282630368847,0,0.1891213771728141,25.972835175275474,26.161956552448288
2024-01-12T09:17:00Z,128.178970336914,273.682006835937,1275.62109375,4950,4906.65,6187.5,4950,4702.5,6496.88,2024-01-12,9,401.860977172851,0.6810365334831183,0.18103653348311832,-0.36207306696623665,-14.482922678649466,0,0.24138204464415777,25.731453130631316,25.972835175275474
2024-01-12T09:18:00Z,125.054977416992,274.014038085938,1278.94409179688,4950,4906.65,6187.5,4950,4702.5,6496.88,2024-01-12,9,399.06901550293003,0.6866332073929858,0.18663320739298583,-0.37326641478597167,-14.930656591438867,0,0.2488442765239811,25.482608854107333,25.731453130631316
2024-01-12T09:19:00Z,96.2000122070313,304.227996826172,1312.6220703125,4950,4906.65,6187.5,4950,4702.5,6496.88,2024-01-12,9,400.4280090332033,0.7597570348805085,0.2597570348805085,-0.519514069761017,-20.78056279044068,0,0.34634271317401133,25.136266140933323,25.482608854107333
2024-01-12T09:20:00Z,91.8009719848633,309.786987304688,1315.01306152344,4950,4906.65,6187.5,4950,4702.5,6496.88,2024-01-12,9,401.5879592895513,0.7714050686497965,0.2714050686497965,-0.542810137299593,-21.712405491983723,0,0.3618734248663954,24.774392716066927,25.136266140933323
2024-01-12T09:21:00Z,94.97998046875,303.920013427734,1309.5,4950,4906.65,6187.5,4950,4702.5,6496.88,2024-01-12,9,398.899993896484,0.761895257152103,0.26189525715210304,-0.5237905143042061,-20.951620572168245,0,0.3491936762028041,24.425199039864122,24.774392716066927
2024-01-12T09:22:00Z,92.8029937744141,308.766998291016,1312.93103027344,4950,4906.65,6187.5,4950,4702.5,6496.88,2024-01-12,9,401.56999206543014,0.7688995801277572,0.26889958012775717,-0.5377991602555143,-21.511966410220573,0,0.35853277350367624,24.066666266360446,24.425199039864122
2024-01-12T09:23:00Z,90.7569808959961,311.364013671875,1315.04907226563,4950,4906.65,6187.5,4950,4702.5,6496.88,2024-01-12,9,402.1209945678711,0.7743042961645767,0.27430429616457674,-0.5486085923291535,-21.94434369316614,0,0.365739061552769,23.700927204807677,24.066666266360446
2024-01-12T09:24:00Z,88.9539794921875,313.863006591797,1316.04602050781,4950,4906.65,6187.5,4950,4702.5,6496.88,2024-01-12,9,402.8169860839845,0.7791702371914345,0.2791702371914345,-0.558340474382869,-22.333618975314764,0,0.37222698292191275,23.328700221885764,23.700927204807677
2024-01-12T09:25:00Z,89.6789855957031,310.377014160156,1316.77514648438,4950,4906.65,6187.5,4950,4702.5,6496.88,2024-01-12,9,400.05599975585915,0.7758339191252444,0.27583391912524435,-0.5516678382504887,-22.06671353001955,0,0.3677785588336591,22.960921663052105,23.328700221885764
2024-01-12T09:26:00Z,118.083984375,284.403015136719,1287.03503417969,4950,4906.65,6187.5,4950,4702.5,6496.88,2024-01-12,9,402.486999511719,0.7066141651326509,0.20661416513265085,-0.4132283302653017,-16.529133210612066,0,0.2754855535102011,22.685436109541904,22.960921663052105
2024-01-12T09:27:00Z,114.221977233887,284.554016113281,1289.373046875,4950,4906.65,6187.5,4950,4702.5,6496.88,2024-01-12,9,398.775993347168,0.7135685719815957,0.21356857198159573,-0.42713714396319147,-17.08548575852766,0,0.28475809597546103,22.40067801356644,22.685436109541904
2024-01-12T09:28:00Z,125.193992614746,274.322021484375,1278.38610839844,4950,4906.65,6187.5,4950,4702.5,6496.88,2024-01-12,9,399.516014099121,0.6866358588977988,0.18663585889779877,-0.37327171779559754,-14.930868711823901,0,0.2488478118637317,22.151830201702708,22.40067801356644
2024-01-12T09:29:00Z,123.208992004395,276.410003662109,1280.15515136719,4950,4906.65,6187.5,4950,4702.5,6496.88,2024-01-12,9,399.61899566650396,0.6916838455116453,0.1916838455116453,-0.3833676910232906,-15.334707640931624,0,0.25557846068219375,21.896251741020514,22.151830201702708
2024-01-12T09:30:00Z,123.74299621582,277.35498046875,1279.58203125,4950,4906.65,6187.5,4950,4702.5,6496.88,2024-01-12,9,401.09797668456997,0.6914893532032611,0.1914893532032611,-0.3829787064065222,-15.319148256260888,0,0.25531913760434816,21.640932603416164,21.896251741020514
2024-01-12T09:31:00Z,123.44799041748,274.847015380859,1280.2880859375,4950,4906.65,6187.5,4950,4702.5,6496.88,2024-01-12,9,398.295005798339,0.6900589045297167,0.19005890452971674,-0.3801178090594335,-15.20471236237734,0,0.253411872706289,21.387520730709877,21.640932603416164
2024-01-12T09:32:00Z,127.100982666016,272.954010009766,1275.90795898438,4950,4906.65,6187.5,4950,4702.5,6496.88,2024-01-12,9,400.05499267578205,0.6822912224744488,0.18229122247444884,-0.3645824449488977,-14.583297797955908,0,0.24305496329926513,21.144465767410612,21.387520730709877
2024-01-12T09:33:00Z,130,269.27099609375,1274.59008789062,4950,4906.65,6187.5,4950,4702.5,6496.88,2024-01-12,9,399.27099609375,0.6744066028540785,0.1744066028540785,-0.348813205708157,-13.95252822832628,0,0.23254213713877134,20.91192363027184,21.144465767410612
2024-01-12T09:34:00Z,140.635986328125,257.164001464844,1263.57800292969,4950,4906.65,6187.5,4950,4702.5,6496.88,2024-01-12,9,397.799987792969,0.6464655841032414,0.1464655841032414,-0.2929311682064828,-11.717246728259312,0,0.19528744547098853,20.71663618480085,20.91192363027184
2024-01-12T09:35:00Z,160.300018310547,238.474014282227,1244.93798828125,4950,4906.65,6187.5,4950,4702.5,6496.88,2024-01-12,9,398.774032592774,0.5980179118778164,0.09801791187781639,-0.19603582375563278,-7.841432950225311,0,0.13069054917042186,20.58594563563043,20.71663618480085
2024-01-12T09:36:00Z,185.902008056641,214.185012817383,1216.77893066406,4950,4906.65,6187.5,4950,4702.5,6496.88,2024-01-12,9,400.087020874024,0.5353460663369627,0.03534606633696269,-0.07069213267392538,-2.827685306957015,0,0.04712808844928359,20.538817547181146,20.58594563563043
2024-01-12T09:37:00Z,203.052993774414,195.593978881836,1199.90405273438,4950,4906.65,6187.5,4950,4702.5,6496.88,2024-01-12,9,398.64697265625,0.49064458605708533,-0.00935541394291467,0.01871082788582934,0.7484331154331736,0.01247388525721956,0,20.551291432438365,20.538817547181146
2024-01-12T09:38:00Z,220.009002685547,178.980987548828,1182.4970703125,4950,4906.65,6187.5,4950,4702.5,6496.88,2024-01-12,9,398.989990234375,0.4485851573461551,-0.05141484265384488,0.10282968530768977,4.113187412307591,0.06855312353845984,0,20.619844555976826,20.551291432438365
2024-01-12T09:39:00Z,233.310012817383,165.500991821289,1170.77709960937,4950,4906.65,6187.5,4950,4702.5,6496.88,2024-01-12,9,398.811004638672,0.4149860206872553,-0.08501397931274468,0.17002795862548936,6.8011183450195745,0.11335197241699291,0,20.73319652839382,20.619844555976826
2024-01-12T09:40:00Z,244.11799621582,153.587020874023,1158.71398925781,4950,4906.65,6187.5,4950,4702.5,6496.88,2024-01-12,9,397.705017089843,0.38618326215212706,-0.11381673784787294,0.22763347569574588,9.105339027829835,0.15175565046383058,0,20.88495217885765,20.73319652839382
2024-01-12T09:41:00Z,252.249969482422,145.520004272461,1150.17810058594,4950,4906.65,6187.5,4950,4702.5,6496.88,2024-01-12,9,397.769973754883,0.3658395904013974,-0.1341604095986026,0.2683208191972052,10.732832767888208,0.17888054613147014,0,21.06383272498912,20.88495217885765
2024-01-12T09:42:00Z,231.744979858398,172.455001831055,1168.61206054687,4950,4906.65,6187.5,4950,4702.5,6496.88,2024-01-12,9,404.199981689453,0.4266576191078411,-0.07334238089215889,0.14668476178431777,5.867390471372711,0.09778984118954519,0,21.161622566178664,21.06383272498912
2024-01-12T09:43:00Z,182.983001708984,224.79997253418,1216.2470703125,4950,4906.65,6187.5,4950,4702.5,6496.88,2024-01-12,9,407.782974243164,0.5512735615100255,0.05127356151002549,-0.10254712302005098,-4.101884920802039,0,0.06836474868003399,21.093257817498632,21.161622566178664
2024-01-12T09:44:00Z,181.07600402832,220.751998901367,1211.79406738281,4950,4906.65,6187.5,4950,4702.5,6496.88,2024-01-12,9,401.828002929687,0.5493693751851207,0.049369375185120745,-0.09873875037024149,-3.9495500148096596,0,0.06582583358016099,21.027431983918472,21.093257817498632
2024-01-12T09:45:00Z,182.800979614258,218.353042602539,1208.75805664063,4950,4906.65,6187.5,4950,4702.5,6496.88,2024-01-12,9,401.154022216797,0.5443122354748166,0.04431223547481655,-0.0886244709496331,-3.544978837985324,0,0.059082980633088734,20.968349003285383,21.027431983918472
2024-01-12T09:46:00Z,189,206.275985717773,1199.02893066406,4950,4906.65,6187.5,4950,4702.5,6496.88,2024-01-12,9,395.275985717773,0.521853067656516,0.021853067656515957,-0.04370613531303191,-1.7482454125212765,0,0.029137423542021274,20.93921157974336,20.968349003285383
2024-01-12T09:47:00Z,188.600006103516,204.317993164062,1197.2509765625,4950,4906.65,6187.5,4950,4702.5,6496.88,2024-01-12,9,392.917999267578,0.5200016124100261,0.02000161241002607,-0.04000322482005214,-1.6001289928020856,0,0.02666881654670143,20.912542763196658,20.93921157974336
2024-01-12T09:48:00Z,181.429977416992,212.070022583008,1201.56201171875,4950,4906.65,6187.5,4950,4702.5,6496.88,2024-01-12,9,393.5,0.5389327130444931,0.038932713044493084,-0.07786542608898617,-3.1146170435594467,0,0.05191028405932411,20.860632479137333,20.912542763196658
2024-01-12T09:49:00Z,156.009994506836,233.835006713867,1224.99011230469,4950,4906.65,6187.5,4950,4702.5,6496.88,2024-01-12,9,389.845001220703,0.5998153265571461,0.09981532655714609,-0.19963065311429218,-7.985226124571687,0,0.13308710207619479,20.727545377061137,20.860632479137333
2024-01-12T09:50:00Z,136.847991943359,254.488006591797,1244.46997070312,4950,4906.65,6187.5,4950,4702.5,6496.88,2024-01-12,9,391.335998535156,0.6503056390017614,0.15030563900176142,-0.30061127800352283,-12.024451120140913,0,0.2004075186690152,20.527137858392123,20.727545377061137
2024-01-12T09:51:00Z,143.559997558594,250.693008422852,1240.03601074219,4950,4906.65,6187.5,4950,4702.5,6496.88,2024-01-12,9,394.253005981446,0.6358683500682044,0.1358683500682044,-0.2717367001364088,-10.869468005456353,0,0.1811578000909392,20.345980058301183,20.527137858392123
2024-01-12T09:52:00Z,138.2509765625,254.905014038086,1243.53698730469,4950,4906.65,6187.5,4950,4702.5,6496.88,2024-01-12,9,393.155990600586,0.64835592012395,0.14835592012395005,-0.2967118402479001,-11.868473609916004,0,0.19780789349860006,20.148172164802585,20.345980058301183
2024-01-12T09:53:00Z,128.272003173828,266.673034667969,1254.70190429688,4950,4906.65,6187.5,4950,4702.5,6496.88,2024-01-12,9,394.945037841797,0.6752155594237144,0.17521555942371436,-0.3504311188474287,-14.017244753897149,0,0.23362074589828583,19.9145514189043,20.148172164802585
2024-01-12T09:54:00Z,102.097991943359,293.717987060547,1280.13208007812,4950,4906.65,6187.5,4950,4702.5,6496.88,2024-01-12,9,395.815979003906,0.7420569220062955,0.24205692200629547,-0.48411384401259094,-19.36455376050364,0,0.3227425626750607,19.59180885622924,19.9145514189043
2024-01-12T09:55:00Z,95.6009750366211,297.140991210938,1284.79907226563,4950,4906.65,6187.5,4950,4702.5,6496.88,2024-01-12,9,392.7419662475591,0.7565806986453787,0.2565806986453787,-0.5131613972907574,-20.526455891630295,0,0.34210759819383824,19.2497012580354,19.59180885622924
2024-01-12T09:56:00Z,89.6439743041992,303.488983154297,1291.83911132813,4950,4906.65,6187.5,4950,4702.5,6496.88,2024-01-12,9,393.1329574584962,0.771975428151014,0.27197542815101405,-0.5439508563020281,-21.758034252081124,0,0.36263390420135205,18.88706735383405,19.2497012580354
2024-01-12T09:57:00Z,94.8619918823242,298.342041015625,1286.78002929688,4950,4906.65,6187.5,4950,4702.5,6496.88,2024-01-12,9,393.2040328979492,0.7587461370037769,0.2587461370037769,-0.5174922740075538,-20.699690960302153,0,0.3449948493383692,18.54207250449568,18.88706735383405
2024-01-12T09:58:00Z,106.183982849121,287.780029296875,1276.55798339844,4950,4906.65,6187.5,4950,4702.5,6496.88,2024-01-12,9,393.964012145996,0.7304728869250852,0.23047288692508516,-0.4609457738501703,-18.437830954006813,0,0.30729718256678024,18.234775321928897,18.54207250449568
2024-01-12T09:59:00Z,120.918983459473,271.977020263672,1260.88000488281,4950,4906.65,6187.5,4950,4702.5,6496.88,2024-01-12,9,392.896003723145,0.6922366674294839,0.19223666742948387,-0.38447333485896773,-15.37893339435871,0,0.25631555657264515,17.978459765356252,18.234775321928897
2024-01-12T10:00:00Z,259.448974609375,48.2890129089355,965.573974609375,4200,4179.23,5250,4200,3990,5512.5,2024-01-12,10,307.7379875183105,0.15691599629396513,-0.34308400370603487,0.6861680074120697,27.446720296482788,0.4574453382747131,0,18.435905103630965,17.978459765356252
2024-01-12T10:01:00Z,256.405944824219,52.4120140075684,970.385009765625,4200,4179.23,5250,4200,3990,5512.5,2024-01-12,10,308.8179588317874,0.16971815436458193,-0.33028184563541807,0.6605636912708361,26.422547650833444,0.4403757941805574,0,18.876280897811522,18.435905103630965
2024-01-12T10:02:00Z,242.927993774414,66.1900024414063,984.220031738281,4200,4179.23,5250,4200,3990,5512.5,2024-01-12,10,309.1179962158203,0.21412536070916333,-0.2858746392908367,0.5717492785816733,22.869971143266934,0.38116618572111555,0,19.25744708353264,18.876280897811522
2024-01-12T10:03:00Z,236.409973144531,72.8419876098633,993.590026855469,4200,4179.23,5250,4200,3990,5512.5,2024-01-12,10,309.2519607543943,0.23554252471729317,-0.2644574752827068,0.5289149505654136,21.156598022616542,0.35260996704360903,0,19.61005705057625,19.25744708353264
2024-01-12T10:04:00Z,233.444000244141,61.6510009765625,1001.15100097656,4200,4179.23,5250,4200,3990,5512.5,2024-01-12,10,295.09500122070347,0.20891916407100816,-0.2910808359289918,0.5821616718579836,23.286466874319345,0.38810778123865575,0,19.998164831814904,19.61005705057625
2024-01-12T10:05:00Z,203.835968017578,89.4640197753906,1029.1640625,4200,4179.23,5250,4200,3990,5512.5,2024-01-12,10,293.29998779296864,0.3050256512064381,-0.1949743487935619,0.3899486975871238,15.597947903484952,0.25996579839141587,0,20.25813063020632,19.998164831814904
2024-01-12T10:06:00Z,200.762969970703,92.5370254516602,1032.23706054688,4200,4179.23,5250,4200,3990,5512.5,2024-01-12,10,293.2999954223632,0.31550298975764846,-0.18449701024235154,0.3689940204847031,14.759760819388124,0.24599601365646873,0,20.50412664386279,20.25813063020632
2024-01-12T10:07:00Z,198.641998291016,95.984016418457,1035.68408203125,4200,4179.23,5250,4200,3990,5512.5,2024-01-12,10,294.626014709473,0.3257825569582022,-0.17421744304179781,0.34843488608359563,13.937395443343824,0.2322899240557304,0,20.73641656791852,20.50412664386279
2024-01-12T10:08:00Z,197.940994262695,95.3590087890625,1035.05908203125,4200,4179.23,5250,4200,3990,5512.5,2024-01-12,10,293.30000305175747,0.32512447254299853,-0.17487552745700147,0.34975105491400293,13.990042196560118,0.23316736994266865,0,20.96958393786119,20.73641656791852
2024-01-12T10:09:00Z,208.807983398437,86.2160186767578,1025.51599121094,4200,4179.23,5250,4200,3990,5512.5,2024-01-12,10,295.0240020751948,0.2922339134115038,-0.2077660865884962,0.4155321731769924,16.621286927079698,0.2770214487846616,0,21.246605386645854,20.96958393786119
2024-01-12T10:10:00Z,223.075988769531,71.8740234375,1010.87408447266,4200,4179.23,5250,4200,3990,5512.5,2024-01-12,10,294.950012207031,0.2436820493740148,-0.25631795062598517,0.5126359012519703,20.505436050078814,0.3417572675013136,0,21.58836265414717,21.246605386645854
2024-01-12T10:11:00Z,223.902969360352,70.2970199584961,1009.09710693359,4200,4179.23,5250,4200,3990,5512.5,2024-01-12,10,294.1999893188481,0.2389429725040186,-0.26105702749598136,0.5221140549919627,20.88456219967851,0.3480760366613085,0,21.936438690808476,21.58836265414717
2024-01-12T10:12:00Z,235.544982910156,59.6640205383301,998.564025878906,4200,4179.23,5250,4200,3990,5512.5,2024-01-12,10,295.2090034484861,0.20210772653057466,-0.2978922734694254,0.5957845469388507,23.83138187755403,0.3971896979592338,0,22.33362838876771,21.936438690808476
2024-01-12T10:13:00Z,261.56494140625,33.4190330505371,972.419006347656,4200,4179.23,5250,4200,3990,5512.5,2024-01-12,10,294.9839744567871,0.11329101220525027,-0.3867089877947497,0.7734179755894994,30.936719023579975,0.5156119837263329,0,22.849240372494044,22.33362838876771
2024-01-12T10:14:00Z,283.931976318359,11.1870059967041,950.18701171875,4200,4179.23,5250,4200,3990,5512.5,2024-01-12,10,295.1189823150631,0.03790676529495848,-0.4620932347050415,0.924186469410083,36.96745877640332,0.6161243129400553,0,23.4653646854341,22.849240372494044
2024-01-12T10:15:00Z,288.992980957031,5.18600082397461,944.074035644531,4200,4179.23,5250,4200,3990,5512.5,2024-01-12,10,294.17898178100563,0.017628726541161266,-0.48237127345883873,0.9647425469176775,38.589701876707096,0.6431616979451182,0,24.108526383379218,23.4653646854341
2024-01-12T10:16:00Z,274.476989746094,18.8230056762695,958.523010253906,4200,4179.23,5250,4200,3990,5512.5,2024-01-12,10,293.29999542236345,0.06417663133326557,-0.43582336866673443,0.8716467373334689,34.86586949333876,0.5810978248889793,0,24.689624208268196,24.108526383379218
2024-01-12T10:17:00Z,46.8619995117188,249.092987060547,1189.43798828125,4200,4179.23,5250,4200,3990,5512.5,2024-01-12,10,295.9549865722658,0.8416583546894347,0.34165835468943473,-0.6833167093788695,-27.33266837515478,0,0.4555444729192463,24.23407973534895,24.689624208268196
2024-01-12T10:18:00Z,39.8929786682129,252.510009765625,1197.2099609375,4200,4179.23,5250,4200,3990,5512.5,2024-01-12,10,292.4029884338379,0.863568498797202,0.363568498797202,-0.727136997594404,-29.08547990377616,0,0.4847579983962694,23.74932173695268,24.23407973534895
2024-01-12T10:19:00Z,64.5979919433594,223.808013916016,1168.50793457031,4200,4179.23,5250,4200,3990,5512.5,2024-01-12,10,288.4060058593754,0.7760171749860961,0.2760171749860961,-0.5520343499721923,-22.081373998887692,0,0.36802289998146154,23.38129883697122,23.74932173695268
2024-01-12T10:20:00Z,88.4899749755859,201.679000854492,1145.52294921875,4200,4179.23,5250,4200,3990,5512.5,2024-01-12,10,290.1689758300779,0.6950398479973773,0.19503984799737728,-0.39007969599475456,-15.603187839790182,0,0.2600531306631697,23.12124570630805,23.38129883697122
2024-01-12T10:21:00Z,208.625991821289,80.77001953125,1025.46997070313,4200,4179.23,5250,4200,3990,5512.5,2024-01-12,10,289.396011352539,0.2790985928028457,-0.2209014071971543,0.4418028143943086,17.672112575772342,0.2945352095962057,0,23.415780915904254,23.12124570630805
2024-01-12T10:22:00Z,227.274978637695,61.9390106201172,1006.10900878906,4200,4179.23,5250,4200,3990,5512.5,2024-01-12,10,289.2139892578122,0.2141632594573539,-0.2858367405426461,0.5716734810852921,22.866939243411686,0.38111565405686143,0,23.796896569961113,23.415780915904254
2024-01-12T10:23:00Z,237.678970336914,51.7280158996582,995.321105957031,4200,4179.23,5250,4200,3990,5512.5,2024-01-12,10,289.4069862365722,0.17873796542483522,-0.3212620345751648,0.6425240691503296,25.700962766013184,0.42834937943355306,0,24.225245949394665,23.796896569961113
2024-01-12T10:24:00Z,247.460952758789,42.6040115356445,985.5390625,4200,4179.23,5250,4200,3990,5512.5,2024-01-12,10,290.0649642944335,0.14687748187471153,-0.3531225181252885,0.706245036250577,28.249801450023078,0.4708300241670513,0,24.696075973561715,24.225245949394665
2024-01-12T10:25:00Z,270.927978515625,18.4160232543945,962.116027832031,4200,4179.23,5250,4200,3990,5512.5,2024-01-12,10,289.3440017700195,0.06364750311648826,-0.43635249688351174,0.8727049937670235,34.908199750680936,0.5818033291780156,0,25.27787930273973,24.696075973561715
2024-01-12T10:26:00Z,281.867980957031,7.13201141357422,951.131958007812,4200,4179.23,5250,4200,3990,5512.5,2024-01-12,10,288.99999237060524,0.024678240836865956,-0.475321759163134,0.950643518326268,38.025740733050725,0.6337623455508454,0,25.911641648290576,25.27787930273973
2024-01-12T10:27:00Z,289.756011962891,4.04799461364746,947.244018554687,4200,4179.23,5250,4200,3990,5512.5,2024-01-12,10,293.8040065765385,0.013777874103268644,-0.48622212589673136,0.9724442517934627,38.897770071738506,0.6482961678623085,0,26.559937816152885,25.911641648290576
2024-01-12T10:28:00Z,283.52001953125,7.48002624511719,953.480041503906,4200,4179.23,5250,4200,3990,5512.5,2024-01-12,10,291.0000457763672,0.025704553499849177,-0.4742954465001508,0.9485908930003016,37.94363572001207,0.6323939286668678,0,27.192331744819754,26.559937816152885
2024-01-12T10:29:00Z,290.588012695313,4.77001571655273,947.340087890625,4200,4179.23,5250,4200,3990,5512.5,2024-01-12,10,295.35802841186575,0.016149944330956602,-0.4838500556690434,0.9677001113380868,38.70800445352347,0.6451334075587245,0,27.837465152378478,27.192331744819754
2024-01-12T10:30:00Z,289.453002929688,3.82901763916016,948.679992675781,4200,4179.23,5250,4200,3990,5512.5,2024-01-12,10,293.28202056884817,0.013055753065712718,-0.4869442469342873,0.9738884938685746,38.955539754742986,0.6492589959123831,0,28.48672414829086,27.837465152378478
2024-01-12T10:31:00Z,285.908020019531,5.78401184082031,951.784057617188,4200,4179.23,5250,4200,3990,5512.5,2024-01-12,10,291.69203186035134,0.019829173268570557,-0.48017082673142947,0.9603416534628589,38.41366613851436,0.6402277689752393,0,29.1269519172661,28.48672414829086
2024-01-12T10:32:00Z,290.710968017578,1.65000152587891,946.2890625,4200,4179.23,5250,4200,3990,5512.5,2024-01-12,10,292.3609695434569,0.005643713415150827,-0.49435628658484915,0.9887125731696983,39.54850292678793,0.6591417154464655,0,29.786093632712568,29.1269519172661
2024-01-12T10:33:00Z,289.443969726563,3.25699806213379,947.556030273438,4200,4179.23,5250,4200,3990,5512.5,2024-01-12,10,292.7009677886968,0.01112739082053546,-0.4888726091794645,0.977745218358929,39.10980873435716,0.6518301455726193,0,30.43792377828519,29.786093632712568
2024-01-12T10:34:00Z,284.728942871094,7.21501922607422,953.015075683594,4200,4179.23,5250,4200,3990,5512.5,2024-01-12,10,291.9439620971682,0.024713712776402042,-0.47528628722359795,0.9505725744471959,38.02290297788784,0.633715049631464,0,31.071638827916654,30.43792377828519
2024-01-12T10:35:00Z,288.724975585938,4.52801513671875,949.126037597656,4200,4179.23,5250,4200,3990,5512.5,2024-01-12,10,293.25299072265676,0.015440644358171638,-0.48455935564182834,0.9691187112836567,38.764748451346264,0.6460791408557711,0,31.717717968772426,31.071638827916654
2024-01-12T10:36:00Z,286.590972900391,4.94802284240723,950.848083496094,4200,4179.23,5250,4200,3990,5512.5,2024-01-12,10,291.53899574279825,0.01697207891452188,-0.4830279210854781,0.9660558421709562,38.642233686838246,0.6440372281139708,0,32.3617551968864,31.717717968772426
2024-01-12T10:37:00Z,287.622009277344,6.95699977874756,949.934997558594,4200,4179.23,5250,4200,3990,5512.5,2024-01-12,10,294.57900905609154,0.023616753281367923,-0.4763832467186321,0.9527664934372642,38.110659737490565,0.6351776622915094,0,32.99693285917791,32.3617551968864
2024-01-12T10:38:00Z,141.684997558594,149.802001953125,1096.10791015625,4200,4179.23,5250,4200,3990,5512.5,2024-01-12,10,291.486999511719,0.5139234415396366,0.01392344153963665,-0.0278468830792733,-1.113875323170932,0,0.018564588719515534,32.9783682704584,32.99693285917791
2024-01-12T10:39:00Z,131.524993896484,161.920989990234,1106.45202636719,4200,4179.23,5250,4200,3990,5512.5,2024-01-12,10,293.445983886718,0.5517914671912567,0.05179146719125671,-0.10358293438251343,-4.143317375300537,0,0.06905528958834228,32.909312980870055,32.9783682704584
2024-01-12T10:40:00Z,133.113983154297,161.082000732422,1103.88598632812,4200,4179.23,5250,4200,3990,5512.5,2024-01-12,10,294.195983886719,0.5475329697037845,0.04753296970378451,-0.09506593940756902,-3.802637576302761,0,0.06337729293837935,32.84593568793168,32.909312980870055
2024-01-12T10:41:00Z,131.272003173828,159.880996704102,1106.58093261719,4200,4179.23,5250,4200,3990,5512.5,2024-01-12,10,291.15299987793003,0.5491305147847844,0.04913051478478436,-0.09826102956956873,-3.930441182782749,0,0.06550735304637915,32.7804283348853,32.84593568793168
2024-01-12T10:42:00Z,137.227981567383,156.542999267578,1100.59802246094,4200,4179.23,5250,4200,3990,5512.5,2024-01-12,10,293.77098083496105,0.5328742778563381,0.03287427785633812,-0.06574855571267624,-2.6299422285070495,0,0.04383237047511749,32.736595964410185,32.7804283348853
2024-01-12T10:43:00Z,138.361999511719,154.43798828125,1098.90087890625,4200,4179.23,5250,4200,3990,5512.5,2024-01-12,10,292.799987792969,0.5274521677591358,0.027452167759135837,-0.054904335518271674,-2.196173420730867,0,0.03660289034551445,32.69999307406467,32.736595964410185
2024-01-12T10:44:00Z,151.838989257812,142.448989868164,1085.16101074219,4200,4179.23,5250,4200,3990,5512.5,2024-01-12,10,294.287979125976,0.48404624032293825,-0.015953759677061752,0.031907519354123504,1.2763007741649401,0.02127167956941567,0,32.72126475363409,32.69999307406467
2024-01-12T10:45:00Z,156.173965454102,138.635025024414,1081.47204589844,4200,4179.23,5250,4200,3990,5512.5,2024-01-12,10,294.80899047851597,0.4702537219078363,-0.02974627809216368,0.05949255618432736,2.3797022473730944,0.03966170412288491,0,32.76092645775697,32.72126475363409
2024-01-12T10:46:00Z,163.335998535156,127.156005859375,1073.85595703125,4200,4179.23,5250,4200,3990,5512.5,2024-01-12,10,290.492004394531,0.4377263536888209,-0.0622736463111791,0.1245472926223582,4.981891704894328,0.08303152841490546,0,32.84395798617188,32.76092645775697
2024-01-12T10:47:00Z,175.229965209961,115.770011901855,1061.77001953125,4200,4179.23,5250,4200,3990,5512.5,2024-01-12,10,290.999977111816,0.3978351237373832,-0.10216487626261678,0.20432975252523355,8.173190101009343,0.1362198350168224,0,32.980177821188704,32.84395798617188
2024-01-12T10:48:00Z,175.096984863281,115.858009338379,1061.90295410156,4200,4179.23,5250,4200,3990,5512.5,2024-01-12,10,290.95499420166,0.3981990742460952,-0.10180092575390481,0.20360185150780963,8.144074060312384,0.13573456767187306,0,33.11591238886058,32.980177821188704
2024-01-12T10:49:00Z,228.045974731445,63.1120185852051,1008.95404052734,4200,4179.23,5250,4200,3990,5512.5,2024-01-12,10,291.1579933166501,0.21676210179319155,-0.28323789820680845,0.5664757964136169,22.659031856544676,0.37765053094241124,0,33.49356291980299,33.11591238886058
2024-01-12T10:50:00Z,223.197982788086,68.4309921264648,1013.97302246094,4200,4179.23,5250,4200,3990,5512.5,2024-01-12,10,291.6289749145508,0.23465086809880786,-0.26534913190119214,0.5306982638023843,21.227930552095373,0.3537988425349229,0,33.84736176233791,33.49356291980299
2024-01-12T10:51:00Z,228.5009765625,64.8070068359375,1010.10601806641,4200,4179.23,5250,4200,3990,5512.5,2024-01-12,10,293.3079833984375,0.22095207257929256,-0.27904792742070744,0.5580958548414149,22.323834193656594,0.3720639032276099,0,34.219425665565524,33.84736176233791
2024-01-12T10:52:00Z,232.232986450195,56.7000007629395,1005.06695556641,4200,4179.23,5250,4200,3990,5512.5,2024-01-12,10,288.9329872131345,0.1962392778679651,-0.30376072213203487,0.6075214442640697,24.30085777056279,0.4050142961760465,0,34.62443996174157,34.219425665565524
2024-01-12T10:53:00Z,238.307952880859,50.494010925293,1003.69201660156,4200,4179.23,5250,4200,3990,5512.5,2024-01-12,10,288.801963806152,0.17483956916298982,-0.3251604308370102,0.6503208616740204,26.012834466960815,0.43354724111601356,0,35.05798720285759,34.62443996174157
2024-01-12T10:54:00Z,247.688980102539,41.3320083618164,994.311096191406,4200,4179.23,5250,4200,3990,5512.5,2024-01-12,10,289.0209884643554,0.14300694417185492,-0.3569930558281451,0.7139861116562902,28.55944446625161,0.4759907411041935,0,35.53397794396178,35.05798720285759
2024-01-12T10:55:00Z,256.386993408203,31.4590034484863,985.613037109375,4200,4179.23,5250,4200,3990,5512.5,2024-01-12,10,287.84599685668934,0.10929109243144652,-0.3907089075685535,0.781417815137107,31.256712605484278,0.5209452100914046,0,36.054923154053185,35.53397794396178
2024-01-12T10:56:00Z,252.749984741211,35.0040092468262,989.250061035156,4200,4179.23,5250,4200,3990,5512.5,2024-01-12,10,287.7539939880372,0.12164560693562926,-0.37835439306437074,0.7567087861287415,30.26835144514966,0.5044725240858277,0,36.55939567813901,36.054923154053185
2024-01-12T10:57:00Z,250.940979003906,36.515998840332,991.121032714844,4200,4179.23,5250,4200,3990,5512.5,2024-01-12,10,287.456977844238,0.12703117911480524,-0.3729688208851948,0.7459376417703896,29.83750567081558,0.4972917611802597,0,37.05668743931927,36.55939567813901
2024-01-12T10:58:00Z,266.239990234375,22.5100059509277,975.760009765625,4200,4179.23,5250,4200,3990,5512.5,2024-01-12,10,288.7499961853027,0.07795673159587545,-0.42204326840412454,0.8440865368082491,33.763461472329965,0.5627243578721661,0,37.61941179719143,37.05668743931927
2024-01-12T10:59:00Z,285.030944824219,3.39301681518555,956.968994140625,4200,4179.23,5250,4200,3990,5512.5,2024-01-12,10,288.4239616394045,0.01176399074438757,-0.48823600925561245,0.9764720185112249,39.058880740449,0.65098134567415,0,38.27039314286558,37.61941179719143
2024-01-12T11:00:00Z,283.898986816406,5.45600414276123,958.101013183594,3829,3800.21,4786.25,3829,3637.55,5025.56,2024-01-12,11,289.35499095916725,0.018855745756018984,-0.481144254243981,0.962288508487962,38.49154033951848,0.641525672325308,0,38.91191881519089,38.27039314286558
2024-01-12T11:01:00Z,257.345947265625,26.9540328979492,946.653991699219,3829,3800.21,4786.25,3829,3637.55,5025.56,2024-01-12,11,284.2999801635742,0.09480842342106738,-0.4051915765789326,0.8103831531578652,32.41532612631461,0.5402554354385768,0,39.45217425062946,38.91191881519089
2024-01-12T11:02:00Z,243.877975463867,40.2220191955566,960.122009277344,3829,3800.21,4786.25,3829,3637.55,5025.56,2024-01-12,11,284.0999946594236,0.14157697976648811,-0.3584230202335119,0.7168460404670238,28.673841618680953,0.4778973603113492,0,39.930071610940814,39.45217425062946
2024-01-12T11:03:00Z,258.049957275391,26.0610218048096,945.950073242187,3829,3800.21,4786.25,3829,3637.55,5025.56,2024-01-12,11,284.11097908020065,0.09172831648104993,-0.40827168351895005,0.8165433670379001,32.661734681516,0.5443622446919334,0,40.474433855632746,39.930071610940814
2024-01-12T11:04:00Z,259.738983154297,24.3610191345215,944.260986328125,3829,3800.21,4786.25,3829,3637.55,5025.56,2024-01-12,11,284.1000022888185,0.08574804272530727,-0.4142519572746927,0.8285039145493854,33.14015658197542,0.5523359430329237,0,41.02676979866567,40.474433855632746
2024-01-12T11:05:00Z,256.081970214844,28.3610153198242,948.261047363281,3829,3800.21,4786.25,3829,3637.55,5025.56,2024-01-12,11,284.4429855346682,0.09970720587999007,-0.40029279412000995,0.8005855882400199,32.0234235296008,0.5337237254933467,0,41.560493524159014,41.02676979866567
2024-01-12T11:06:00Z,256.963989257813,27.1360187530518,947.035949707031,3829,3800.21,4786.25,3829,3637.55,5025.56,2024-01-12,11,284.1000080108648,0.0955157268141085,-0.40448427318589153,0.8089685463717831,32.358741854871326,0.5393123642478554,0,42.09980588840687,41.560493524159014
2024-01-12T11:07:00Z,262.091979980469,22.132007598877,941.908020019531,3829,3800.21,4786.25,3829,3637.55,5025.56,2024-01-12,11,284.223987579346,0.07786819046263106,-0.42213180953736895,0.8442636190747379,33.770544762989516,0.5628424127164919,0,42.66264830112336,42.09980588840687
2024-01-12T11:08:00Z,263.326019287109,20.7740249633789,940.673950195312,3829,3800.21,4786.25,3829,3637.55,5025.56,2024-01-12,11,284.1000442504879,0.07312221657052144,-0.4268777834294786,0.8537555668589571,34.15022267435829,0.5691703779059715,0,43.23181867902933,42.66264830112336
2024-01-12T11:09:00Z,273.186950683594,11.3040161132813,930.813049316406,3829,3800.21,4786.25,3829,3637.55,5025.56,2024-01-12,11,284.4909667968753,0.03973418291819541,-0.4602658170818046,0.9205316341636092,36.82126536654437,0.6136877561090728,0,43.845506435138404,43.23181867902933
2024-01-12T11:10:00Z,275.467956542969,8.83203887939453,928.532043457031,3829,3800.21,4786.25,3829,3637.55,5025.56,2024-01-12,11,284.2999954223635,0.031065912844189185,-0.4689340871558108,0.9378681743116216,37.514726972464864,0.6252454495410811,0,44.47075188467949,43.845506435138404
2024-01-12T11:11:00Z,279.973999023438,4.12601470947266,924.026000976563,3829,3800.21,4786.25,3829,3637.55,5025.56,2024-01-12,11,284.10001373291067,0.014523106335896296,-0.4854768936641037,0.9709537873282074,38.838151493128294,0.6473025248854716,0,45.118054409564955,44.47075188467949
2024-01-12T11:12:00Z,285.172027587891,1.40000343322754,918.828002929687,3829,3800.21,4786.25,3829,3637.55,5025.56,2024-01-12,11,286.57203102111856,0.0048853456781494786,-0.49511465432185053,0.9902293086437011,39.60917234574804,0.660152872429134,0,45.77820728199409,45.118054409564955
2024-01-12T11:13:00Z,282.158996582031,2.46700286865234,921.840942382813,3829,3800.21,4786.25,3829,3637.55,5025.56,2024-01-12,11,284.62599945068337,0.00866752465837118,-0.4913324753416288,0.9826649506832577,39.30659802733031,0.6551099671221718,0,46.433317249116264,45.77820728199409
2024-01-12T11:14:00Z,283.914978027344,2.47001075744629,920.085083007812,3829,3800.21,4786.25,3829,3637.55,5025.56,2024-01-12,11,286.38498878479027,0.008624791292054868,-0.49137520870794515,0.9827504174158903,39.310016696635614,0.6551669449439269,0,47.08848419406019,46.433317249116264
2024-01-12T11:15:00Z,284.233978271484,2.58000946044922,919.765991210937,3829,3800.21,4786.25,3829,3637.55,5025.56,2024-01-12,11,286.8139877319332,0.008995410164097684,-0.49100458983590234,0.9820091796718047,39.280367186872184,0.6546727864478697,0,47.74315698050806,47.08848419406019
2024-01-12T11:16:00Z,118.388961791992,165.711044311523,1085.61108398437,3829,3800.21,4786.25,3829,3637.55,5025.56,2024-01-12,11,284.100006103515,0.5832841983507187,0.08328419835071865,-0.1665683967014373,-6.662735868057492,0,0.1110455978009582,47.6321113827071,47.74315698050806
2024-01-12T11:17:00Z,92.2269744873047,194.020034790039,1113.92004394531,3829,3800.21,4786.25,3829,3637.55,5025.56,2024-01-12,11,286.2470092773437,0.6778063298542752,0.17780632985427525,-0.3556126597085505,-14.22450638834202,0,0.237075106472367,47.395036276234734,47.6321113827071
2024-01-12T11:18:00Z,90.8769989013672,193.222991943359,1113.123046875,3829,3800.21,4786.25,3829,3637.55,5025.56,2024-01-12,11,284.0999908447262,0.6801231896165892,0.18012318961658924,-0.3602463792331785,-14.40985516932714,0,0.24016425282211898,47.154872023412615,47.395036276234734
2024-01-12T11:19:00Z,81.4349517822266,202.665054321289,1122.56506347656,3829,3800.21,4786.25,3829,3637.55,5025.56,2024-01-12,11,284.1000061035156,0.7133581484241338,0.2133581484241338,-0.4267162968482676,-17.068651873930705,0,0.2844775312321784,46.87039449218044,47.154872023412615
2024-01-12T11:20:00Z,59.5939788818359,224.740005493164,1144.40600585938,3829,3800.21,4786.25,3829,3637.55,5025.56,2024-01-12,11,284.3339843749999,0.7904085260408439,0.2904085260408439,-0.5808170520816878,-23.232682083267512,0,0.38721136805445855,46.48318312412598,46.87039449218044
2024-01-12T11:21:00Z,63.1269912719727,221.396011352539,1141.29602050781,3829,3800.21,4786.25,3829,3637.55,5025.56,2024-01-12,11,284.5230026245117,0.7781304474869396,0.2781304474869396,-0.5562608949738792,-22.250435798955166,0,0.3708405966492528,46.11234252747673,46.48318312412598
2024-01-12T11:22:00Z,67.6449737548828,217.111022949219,1136.50598144531,3829,3800.21,4786.25,3829,3637.55,5025.56,2024-01-12,11,284.7559967041018,0.7624458324395723,0.2624458324395723,-0.5248916648791446,-20.995666595165787,0,0.3499277765860965,45.76241475089063,46.11234252747673
2024-01-12T11:23:00Z,70.2149810791016,216.705993652344,1133.78503417969,3829,3800.21,4786.25,3829,3637.55,5025.56,2024-01-12,11,286.9209747314456,0.7552811147918972,0.2552811147918972,-0.5105622295837944,-20.422489183351775,0,0.3403748197225296,45.4220399311681,45.76241475089063
2024-01-12T11:24:00Z,99.0309753417969,188.955017089844,1104.96899414062,3829,3800.21,4786.25,3829,3637.55,5025.56,2024-01-12,11,287.9859924316409,0.6561257215824349,0.15612572158243487,-0.31225144316486975,-12.49005772659479,0,0.20816762877657982,45.21387230239152,45.4220399311681
2024-01-12T11:25:00Z,94.9149627685547,190.319030761719,1109.08508300781,3829,3800.21,4786.25,3829,3637.55,5025.56,2024-01-12,11,285.2339935302737,0.6672382502736975,0.16723825027369754,-0.3344765005473951,-13.379060021895803,0,0.2229843336982634,44.99088796869326,45.21387230239152
2024-01-12T11:26:00Z,120.28596496582,164.635009765625,1083.71398925781,3829,3800.21,4786.25,3829,3637.55,5025.56,2024-01-12,11,284.92097473144497,0.577826921730853,0.07782692173085304,-0.15565384346170608,-6.226153738468243,0,0.10376922897447072,44.88711873971879,44.99088796869326
2024-01-12T11:27:00Z,148.378005981445,137.199996948242,1055.6220703125,3829,3800.21,4786.25,3829,3637.55,5025.56,2024-01-12,11,285.578002929687,0.4804291490966915,-0.019570850903308512,0.039141701806617024,1.565668072264681,0.026094467871078015,0,44.91321320758986,44.88711873971879
2024-01-12T11:28:00Z,173.983978271484,110.116027832031,1030.01611328125,3829,3800.21,4786.25,3829,3637.55,5025.56,2024-01-12,11,284.100006103515,0.3875960065692818,-0.11240399343071822,0.22480798686143644,8.992319474457457,0.1498719912409576,0,45.06308519883082,44.91321320758986
2024-01-12T11:29:00Z,182.458984375,102.367027282715,1021.541015625,3829,3800.21,4786.25,3829,3637.55,5025.56,2024-01-12,11,284.826011657715,0.3594019615235595,-0.14059803847644048,0.28119607695288096,11.247843078115238,0.18746405130192065,0,45.25054925013274,45.06308519883082
2024-01-12T11:30:00Z,198.524963378906,85.5750274658203,1005.47509765625,3829,3800.21,4786.25,3829,3637.55,5025.56,2024-01-12,11,284.0999908447263,0.30121446752383385,-0.19878553247616615,0.3975710649523323,15.902842598093292,0.2650473766348882,0,45.51559662676763,45.25054925013274
2024-01-12T11:31:00Z,197.50798034668,86.6010208129883,1006.5009765625,3829,3800.21,4786.25,3829,3637.55,5025.56,2024-01-12,11,284.1090011596683,0.30481618132302263,-0.19518381867697737,0.39036763735395474,15.61470549415819,0.2602450915693032,0,45.775841718336935,45.51559662676763
2024-01-12T11:32:00Z,198.293960571289,86.1120147705078,1005.70599365234,3829,3800.21,4786.25,3829,3637.55,5025.56,2024-01-12,11,284.4059753417968,0.30277850058184985,-0.19722149941815015,0.3944429988363003,15.777719953452012,0.2629619992242002,0,46.03880371756114,45.775841718336935
2024-01-12T11:33:00Z,191.939971923828,92.160026550293,1012.05999755859,3829,3800.21,4786.25,3829,3637.55,5025.56,2024-01-12,11,284.099998474121,0.3243929146261082,-0.1756070853738918,0.3512141707477836,14.048566829911344,0.2341427804985224,0,46.27294649805966,46.03880371756114
2024-01-12T11:34:00Z,191.73698425293,92.3630142211914,1012.26300048828,3829,3800.21,4786.25,3829,3637.55,5025.56,2024-01-12,11,284.09999847412143,0.32510740836770796,-0.17489259163229204,0.3497851832645841,13.991407330583364,0.2331901221763894,0,46.50613662023605,46.27294649805966
2024-01-12T11:35:00Z,199.061965942383,85.0380249023438,1004.93811035156,3829,3800.21,4786.25,3829,3637.55,5025.56,2024-01-12,11,284.0999908447268,0.29932427892551694,-0.20067572107448306,0.4013514421489661,16.054057685958647,0.2675676280993108,0,46.773704248335356,46.50613662023605
2024-01-12T11:36:00Z,212.715972900391,73.4520111083984,991.283996582031,3829,3800.21,4786.25,3829,3637.55,5025.56,2024-01-12,11,286.1679840087894,0.25667445421197915,-0.24332554578802085,0.4866510915760417,19.466043663041667,0.32443406105069444,0,47.09813830938605,46.773704248335356
2024-01-12T11:37:00Z,215.556991577148,69.0700073242188,988.442993164063,3829,3800.21,4786.25,3829,3637.55,5025.56,2024-01-12,11,284.62699890136685,0.2426685015505292,-0.2573314984494708,0.5146629968989416,20.586519875957663,0.3431086645992944,0,47.44124697398534,47.09813830938605
2024-01-12T11:38:00Z,266.303955078125,19.5520133972168,937.696044921875,3829,3800.21,4786.25,3829,3637.55,5025.56,2024-01-12,11,285.8559684753418,0.06839812896508884,-0.43160187103491116,0.8632037420698223,34.52814968279289,0.5754691613798816,0,48.01671613536522,47.44124697398534
2024-01-12T11:39:00Z,282.715026855469,3.74102401733398,921.284973144531,3829,3800.21,4786.25,3829,3637.55,5025.56,2024-01-12,11,286.45605087280296,0.013059678809141764,-0.4869403211908582,0.9738806423817165,38.95522569526866,0.649253761587811,0,48.66596989695303,48.01671613536522
2024-01-12T11:40:00Z,283.85400390625,2.4630069732666,920.146057128906,3829,3800.21,4786.25,3829,3637.55,5025.56,2024-01-12,11,286.3170108795166,0.008602377363820145,-0.49139762263617986,0.9827952452723597,39.31180981089439,0.6551968301815732,0,49.3211667271346,48.66596989695303
2024-01-12T11:41:00Z,280.534973144531,3.6820068359375,923.464965820313,3829,3800.21,4786.25,3829,3637.55,5025.56,2024-01-12,11,284.2169799804685,0.012954915065913826,-0.48704508493408616,0.9740901698681723,38.96360679472689,0.6493934465787815,0,49.97056017371339,49.3211667271346
2024-01-12T11:42:00Z,281.664978027344,5.17801666259766,923.065063476563,3829,3800.21,4786.25,3829,3637.55,5025.56,2024-01-12,11,286.84299468994163,0.018051745235036172,-0.48194825476496383,0.9638965095299277,38.55586038119711,0.6425976730199517,0,50.61315784673334,49.97056017371339
2024-01-12T11:43:00Z,280.517028808594,4.25802230834961,923.482971191406,3829,3800.21,4786.25,3829,3637.55,5025.56,2024-01-12,11,284.7750511169436,0.014952230863092858,-0.48504776913690717,0.9700955382738143,38.803821530952575,0.6467303588492096,0,51.25988820558255,50.61315784673334
2024-01-12T11:44:00Z,281.635986328125,2.86401557922363,922.364013671875,3829,3800.21,4786.25,3829,3637.55,5025.56,2024-01-12,11,284.50000190734863,0.010066838523805481,-0.48993316147619453,0.9798663229523891,39.194652918095564,0.6532442153015927,0,51.91313242088414,51.25988820558255
2024-01-12T11:45:00Z,284.997009277344,3.38600921630859,919.002990722656,3829,3800.21,4786.25,3829,3637.55,5025.56,2024-01-12,11,288.38301849365257,0.011741361311755317,-0.4882586386882447,0.9765172773764894,39.060691095059575,0.6510115182509929,0,52.564143939135135,51.91313242088414
2024-01-12T11:46:00Z,279.090972900391,5.49202156066895,924.909057617188,3829,3800.21,4786.25,3829,3637.55,5025.56,2024-01-12,11,284.58299446105997,0.019298488200497285,-0.4807015117995027,0.9614030235990054,38.456120943960215,0.6409353490660036,0,53.20507928820114,52.564143939135135
2024-01-12T11:47:00Z,281.994995117187,3.15199851989746,922.005004882813,3829,3800.21,4786.25,3829,3637.55,5025.56,2024-01-12,11,285.14699363708445,0.01105394266898394,-0.48894605733101604,0.9778921146620321,39.11568458648128,0.6519280764413546,0,53.8570073646425,53.20507928820114
2024-01-12T11:48:00Z,280.951965332031,3.38801765441895,923.048034667969,3829,3800.21,4786.25,3829,3637.55,5025.56,2024-01-12,11,284.33998298644997,0.011915375455939322,-0.48808462454406065,0.9761692490881213,39.04676996352485,0.6507794993920809,0,54.50778686403458,53.8570073646425
2024-01-12T11:49:00Z,281.410919189453,3.77201843261719,922.589111328125,3829,3800.21,4786.25,3829,3637.55,5025.56,2024-01-12,11,285.1829376220702,0.013226662380538138,-0.48677333761946184,0.9735466752389237,38.941867009556944,0.649031116825949,0,55.15681798086053,54.50778686403458
2024-01-12T11:50:00Z,281.014953613281,4.16101264953613,922.985107421875,3829,3800.21,4786.25,3829,3637.55,5025.56,2024-01-12,11,285.17596626281716,0.014591035507183504,-0.4854089644928165,0.970817928985633,38.83271715942532,0.6472119526570886,0,55.80402993351762,55.15681798086053
2024-01-12T11:51:00Z,280.534973144531,3.85901832580566,923.465026855469,3829,3800.21,4786.25,3829,3637.55,5025.56,2024-01-12,11,284.3939914703367,0.013569268133459034,-0.48643073186654096,0.9728614637330819,38.91445854932328,0.6485743091553879,0,56.452604242673004,55.80402993351762
2024-01-12T11:52:00Z,280.945922851563,3.66703033447266,923.054016113281,3829,3800.21,4786.25,3829,3637.55,5025.56,2024-01-12,11,284.61295318603567,0.012884270703152874,-0.4871157292968471,0.9742314585936942,38.96925834374777,0.6494876390624628,0,57.10209188173547,56.452604242673004
2024-01-12T11:53:00Z,283.212982177734,3.56002426147461,920.786987304687,3829,3800.21,4786.25,3829,3637.55,5025.56,2024-01-12,11,286.7730064392086,0.012414084246207739,-0.4875859157537923,0.9751718315075846,39.00687326030338,0.6501145543383896,0,57.752206436073855,57.10209188173547
2024-01-12T11:54:00Z,278.323974609375,5.77603149414063,925.676025390625,3829,3800.21,4786.25,3829,3637.55,5025.56,2024-01-12,11,284.1000061035156,0.020330979831222024,-0.479669020168778,0.959338040337556,38.37352161350224,0.6395586935583707,0,58.391765129632226,57.752206436073855
2024-01-12T11:55:00Z,280.677001953125,4.18000984191895,923.322998046875,3829,3800.21,4786.25,3829,3637.55,5025.56,2024-01-12,11,284.85701179504395,0.014674063368067935,-0.4853259366319321,0.9706518732638642,38.82607493055457,0.6471012488425761,0,59.0388663784748,58.391765129632226
2024-01-12T11:56:00Z,278.359985351563,6.13803291320801,926.038024902344,3829,3800.21,4786.25,3829,3637.55,5025.56,2024-01-12,11,284.498018264771,0.02157495841498476,-0.47842504158501525,0.9568500831700305,38.27400332680122,0.637900055446687,0,59.676766433921486,59.0388663784748
2024-01-12T11:57:00Z,278.610992431641,5.85601615905762,925.389038085937,3829,3800.21,4786.25,3829,3637.55,5025.56,2024-01-12,11,284.46700859069864,0.020585923788032187,-0.4794140762119678,0.9588281524239356,38.353126096957425,0.6392187682826237,0,60.31598520220411,59.676766433921486
2024-01-12T11:58:00Z,278.488952636719,5.66401290893555,925.511047363281,3829,3800.21,4786.25,3829,3637.55,5025.56,2024-01-12,11,284.1529655456545,0.019932971306701075,-0.4800670286932989,0.96013405738659785,38.40536229546392,0.6400893715910653,0,60.95607457379518,60.31598520220411
2024-01-12T11:59:00Z,282.131988525391,3.07701110839844,921.868041992188,3829,3800.21,4786.25,3829,3637.55,5025.56,2024-01-12,11,285.20899963378946,0.010788618565155188,-0.4892113814348448,0.9784227628696897,39.13691051478759,0.6522818419131264,0,61.60835641570831,60.95607457379518
2024-01-12T12:00:00Z,277.093933105469,7.10601234436035,926.906005859375,3500,3483.22,4375,3500,3325,4593.75,2024-01-12,12,284.19994544982933,0.025003566883565063,-0.4749964331164349,0.9499928662328698,37.9997146493148,0.63332857748858,0,62.241684993196884,61.60835641570831
2024-01-12T12:01:00Z,223.257995605469,61.5550117492676,926.054992675781,3500,3483.22,4375,3500,3325,4593.75,2024-01-12,12,284.8130073547366,0.2161242996623409,-0.2838757003376591,0.5677514006753182,22.710056027012726,0.37850093378354543,0,62.620185926980426,62.241684993196884
2024-01-12T12:02:00Z,213.63996887207,70.9260406494141,934.926025390625,3500,3483.22,4375,3500,3325,4593.75,2024-01-12,12,284.5660095214841,0.24924284094463978,-0.2507571590553602,0.5015143181107204,20.060572724428816,0.33434287874048024,0,62.954528805720905,62.620185926980426
2024-01-12T12:03:00Z,218.796966552734,65.2030487060547,929.203002929687,3500,3483.22,4375,3500,3325,4593.75,2024-01-12,12,284.0000152587887,0.22958818733386288,-0.2704118126661371,0.5408236253322742,21.63294501329097,0.36054908355484955,0,63.315077889275756,62.954528805720905
2024-01-12T12:04:00Z,234.675964355469,49.3240242004395,913.323974609375,3500,3483.22,4375,3500,3325,4593.75,2024-01-12,12,283.9999885559085,0.17367614854931424,-0.32632385145068576,0.6526477029013715,26.105908116054863,0.4350984686009144,0,63.75017635787667,63.315077889275756
2024-01-12T12:05:00Z,246.490005493164,37.5100059509277,901.510009765625,3500,3483.22,4375,3500,3325,4593.75,2024-01-12,12,284.0000114440917,0.13207748042049614,-0.36792251957950384,0.7358450391590077,29.43380156636031,0.4905633594393385,0,64.240739717316,63.75017635787667
2024-01-12T12:06:00Z,237.827972412109,46.1720237731934,910.171997070313,3500,3483.22,4375,3500,3325,4593.75,2024-01-12,12,283.9999961853024,0.162577550680907,-0.337422449319093,0.674844898638186,26.993795945527438,0.449896599092124,0,64.69063631640813,64.240739717316
2024-01-12T12:07:00Z,217.161987304688,66.8380279541016,930.837951660156,3500,3483.22,4375,3500,3325,4593.75,2024-01-12,12,284.00001525878963,0.2353451562078147,-0.2646548437921853,0.5293096875843706,21.17238750337482,0.352873125056247,0,65.04350944146438,64.69063631640813
2024-01-12T12:08:00Z,218.5419921875,65.4580230712891,929.4580078125,3500,3483.22,4375,3500,3325,4593.75,2024-01-12,12,284.0000152587891,0.23048598434631012,-0.2695140156536899,0.5390280313073798,21.56112125229519,0.3593520208715865,0,65.40286146233596,65.04350944146438
2024-01-12T12:09:00Z,221.91096496582,62.0890235900879,926.089050292969,3500,3483.22,4375,3500,3325,4593.75,2024-01-12,12,283.9999885559079,0.21862333130997688,-0.2813766686900231,0.5627533373800462,22.51013349520185,0.3751688915866975,0,65.77803035392266,65.40286146233596
2024-01-12T12:10:00Z,225.540985107422,58.4590225219727,922.458984375,3500,3483.22,4375,3500,3325,4593.75,2024-01-12,12,284.0000076293947,0.2058416230687525,-0.29415837693124747,0.5883167538624949,23.532670154499797,0.39221116924166327,0,66.17024152316432,65.77803035392266
2024-01-12T12:11:00Z,234.065994262695,49.9340171813965,913.934020996094,3500,3483.22,4375,3500,3325,4593.75,2024-01-12,12,284.0000114440915,0.17582399707482602,-0.324176002925174,0.648352005850348,25.93408023401392,0.4322346705668986,0,66.60247619373122,66.17024152316432
2024-01-12T12:12:00Z,205.873977661133,78.1260147094727,942.1259765625,3500,3483.22,4375,3500,3325,4593.75,2024-01-12,12,283.9999923706057,0.2750916084797713,-0.22490839152022868,0.44981678304045736,17.992671321618296,0.2998778553603049,0,66.90235404909153,66.60247619373122
2024-01-12T12:13:00Z,207.789978027344,76.2100219726563,940.210083007812,3500,3483.22,4375,3500,3325,4593.75,2024-01-12,12,284.00000000000034,0.268345147791043,-0.23165485220895699,0.46330970441791397,18.53238817671656,0.3088731362786093,0,67.21122718537013,66.90235404909153
2024-01-12T12:14:00Z,211.931991577148,72.4520111083984,936.067993164063,3500,3483.22,4375,3500,3325,4593.75,2024-01-12,12,284.3840026855464,0.25476823739804794,-0.24523176260195206,0.4904635252039041,19.618541008156164,0.3269756834692694,0,67.5382028688394,67.21122718537013
2024-01-12T12:15:00Z,211.866989135742,72.1330261230469,936.133056640625,3500,3483.22,4375,3500,3325,4593.75,2024-01-12,12,284.0000152587889,0.25398951495589617,-0.24601048504410383,0.49202097008820767,19.680838803528307,0.3280139800588051,0,67.8662168488982,67.5382028688394
2024-01-12T12:16:00Z,211.614959716797,72.3850402832031,936.385009765625,3500,3483.22,4375,3500,3325,4593.75,2024-01-12,12,284.0000000000001,0.2548769024056446,-0.2451230975943554,0.4902461951887108,19.609847807548434,0.3268307967924739,0,68.19304764569068,67.8662168488982
2024-01-12T12:17:00Z,217.007965087891,67.9390258789063,930.992065429687,3500,3483.22,4375,3500,3325,4593.75,2024-01-12,12,284.94699096679733,0.23842689353692006,-0.26157310646307996,0.5231462129261599,20.925848517046397,0.34876414195077327,0,68.54181178764145,68.19304764569068
2024-01-12T12:18:00Z,214.036972045898,70.3060302734375,934.306030273438,3500,3483.22,4375,3500,3325,4593.75,2024-01-12,12,284.3430023193355,0.24725781784662773,-0.2527421821533723,0.5054843643067446,20.219374572269786,0.33698957620449643,0,68.87880136384595,68.54181178764145
2024-01-12T12:19:00Z,217.231979370117,67.2060241699219,930.767944335937,3500,3483.22,4375,3500,3325,4593.75,2024-01-12,12,284.4380035400389,0.23627652892192252,-0.2637234710780775,0.527446942156155,21.0978776862462,0.35163129477077,0,69.23043265861672,68.87880136384595
2024-01-12T12:20:00Z,214.632965087891,69.3670349121094,933.367004394531,3500,3483.22,4375,3500,3325,4593.75,2024-01-12,12,284.0000000000004,0.24425012292996234,-0.25574987707003766,0.5114997541400753,20.459990165603013,0.3409998360933836,0,69.57143249471011,69.23043265861672
2024-01-12T12:21:00Z,243.321990966797,41.5280075073242,904.678039550781,3500,3483.22,4375,3500,3325,4593.75,2024-01-12,12,284.8499984741212,0.1457890388968952,-0.3542109611031048,0.7084219222062096,28.336876888248383,0.4722812814708064,0,70.04371377618091,69.57143249471011
2024-01-12T12:22:00Z,272.726013183594,12.5870018005371,875.273986816406,3500,3483.22,4375,3500,3325,4593.75,2024-01-12,12,285.3130149841311,0.04411646556410047,-0.4558835344358995,0.911767068871799,36.47068275487196,0.6078447125811993,0,70.6515584887621,70.04371377618091
2024-01-12T12:23:00Z,274.916961669922,9.0830249786377,873.0830078125,3500,3483.22,4375,3500,3325,4593.75,2024-01-12,12,283.9999866485597,0.031982483822711,-0.468017516177289,0.936035032354578,37.441401294183116,0.6240233549030519,0,71.27558184366515,70.6515584887621
2024-01-12T12:24:00Z,276.951995849609,8.29102420806885,871.047973632813,3500,3483.22,4375,3500,3325,4593.75,2024-01-12,12,285.2430200576778,0.02906652792552945,-0.47093347207447056,0.9418669441489411,37.67467776595765,0.6279112960992941,0,71.90349313976445,71.27558184366515
2024-01-12T12:25:00Z,274.981994628906,9.01802635192871,873.018005371094,3500,3483.22,4375,3500,3325,4593.75,2024-01-12,12,284.00002098083473,0.031753611569406454,-0.4682463884305935,0.936492776861187,37.45971107444748,0.624328517907458,0,72.52782165767191,71.90349313976445
2024-01-12T12:26:00Z,277.100952148438,7.03901386260986,870.898986816406,3500,3483.22,4375,3500,3325,4593.75,2024-01-12,12,284.1399660110479,0.024773050977053224,-0.47522694902294677,0.9504538980458935,38.01815592183574,0.63363593203059565,0,73.16145758970251,72.52782165767191
2024-01-12T12:27:00Z,280.764984130859,4.75001239776611,867.234985351563,3500,3483.22,4375,3500,3325,4593.75,2024-01-12,12,285.5149965286251,0.016636647656053626,-0.4833633523439464,0.9667267046878928,38.66906818751571,0.6444844697919285,0,73.80594205949444,73.16145758970251
2024-01-12T12:28:00Z,279.140991210938,5.76901626586914,868.859008789063,3500,3483.22,4375,3500,3325,4593.75,2024-01-12,12,284.91000747680715,0.02024855608604328,-0.47975144391395674,0.9595028878279135,38.380115513116536,0.6396685918852756,0,74.44561065137972,73.80594205949444
2024-01-12T12:29:00Z,279.451965332031,4.54802703857422,868.548034667969,3500,3483.22,4375,3500,3325,4593.75,2024-01-12,12,283.99999237060524,0.0160141801434955,-0.4839858198565045,0.967971639713009,38.71886558852036,0.6453144264753393,0,75.09092507785506,74.44561065137972
2024-01-12T12:30:00Z,279.257995605469,5.94600963592529,868.742004394531,3500,3483.22,4375,3500,3325,4593.75,2024-01-12,12,285.20400524139427,0.020848268350553624,-0.47915173164944636,0.9583034632988927,38.33213853195571,0.6388689755325951,0,75.72979405338765,75.09092507785506
2024-01-12T12:31:00Z,277.516967773437,6.94202327728271,870.482971191406,3500,3483.22,4375,3500,3325,4593.75,2024-01-12,12,284.4589910507197,0.024404302538093905,-0.4755956974619061,0.9511913949238122,38.04765579695249,0.6341275966158748,0,76.36392165000352,75.72979405338765
2024-01-12T12:32:00Z,277.028991699219,7.27102756500244,870.971069335937,3500,3483.22,4375,3500,3325,4593.75,2024-01-12,12,284.3000192642214,0.02557519195327569,-0.4744248080467243,0.9488496160934486,37.95398464373795,0.6325664107289658,0,76.99648806073249,76.36392165000352
2024-01-12T12:33:00Z,277.086975097656,6.91302585601807,870.912963867188,3500,3483.22,4375,3500,3325,4593.75,2024-01-12,12,284.0000009536741,0.02434164025635239,-0.4756583597436476,0.9513167194872952,38.05266877949181,0.6342111463248635,0,77.63069920705735,76.99648806073249
2024-01-12T12:34:00Z,276.897979736328,7.4020357131958,871.10205078125,3500,3483.22,4375,3500,3325,4593.75,2024-01-12,12,284.3000154495238,0.026036001797228175,-0.4739639982027718,0.9479279964055436,37.917119856221746,0.6319519976036958,0,78.26265120466104,77.63069920705735
2024-01-12T12:35:00Z,273.743011474609,10.2570266723633,874.256958007813,3500,3483.22,4375,3500,3325,4593.75,2024-01-12,12,284.00003814697226,0.03611628624871947,-0.4638837137512805,0.927767427502561,37.11069710010244,0.6185116183350406,0,78.88116282299607,78.26265120466104
2024-01-12T12:36:00Z,273.528961181641,10.471022605896,874.470947265625,3500,3483.22,4375,3500,3325,4593.75,2024-01-12,12,283.999983787537,0.03686980001283897,-0.46313019998716104,0.9262603999743221,37.05041599897288,0.6175069333162146,0,79.4986697563123,78.88116282299607
2024-01-12T12:37:00Z,272.25,11.7500104904175,875.749938964844,3500,3483.22,4375,3500,3325,4593.75,2024-01-12,12,284.0000104904175,0.04137327484645977,-0.45862672515354025,0.9172534503070805,36.69013801228322,0.6115023002047203,0,80.11017205651702,79.4986697563123
2024-01-12T12:38:00Z,269.867980957031,14.1320180892944,878.132080078125,3500,3483.22,4375,3500,3325,4593.75,2024-01-12,12,283.9999990463254,0.04976062724207692,-0.4502393727579231,0.9004787455158462,36.01914982063385,0.6003191636772308,0,80.71049122019424,80.11017205651702
2024-01-12T12:39:00Z,273.183013916016,10.8170347213745,874.817016601562,3500,3483.22,4375,3500,3325,4593.75,2024-01-12,12,284.00004863739053,0.038088143904459755,-0.46191185609554025,0.9238237121910805,36.95294848764322,0.6158824747940537,0,81.32637369498829,80.71049122019424
2024-01-12T12:40:00Z,270.310974121094,13.6890249252319,877.689025878906,3500,3483.22,4375,3500,3325,4593.75,2024-01-12,12,283.99999904632585,0.048200792152111795,-0.4517992078478882,0.9035984156957764,36.14393662783105,0.6023989437971842,0,81.92877263878547,81.32637369498829
2024-01-12T12:41:00Z,270.281982421875,14.0760107040405,877.718017578125,3500,3483.22,4375,3500,3325,4593.75,2024-01-12,12,284.3579931259155,0.049501019997027315,-0.45049898000297267,0.9009979600059453,36.039918400237816,0.6006653066706302,0,82.52943794545611,81.92877263878547
2024-01-12T12:42:00Z,267.014953613281,17.1850318908691,880.984985351563,3500,3483.22,4375,3500,3325,4593.75,2024-01-12,12,284.1999855041501,0.06046809559255995,-0.43953190440744005,0.8790638088148801,35.162552352595206,0.5860425392099201,0,83.11548048466602,82.52943794545611
2024-01-12T12:43:00Z,267.349975585938,17.7270126342773,880.650024414063,3500,3483.22,4375,3500,3325,4593.75,2024-01-12,12,285.0769882202153,0.06218324651509086,-0.4378167534849091,0.8756335069698182,35.025340278792726,0.583755671313212,0,83.69923615597924,83.11548048466602
2024-01-12T12:44:00Z,264.158935546875,19.8410224914551,883.841064453125,3500,3483.22,4375,3500,3325,4593.75,2024-01-12,12,283.9999580383301,0.06986276557399088,-0.43013723442600915,0.8602744688520183,34.41097875408073,0.5735163125680122,0,84.27275246854725,83.69923615597924
2024-01-12T12:45:00Z,264.207946777344,19.7920417785645,883.792053222656,3500,3483.22,4375,3500,3325,4593.75,2024-01-12,12,283.9999885559085,0.0696902907609386,-0.4303097092390614,0.8606194184781228,34.424776739124916,0.5737462789854153,0,84.84649874753266,84.27275246854725
2024-01-12T12:46:00Z,268.532958984375,15.8800230026245,879.466979980469,3500,3483.22,4375,3500,3325,4593.75,2024-01-12,12,284.4129819869995,0.05583438172083992,-0.44416561827916007,0.8883312365583201,35.533249462332805,0.5922208243722135,0,85.43871957190488,84.84649874753266
2024-01-12T12:47:00Z,269.049987792969,15.3500308990479,878.950012207031,3500,3483.22,4375,3500,3325,4593.75,2024-01-12,12,284.4000186920169,0.05397338217361648,-0.44602661782638353,0.8920532356527671,35.682129426110684,0.5947021571018447,0,86.03342172900673,85.43871957190488
2024-01-12T12:48:00Z,271.411010742188,12.9899950027466,876.588989257812,3500,3483.22,4375,3500,3325,4593.75,2024-01-12,12,284.4010057449346,0.0456749263903683,-0.4543250736096317,0.9086501472192634,36.346005888770534,0.6057667648128422,0,86.63918849381957,86.03342172900673
2024-01-12T12:49:00Z,269.207977294922,14.9580202102661,878.7919921875,3500,3483.22,4375,3500,3325,4593.75,2024-01-12,12,284.1659975051881,0.05263831824211483,-0.44736168175788515,0.8947233635157703,35.78893454063081,0.5964822423438468,0,87.23567073616343,86.63918849381957
2024-01-12T12:50:00Z,272.813995361328,11.3320093154907,875.18603515625,3500,3483.22,4375,3500,3325,4593.75,2024-01-12,12,284.14600467681873,0.03988093842241235,-0.46011906157758764,0.9202381231551753,36.80952492620701,0.6134920821034502,0,87.84916281826688,87.23567073616343
2024-01-12T12:51:00Z,271.213012695313,13.6200189590454,876.786987304688,3500,3483.22,4375,3500,3325,4593.75,2024-01-12,12,284.8330316543584,0.04781755430519426,-0.45218244569480576,0.9043648913896115,36.17459565558446,0.6029099275930744,0,88.45207274585995,87.84916281826688
2024-01-12T12:52:00Z,258.731018066406,25.2690238952637,889.26904296875,3500,3483.22,4375,3500,3325,4593.75,2024-01-12,12,284.0000419616697,0.08897542310459995,-0.41102457689540006,0.8220491537908001,32.88196615163201,0.5480327691938668,0,89.00010551505382,88.45207274585995
2024-01-12T12:53:00Z,218.543975830078,66.2760162353516,929.455993652344,3500,3483.22,4375,3500,3325,4593.75,2024-01-12,12,284.81999206542963,0.23269439674770617,-0.2673056032522938,0.5346112065045876,21.384448260183504,0.3564074710030584,0,89.35651298605687,89.00010551505382
2024-01-12T12:54:00Z,212.279998779297,71.9040222167969,935.904052734375,3500,3483.22,4375,3500,3325,4593.75,2024-01-12,12,284.18402099609386,0.253019230162083,-0.246980769837917,0.493961539675834,19.75846158703336,0.32930769311722263,0,89.6858206791741,89.35651298605687
2024-01-12T12:55:00Z,269.516998291016,14.4830236434937,878.483032226563,3500,3483.22,4375,3500,3325,4593.75,2024-01-12,12,284.00002193450973,0.050996558186299994,-0.4490034418137,0.8980068836274,35.920275345096,0.5986712557516001,0,90.2844919349257,89.6858206791741
2024-01-12T12:56:00Z,278.278991699219,5.92102527618408,869.721008300781,3500,3483.22,4375,3500,3325,4593.75,2024-01-12,12,284.20001697540306,0.020834007468396924,-0.4791659925316031,0.9583319850632062,38.33327940252825,0.6388879900421375,0,90.92337992496783,90.2844919349257
2024-01-12T12:57:00Z,280.451965332031,4.06802654266357,867.548034667969,3500,3483.22,4375,3500,3325,4593.75,2024-01-12,12,284.5199918746946,0.014297858353852227,-0.4857021416461478,0.9714042832922956,38.856171331691826,0.6476028555281971,0,91.57098278049602,90.92337992496783
2024-01-12T12:58:00Z,274.449951171875,9.55003356933594,873.550048828125,3500,3483.22,4375,3500,3325,4593.75,2024-01-12,12,283.99998474121094,0.03362688057197682,-0.4663731194280232,0.9327462388560464,37.30984955424185,0.6218308259040308,0,92.19281360640005,91.57098278049602
2024-01-12T12:59:00Z,274.468017578125,9.86803150177002,873.867980957031,3500,3483.22,4375,3500,3325,4593.75,2024-01-12,12,284.336049079895,0.03470552374101963,-0.46529447625898035,0.9305889525179607,37.22355810071843,0.6203926350119738,0,92.81320624141202,92.19281360640005
2024-01-12T13:00:00Z,374.678955078125,18.0000152587891,947.321044921875,3597,3559.78,4496.16,12.9,12.26,3776.85,2024-01-12,13,392.6789703369141,0.045839010027313894,-0.4541609899726861,0.9083219799453722,36.33287919781489,0.6055479866302481,0,93.41875422804226,92.81320624141202
2024-01-12T13:01:00Z,274.774963378906,109.53002166748,1042.53002929687,3597,3559.78,4496.16,12.9,12.26,3776.85,2024-01-12,13,384.30498504638604,0.28500806892801456,-0.21499193107198544,0.4299838621439709,17.199354485758835,0.28665590809598057,0,93.70541013613824,93.41875422804226
2024-01-12T13:02:00Z,215.557983398438,168.442016601563,1101.44201660156,3597,3559.78,4496.16,12.9,12.26,3776.85,2024-01-12,13,384.000000000001,0.4386510848999025,-0.06134891510009749,0.12269783020019498,4.907913208007799,0.08179855346679665,0,93.78720868960504,93.70541013613824
2024-01-12T13:03:00Z,160.012985229492,224.572052001953,1157.57202148438,3597,3559.78,4496.16,12.9,12.26,3776.85,2024-01-12,13,384.58503723144497,0.5839334094186419,0.08393340941864191,-0.16786681883728383,-6.714672753491353,0,0.11191121255818921,93.67529747704685,93.78720868960504
2024-01-12T13:04:00Z,137.79296875,246.907043457031,1179.90698242187,3597,3559.78,4496.16,12.9,12.26,3776.85,2024-01-12,13,384.700012207031,0.6418170928576808,0.14181709285768085,-0.2836341857153617,-11.345367428614468,0,0.18908945714357447,93.48620801990327,93.67529747704685
2024-01-12T13:05:00Z,127.828956604004,256.071044921875,1189.07104492187,3597,3559.78,4496.16,12.9,12.26,3776.85,2024-01-12,13,383.900001525879,0.6670253813599244,0.1670253813599244,-0.3340507627198488,-13.362030508793952,0,0.2227005084798992,93.26350751142337,93.48620801990327
2024-01-12T13:06:00Z,103.414001464844,280.486022949219,1213.48608398437,3597,3559.78,4496.16,12.9,12.26,3776.85,2024-01-12,13,383.90002441406295,0.7306225712731271,0.23062257127312713,-0.46124514254625426,-18.44980570185017,0,0.30749676169750284,92.95601074972586,93.26350751142337
2024-01-12T13:07:00Z,86.5119857788086,297.899017333984,1230.89904785156,3597,3559.78,4496.16,12.9,12.26,3776.85,2024-01-12,13,384.41100311279257,0.7749492468262555,0.27494924682625554,-0.5498984936525111,-21.995939746100444,0,0.3665989957683407,92.58941175395752,92.95601074972586
2024-01-12T13:08:00Z,83.9749755859375,299.925048828125,1232.92504882813,3597,3559.78,4496.16,12.9,12.26,3776.85,2024-01-12,13,383.9000244140625,0.7812582176463612,0.28125821764636116,-0.5625164352927223,-22.500657411708893,0,0.3750109568618149,92.2144007970957,92.58941175395752
2024-01-12T13:09:00Z,77.6899871826172,307.39404296875,1240.39404296875,3597,3559.78,4496.16,12.9,12.26,3776.85,2024-01-12,13,385.0840301513672,0.7982518590758512,0.29825185907585117,-0.5965037181517023,-23.860148726068093,0,0.39766914543446824,91.81673165166124,92.2144007970957
2024-01-12T13:10:00Z,71.7859725952148,312.514038085938,1245.51391601563,3597,3559.78,4496.16,12.9,12.26,3776.85,2024-01-12,13,384.3000106811528,0.8132033031485539,0.31320330314855394,-0.6264066062971079,-25.056264251884315,0,0.41760440419807193,91.39912724746317,91.81673165166124
2024-01-12T13:11:00Z,77.7469787597656,306.153015136719,1239.15307617187,3597,3559.78,4496.16,12.9,12.26,3776.85,2024-01-12,13,383.8999938964846,0.797481166981395,0.29748116698139504,-0.5949623339627901,-23.798493358511603,0,0.3966415559751934,91.00248569148798,91.39912724746317
2024-01-12T13:12:00Z,80.9199905395508,303.073059082031,1236.07299804688,3597,3559.78,4496.16,12.9,12.26,3776.85,2024-01-12,13,383.9930496215818,0.7892670437152548,0.2892670437152548,-0.5785340874305096,-23.141363497220382,0,0.3856893916203397,90.61679629986763,91.00248569148798
2024-01-12T13:13:00Z,100.990982055664,283.679016113281,1216.67907714844,3597,3559.78,4496.16,12.9,12.26,3776.85,2024-01-12,13,384.669998168945,0.7374607259823021,0.23746072598230206,-0.4749214519646041,-18.996858078584165,0,0.31661430130973606,90.30018199855789,90.61679629986763
2024-01-12T13:14:00Z,129.46696472168,254.433029174805,1187.43310546875,3597,3559.78,4496.16,12.9,12.26,3776.85,2024-01-12,13,383.899993896485,0.6627586174002661,0.1627586174002661,-0.3255172348005322,-13.020689392021287,0,0.21701148986702146,90.08317050869087,90.30018199855789
2024-01-12T13:15:00Z,120.747970581055,263.256042480469,1196.25598144531,3597,3559.78,4496.16,12.9,12.26,3776.85,2024-01-12,13,384.004013061524,0.6855554461049105,0.18555544610491048,-0.37111089220982096,-14.844435688392839,0,0.24740726147321399,89.83576324721766,90.08317050869087
2024-01-12T13:16:00Z,117.18798828125,267.536010742187,1200.53601074219,3597,3559.78,4496.16,12.9,12.26,3776.85,2024-01-12,13,384.723999023437,0.6953972495120819,0.19539724951208193,-0.39079449902416385,-15.631779960966554,0,0.2605296660161092,89.57523358120154,89.83576324721766
2024-01-12T13:17:00Z,110.714965820313,273.185028076172,1206.18505859375,3597,3559.78,4496.16,12.9,12.26,3776.85,2024-01-12,13,383.899993896485,0.7116046689748938,0.21160466897489383,-0.42320933794978766,-16.928373517991506,0,0.2821395586331918,89.29309402256835,89.57523358120154
2024-01-12T13:18:00Z,93.8709716796875,290.028991699219,1223.02905273438,3597,3559.78,4496.16,12.9,12.26,3776.85,2024-01-12,13,383.8999633789065,0.7554806443494303,0.2554806443494303,-0.5109612886988606,-20.438451547954422,0,0.3406408591325737,88.95245316343578,89.29309402256835
2024-01-12T13:19:00Z,81.0359878540039,303.314025878906,1236.31396484375,3597,3559.78,4496.16,12.9,12.26,3776.85,2024-01-12,13,384.35001373290993,0.7891609601702345,0.2891609601702345,-0.578321920340469,-23.13287681361876,0,0.385547946893646,88.56690521654212,88.95245316343578
2024-01-12T13:20:00Z,75.5389709472656,308.361022949219,1241.36108398438,3597,3559.78,4496.16,12.9,12.26,3776.85,2024-01-12,13,383.8999938964846,0.8032326852090702,0.3032326852090702,-0.6064653704181404,-24.25861481672562,0,0.404310246945427,88.1625949695967,88.56690521654212
2024-01-12T13:21:00Z,63.4959907531738,320.534027099609,1253.53405761719,3597,3559.78,4496.16,12.9,12.26,3776.85,2024-01-12,13,384.03001785278275,0.8346587823832177,0.33465878238321767,-0.6693175647664353,-26.772702590657413,0,0.4462117098442902,87.7163832597524,88.1625949695967
2024-01-12T13:22:00Z,62.7869834899902,321.471069335938,1254.47094726563,3597,3559.78,4496.16,12.9,12.26,3776.85,2024-01-12,13,384.2580528259282,0.8366020359801459,0.33660203598014593,-0.6732040719602919,-26.928162878411676,0,0.4488027146401946,87.26758054511221,87.7163832597524
2024-01-12T13:23:00Z,45.54296875,339.457000732422,1272.45703125,3597,3559.78,4496.16,12.9,12.26,3776.85,2024-01-12,13,384.999969482422,0.8817065652986257,0.3817065652986257,-0.7634131305972514,-30.536525223890052,0,0.5089420870648342,86.75863845804737,87.26758054511221
2024-01-12T13:24:00Z,33.0809860229492,353.319030761719,1286.31896972656,3597,3559.78,4496.16,12.9,12.26,3776.85,2024-01-12,13,386.4000167846682,0.9143866858541456,0.4143866858541456,-0.8287733717082912,-33.150934868331646,0,0.5525155811388608,86.20612287690851,86.75863845804737
2024-01-12T13:25:00Z,19.7379856109619,370.162048339844,1303.16198730469,3597,3559.78,4496.16,12.9,12.26,3776.85,2024-01-12,13,389.9000339508059,0.9493768045851151,0.4493768045851151,-0.8987536091702302,-35.950144366809205,0,0.5991690727801534,85.60695380412835,86.20612287690851
2024-01-12T13:26:00Z,16.3609714508057,373.755065917969,1306.75500488281,3597,3559.78,4496.16,12.9,12.26,3776.85,2024-01-12,13,390.1160373687747,0.9580612692542558,0.45806126925425583,-0.9161225385085117,-36.64490154034047,0,0.6107483590056745,84.99620544512268,85.60695380412835
2024-01-12T13:27:00Z,16.8189792633057,371.776062011719,1304.77600097656,3597,3559.78,4496.16,12.9,12.26,3776.85,2024-01-12,13,388.5950412750247,0.9567184923201265,0.4567184923201265,-0.913436984640253,-36.53747938561012,0,0.6089579897601687,84.38724745536251,84.99620544512268
2024-01-12T13:28:00Z,19.3029804229736,370.516052246094,1303.51599121094,3597,3559.78,4496.16,12.9,12.26,3776.85,2024-01-12,13,389.81903266906755,0.9504822012131957,0.4504822012131957,-0.9009644024263914,-36.03857609705565,0,0.6006429349509276,83.78660452041159,84.38724745536251
2024-01-12T13:29:00Z,16.1629791259766,371.723022460937,1304.72314453125,3597,3559.78,4496.16,12.9,12.26,3776.85,2024-01-12,13,387.8860015869136,0.9583305944018323,0.4583305944018323,-0.9166611888036647,-36.666447552146586,0,0.6111074592024431,83.17549706120914,83.78660452041159
2024-01-12T13:30:00Z,13.682991027832,377.255004882813,1310.2548828125,3597,3559.78,4496.16,12.9,12.26,3776.85,2024-01-12,13,390.937995910645,0.9649995877326811,0.46499958773268113,-0.9299991754653623,-37.19996701861449,0,0.6199994503102414,82.5554976108989,83.17549706120914
2024-01-12T13:31:00Z,11.7739715576172,378.783996582031,1311.78393554687,3597,3559.78,4496.16,12.9,12.26,3776.85,2024-01-12,13,390.5579681396482,0.9698534596190667,0.46985345961906666,-0.9397069192381333,-37.588276769525336,0,0.6264712794920889,81.9290263314068,82.5554976108989
2024-01-12T13:32:00Z,40.6249847412109,349.160034179688,1282.16003417969,3597,3559.78,4496.16,12.9,12.26,3776.85,2024-01-12,13,389.7850189208989,0.8957759206506212,0.39577592065062117,-0.7915518413012423,-31.662073652049692,0,0.5277012275341615,81.40132510387264,81.9290263314068
2024-01-12T13:33:00Z,20.1189746856689,370.150054931641,1303.15002441406,3597,3559.78,4496.16,12.9,12.26,3776.85,2024-01-12,13,390.2690296173099,0.9484484466897177,0.44844844668971773,-0.8968968933794355,-35.87587573517742,0,0.5979312622529569,80.80339384161968,81.40132510387264
2024-01-12T13:34:00Z,24.9359874725342,360.032012939453,1293.03186035156,3597,3559.78,4496.16,12.9,12.26,3776.85,2024-01-12,13,384.9680004119872,0.9352258176112092,0.43522581761120915,-0.8704516352224183,-34.81806540889673,0,0.5803010901482788,80.2230927514714,80.80339384161968
2024-01-12T13:35:00Z,25.9379901885986,359.726013183594,1292.72595214844,3597,3559.78,4496.16,12.9,12.26,3776.85,2024-01-12,13,385.66400337219255,0.9327445912457466,0.4327445912457466,-0.8654891824914932,-34.61956729965973,0,0.5769927883276621,79.64609996314374,80.2230927514714
2024-01-12T13:36:00Z,27.8160133361816,357.181030273438,1290.18115234375,3597,3559.78,4496.16,12.9,12.26,3776.85,2024-01-12,13,384.9970436096196,0.9277500599085469,0.42775005990854686,-0.8555001198170937,-34.22000479268375,0,0.5703334132113959,79.07576654993234,79.64609996314374
2024-01-12T13:37:00Z,27.577974319458,357.054016113281,1290.05395507813,3597,3559.78,4496.16,12.9,12.26,3776.85,2024-01-12,13,384.63199043273903,0.9283003624102333,0.4283003624102333,-0.8566007248204666,-34.264028992818666,0,0.5710671498803112,78.50469940005203,79.07576654993234
2024-01-12T13:38:00Z,28.621976852417,355.873046875,1288.873046875,3597,3559.78,4496.16,12.9,12.26,3776.85,2024-01-12,13,384.495023727417,0.9255595649198618,0.4255595649198618,-0.8511191298397236,-34.044765193588944,0,0.5674127532264824,77.93728664682556,78.50469940005203
2024-01-12T13:39:00Z,28.6609725952148,355.846008300781,1288.84606933594,3597,3559.78,4496.16,12.9,12.26,3776.85,2024-01-12,13,384.5069808959958,0.9254604623083106,0.4254604623083106,-0.8509209246166212,-34.036836984664845,0,0.5672806164110807,77.37000603041447,77.93728664682556
2024-01-12T13:40:00Z,33.2049789428711,352.116027832031,1285.11608886719,3597,3559.78,4496.16,12.9,12.26,3776.85,2024-01-12,13,385.3210067749021,0.9138251526414471,0.41382515264144715,-0.8276503052828943,-33.10601221131577,0,0.5517668701885962,76.81823916022587,77.37000603041447
2024-01-12T13:41:00Z,43.1479911804199,341.367004394531,1274.36706542969,3597,3559.78,4496.16,12.9,12.26,3776.85,2024-01-12,13,384.51499557495094,0.8877859337685846,0.3877859337685846,-0.7755718675371692,-31.02287470148677,0,0.5170479116914461,76.30119124853442,76.81823916022587
2024-01-12T13:42:00Z,52.6909713745117,330.609008789063,1263.60900878906,3597,3559.78,4496.16,12.9,12.26,3776.85,2024-01-12,13,383.29998016357473,0.8625333313296139,0.36253333132961385,-0.7250666626592277,-29.00266650636911,0,0.4833777751061518,75.81781347342827,76.30119124853442
2024-01-12T13:43:00Z,73.391960144043,310.307983398438,1243.30810546875,3597,3559.78,4496.16,12.9,12.26,3776.85,2024-01-12,13,383.69994354248104,0.8087256425777465,0.3087256425777465,-0.617451285155493,-24.69805140621972,0,0.411634190103662,75.4061792833246,75.81781347342827
2024-01-12T13:44:00Z,134.465972900391,249.667037963867,1182.66711425781,3597,3559.78,4496.16,12.9,12.26,3776.85,2024-01-12,13,384.133010864258,0.6499494469432424,0.14994944694324241,-0.29989889388648483,-11.995955755459393,0,0.19993259592432322,75.20624668740028,75.4061792833246
2024-01-12T13:45:00Z,120.444999694824,263.541015625,1196.45495605469,3597,3559.78,4496.16,12.9,12.26,3776.85,2024-01-12,13,383.986015319824,0.6863297232465492,0.18632972324654917,-0.37265944649309835,-14.906377859723934,0,0.2484396309953989,74.95780705640489,75.20624668740028
2024-01-12T13:46:00Z,134.53498840332,249.365036010742,1182.36511230469,3597,3559.78,4496.16,12.9,12.26,3776.85,2024-01-12,13,383.900024414062,0.6495572288419159,0.1495572288419159,-0.2991144576838318,-11.964578307353273,0,0.19940963845588788,74.758397417949,74.95780705640489
2024-01-12T13:47:00Z,132.299987792969,251.5,1184.5,3597,3559.78,4496.16,12.9,12.26,3776.85,2024-01-12,13,383.799987792969,0.655289233973778,0.15528923397377803,-0.31057846794755606,-12.423138717902242,0,0.20705231196503737,74.55134510598396,74.758397417949
2024-01-12T13:48:00Z,136.974975585938,247.363021850586,1180.36303710937,3597,3559.78,4496.16,12.9,12.26,3776.85,2024-01-12,13,384.337997436524,0.6436080312133063,0.14360803121330634,-0.2872160624266127,-11.488642497064507,0,0.1914773749510751,74.35986773103288,74.55134510598396
2024-01-12T13:49:00Z,119.570991516113,263.429016113281,1196.42895507813,3597,3559.78,4496.16,12.9,12.26,3776.85,2024-01-12,13,383.000007629394,0.6878042059158008,0.18780420591580083,-0.37560841183160165,-15.024336473264066,0,0.2504056078877344,74.10946212314515,74.35986773103288
2024-01-12T13:50:00Z,98.2079772949219,284.465026855469,1217.46496582031,3597,3559.78,4496.16,12.9,12.26,3776.85,2024-01-12,13,382.67300415039085,0.7433631946079843,0.24336319460798428,-0.48672638921596856,-19.469055568638744,0,0.3244842594773124,73.78497786366783,74.10946212314515
2024-01-12T13:51:00Z,71.5369873046875,310.837005615234,1243.56298828125,3597,3559.78,4496.16,12.9,12.26,3776.85,2024-01-12,13,382.3739929199215,0.8129135646532606,0.3129135646532606,-0.6258271293065212,-25.033085172260847,0,0.41721808620434747,73.36775977746349,73.78497786366783
2024-01-12T13:52:00Z,25.8049774169922,358.795043945313,1291.79504394531,3597,3559.78,4496.16,12.9,12.26,3776.85,2024-01-12,13,384.6000213623052,0.9329043786175896,0.43290437861758957,-0.8658087572351791,-34.632350289407164,0,0.577205838156786,72.7905539393067,73.36775977746349
2024-01-12T13:53:00Z,14.7429962158203,370.601989746094,1303.60205078125,3597,3559.78,4496.16,12.9,12.26,3776.85,2024-01-12,13,385.3449859619143,0.9617407861710767,0.4617407861710767,-0.9234815723421534,-36.939262893686134,0,0.6156543815614356,72.17489955774526,72.7905539393067
2024-01-12T13:54:00Z,16.8449840545654,367.502044677734,1300.50207519531,3597,3559.78,4496.16,12.9,12.26,3776.85,2024-01-12,13,384.34702873229935,0.9561724618761186,0.4561724618761186,-0.9123449237522372,-36.49379695008949,0,0.6082299491681582,71.5666696085771,72.17489955774526
2024-01-12T13:55:00Z,20.1529846191406,361.905090332031,1294.90502929687,3597,3559.78,4496.16,12.9,12.26,3776.85,2024-01-12,13,382.05807495117165,0.9472515150433184,0.4472515150433184,-0.8945030300866368,-35.78012120346547,0,0.5963353533910911,70.970334255186,71.5666696085771
2024-01-12T13:56:00Z,18.6179904937744,363.182037353516,1296.18200683594,3597,3559.78,4496.16,12.9,12.26,3776.85,2024-01-12,13,381.80002784729044,0.9512362778003225,0.4512362778003225,-0.902472555600645,-36.0989022240258,0,0.60164837040043,70.36868588478558,70.970334255186
2024-01-12T13:57:00Z,21.309986114502,359.919067382813,1292.91906738281,3597,3559.78,4496.16,12.9,12.26,3776.85,2024-01-12,13,381.229053497315,0.9441018833192049,0.44410188331920486,-0.8882037666384097,-35.52815066553639,0,0.5921358444256064,69.77655004035996,70.36868588478558
2024-01-12T13:58:00Z,26.3310050964355,353.368988037109,1286.369140625,3597,3559.78,4496.16,12.9,12.26,3776.85,2024-01-12,13,379.69999313354447,0.9306531325451602,0.43065313254516024,-0.8613062650903205,-34.45225060361282,0,0.5742041767268803,69.20234586363308,69.77655004035996
2024-01-12T13:59:00Z,33.3319931030273,347.315063476562,1280.31506347656,3597,3559.78,4496.16,12.9,12.26,3776.85,2024-01-12,13,380.6470565795893,0.9124333354826352,0.41243333548263517,-0.8248666709652703,-32.99466683861081,0,0.5499111139768469,68.65243474965624,69.20234586363308
2024-01-12T14:00:00Z,39.5049743652344,343.759033203125,1276.75903320313,4700,4661.47,5874.98,13.8,4465,6168.73,2024-01-12,14,383.2640075683594,0.8969249040214448,0.39692490402144476,-0.7938498080428895,-31.75399232171558,0,0.5292332053619263,68.1232015442943,68.65243474965624
2024-01-12T14:01:00Z,41.7279891967773,242.372009277344,1050.3720703125,4700,4661.47,5874.98,13.8,4465,6168.73,2024-01-12,14,284.0999984741213,0.8531221773287749,0.35312217732877493,-0.7062443546575499,-28.249774186301995,0,0.47082956977169993,67.65237197452261,68.1232015442943
2024-01-12T14:02:00Z,8.42798805236816,281.226013183594,1089.22595214844,4700,4661.47,5874.98,13.8,4465,6168.73,2024-01-12,14,289.65400123596214,0.9709032569327346,0.4709032569327346,-0.9418065138654692,-37.67226055461877,0,0.6278710092436461,67.02450096527896,67.65237197452261
2024-01-12T14:03:00Z,8.62199592590332,280.599975585938,1088.60009765625,4700,4661.47,5874.98,13.8,4465,6168.73,2024-01-12,14,289.22197151184133,0.9701890009226,0.47018900092259996,-0.9403780018451999,-37.615120073808,0,0.6269186678968001,66.39758229738216,67.02450096527896
2024-01-12T14:04:00Z,8.90000343322754,279.856079101563,1087.85607910156,4700,4661.47,5874.98,13.8,4465,6168.73,2024-01-12,14,288.75608253479055,0.9691781265520001,0.4691781265520001,-0.9383562531040002,-37.53425012416001,0,0.6255708354026669,65.77201146197949,66.39758229738216
2024-01-12T14:05:00Z,11.1909866333008,281.098022460937,1089.09802246094,4700,4661.47,5874.98,13.8,4465,6168.73,2024-01-12,14,292.28900909423777,0.961712598540807,0.46171259854080704,-0.9234251970816141,-36.93700788326456,0,0.6156167980544094,65.15639466392508,65.77201146197949
2024-01-12T14:06:00Z,10.100004196167,278.012023925781,1086.01196289063,4700,4661.47,5874.98,13.8,4465,6168.73,2024-01-12,14,288.112028121948,0.9649441772285466,0.46494417722854664,-0.9298883544570933,-37.19553417828373,0,0.6199255696380621,64.53646909428703,65.15639466392508
2024-01-12T14:07:00Z,9.19999694824219,279.054992675781,1087.05493164063,4700,4661.47,5874.98,13.8,4465,6168.73,2024-01-12,14,288.2549896240232,0.9680838241161344,0.46808382411613436,-0.9361676482322687,-37.44670592929075,0,0.6241117654881791,63.91235732879885,64.53646909428703
2024-01-12T14:08:00Z,28.863000869751,259.226013183594,1067.22607421875,4700,4661.47,5874.98,13.8,4465,6168.73,2024-01-12,14,288.08901405334495,0.8998122126781049,0.39981221267810485,-0.7996244253562097,-31.984977014248386,0,0.5330829502374731,63.37927437856138,63.91235732879885
2024-01-12T14:09:00Z,15.7339611053467,271.18701171875,1079.18701171875,4700,4661.47,5874.98,13.8,4465,6168.73,2024-01-12,14,286.9209728240967,0.9451627360994878,0.44516273609948775,-0.8903254721989755,-35.61301888795902,0,0.5935503147993171,62.78572406376206,63.37927437856138
2024-01-12T14:10:00Z,14.2079830169678,269.674011230469,1077.67395019531,4700,4661.47,5874.98,13.8,4465,6168.73,2024-01-12,14,283.88199424743675,0.949951094803907,0.44995109480390705,-0.8999021896078141,-35.99608758431256,0,0.599934793071876,62.18578927069019,62.78572406376206
2024-01-12T14:11:00Z,21.3069725036621,261.767059326172,1069.76708984375,4700,4661.47,5874.98,13.8,4465,6168.73,2024-01-12,14,283.0740318298341,0.924730034874868,0.42473003487486805,-0.8494600697497361,-33.978402789989445,0,0.5663067131664907,61.619482557523696,62.18578927069019
2024-01-12T14:12:00Z,21.7769870758057,260.401000976562,1068.40100097656,4700,4661.47,5874.98,13.8,4465,6168.73,2024-01-12,14,282.1779880523677,0.9228253513815392,0.4228253513815392,-0.8456507027630784,-33.82602811052314,0,0.5637671351753857,61.055715422348314,61.619482557523696
2024-01-12T14:13:00Z,18.4089851379395,263.647033691406,1071.64697265625,4700,4661.47,5874.98,13.8,4465,6168.73,2024-01-12,14,282.05601882934553,0.9347328760636104,0.43473287606361044,-0.8694657521272209,-34.778630085088835,0,0.5796438347514806,60.476071587596834,61.055715422348314
2024-01-12T14:14:00Z,22.9989891052246,258.601013183594,1066.60107421875,4700,4661.47,5874.98,13.8,4465,6168.73,2024-01-12,14,281.6000022888186,0.9183274541253872,0.4183274541253872,-0.8366549082507744,-33.466196330030975,0,0.5577699388338496,59.918301648762984,60.476071587596834
2024-01-12T14:15:00Z,50.4819679260254,230.318023681641,1038.31811523438,4700,4661.47,5874.98,13.8,4465,6168.73,2024-01-12,14,280.7999916076664,0.8202209065712552,0.32022090657125524,-0.6404418131425105,-25.61767252570042,0,0.4269612087616737,59.49134044000131,59.918301648762984
2024-01-12T14:16:00Z,40.880989074707,239.619018554688,1047.61889648438,4700,4661.47,5874.98,13.8,4465,6168.73,2024-01-12,14,280.500007629395,0.8542567274054403,0.35425672740544034,-0.7085134548108807,-28.340538192435226,0,0.47234230320725373,59.01899813679405,59.49134044000131
2024-01-12T14:17:00Z,31.9380016326904,248.175018310547,1056.17504882813,4700,4661.47,5874.98,13.8,4465,6168.73,2024-01-12,14,280.1130199432374,0.8859817310913916,0.38598173109139156,-0.7719634621827831,-30.878538487311324,0,0.5146423081218554,58.504355828672196,59.01899813679405
2024-01-12T14:18:00Z,16.1629905700684,264.845001220703,1072.84509277344,4700,4661.47,5874.98,13.8,4465,6168.73,2024-01-12,14,281.0079917907714,0.9424820964447772,0.4424820964447772,-0.8849641928895544,-35.398567715582175,0,0.5899761285930363,57.91437970007916,58.504355828672196
2024-01-12T14:19:00Z,12.9119873046875,270.348999023438,1078.34899902344,4700,4661.47,5874.98,13.8,4465,6168.73,2024-01-12,14,283.2609863281255,0.9544166407380562,0.4544166407380562,-0.9088332814761124,-36.353331259044495,0,0.6058888543174082,57.30849084576175,57.91437970007916
2024-01-12T14:20:00Z,14.4859714508057,267.082000732422,1075.08203125,4700,4661.47,5874.98,13.8,4465,6168.73,2024-01-12,14,281.5679721832277,0.9485524886282908,0.4485524886282908,-0.8971049772565816,-35.884199090263266,0,0.5980699848377211,56.71042086092403,57.30849084576175
2024-01-12T14:21:00Z,8.48899269104004,275.047027587891,1083.04699707031,4700,4661.47,5874.98,13.8,4465,6168.73,2024-01-12,14,283.53602027893106,0.9700602671833761,0.4700602671833761,-0.9401205343667522,-37.60482137467009,0,0.6267470229111681,56.083673838012864,56.71042086092403
2024-01-12T14:22:00Z,12.4029960632324,267.078002929687,1075.07800292969,4700,4661.47,5874.98,13.8,4465,6168.73,2024-01-12,14,279.4809989929194,0.9556213262872062,0.4556213262872062,-0.9112426525744124,-36.44970610297649,0,0.6074951017162749,55.47617873629659,56.083673838012864
2024-01-12T14:23:00Z,12.4299755096436,267.665008544922,1075.6650390625,4700,4661.47,5874.98,13.8,4465,6168.73,2024-01-12,14,280.0949840545656,0.955622284520375,0.455622284520375,-0.91124456904075,-36.449782761630004,0,0.6074963793605,54.86868235693609,55.47617873629659
2024-01-12T14:24:00Z,13.9229927062988,267.123962402344,1075.1240234375,4700,4661.47,5874.98,13.8,4465,6168.73,2024-01-12,14,281.0469551086428,0.9504602613434588,0.45046026134345885,-0.9009205226869177,-36.03682090747671,0,0.6006136817912785,54.26806867514481,54.86868235693609
2024-01-12T14:25:00Z,13.8629817962646,265.453063964844,1073.45288085937,4700,4661.47,5874.98,13.8,4465,6168.73,2024-01-12,14,279.31604576110857,0.9503681152348791,0.4503681152348791,-0.9007362304697581,-36.029449218790326,0,0.6004908203131721,53.66757785483164,54.26806867514481
2024-01-12T14:26:00Z,8.17699432373047,274.787017822266,1082.78698730469,4700,4661.47,5874.98,13.8,4465,6168.73,2024-01-12,14,282.9640121459965,0.9711023523390264,0.4711023523390264,-0.9422047046780528,-37.688188187122115,0,0.6281364697853686,53.039441385046274,53.66757785483164
2024-01-12T14:27:00Z,11.2929954528809,268.536010742188,1076.53601074219,4700,4661.47,5874.98,13.8,4465,6168.73,2024-01-12,14,279.8290061950689,0.9596432278181749,0.4596432278181749,-0.9192864556363498,-36.77145822545399,0,0.6128576370908998,52.42658374795538,53.039441385046274
2024-01-12T14:28:00Z,9.53096771240234,271.891052246094,1079.89099121094,4700,4661.47,5874.98,13.8,4465,6168.73,2024-01-12,14,281.4220199584963,0.966132828860343,0.466132828860343,-0.932265657720686,-37.29062630882744,0,0.6215104384804574,51.80507330947492,52.42658374795538
2024-01-12T14:29:00Z,12.2859878540039,270.158996582031,1078.15905761719,4700,4661.47,5874.98,13.8,4465,6168.73,2024-01-12,14,282.44498443603493,0.9565013063392305,0.4565013063392305,-0.913002612678461,-36.52010450713844,0,0.6086684084523074,51.19640490102261,51.80507330947492
2024-01-12T14:30:00Z,5.59198951721191,280.385986328125,1083.38598632812,4700,4661.47,5874.98,13.8,4465,6168.73,2024-01-12,14,285.9779758453369,0.9804460833017569,0.48044608330175687,-0.9608921666035137,-38.43568666414055,0,0.6405947777356757,50.55581012328693,51.19640490102261
2024-01-12T14:31:00Z,6.29999732971191,276.716003417969,1079.71606445312,4700,4661.47,5874.98,13.8,4465,6168.73,2024-01-12,14,283.0160007476809,0.9777397839236355,0.4777397839236355,-0.955479567847271,-38.21918271389084,0,0.6369863785648473,49.91882374472208,50.55581012328693
2024-01-12T14:32:00Z,8.07196426391602,268.328002929688,1071.328125,4700,4661.47,5874.98,13.8,4465,6168.73,2024-01-12,14,276.399967193604,0.9707960737265138,0.4707960737265138,-0.9415921474530276,-37.6636858981211,0,0.6277280983020184,49.29109564642006,49.91882374472208
2024-01-12T14:33:00Z,6.23699760437012,270.14501953125,1073.14501953125,4700,4661.47,5874.98,13.8,4465,6168.73,2024-01-12,14,276.3820171356201,0.9774334174523749,0.4774334174523749,-0.9548668349047498,-38.19467339618999,0,0.6365778899364999,48.654517756483564,49.29109564642006
2024-01-12T14:34:00Z,8.74997329711914,267.877075195313,1070.87707519531,4700,4661.47,5874.98,13.8,4465,6168.73,2024-01-12,14,276.62704849243215,0.9683690609981745,0.46836906099817455,-0.9367381219963491,-37.469524879853964,0,0.6244920813308994,48.030025675152665,48.654517756483564
2024-01-12T14:35:00Z,5.69999694824219,281.818054199219,1076.34204101563,4700,4661.47,5874.98,13.8,4465,6168.73,2024-01-12,14,287.51805114746116,0.9801751683920576,0.48017516839205765,-0.9603503367841153,-38.41401347136461,0,0.6402335578560768,47.38979211729659,48.030025675152665
2024-01-12T14:36:00Z,6.00000190734863,283.674011230469,1072.7900390625,4700,4661.47,5874.98,13.8,4465,6168.73,2024-01-12,14,289.6740131378176,0.9792870549817183,0.4792870549817183,-0.9585741099634366,-38.34296439853746,0,0.639049406642291,46.75074271065429,47.38979211729659
2024-01-12T14:37:00Z,26.8659915924072,259.252014160156,1041.16003417969,4700,4661.47,5874.98,13.8,4465,6168.73,2024-01-12,14,286.11800575256325,0.9061017096014533,0.4061017096014533,-0.8122034192029066,-32.48813676811626,0,0.5414689461352711,46.209273764519025,46.75074271065429
2024-01-12T14:38:00Z,40.6879920959473,246.011993408203,1024.91516113281,4700,4661.47,5874.98,13.8,4465,6168.73,2024-01-12,14,286.69998550415033,0.8580816388099946,0.35808163880999455,-0.7161632776199891,-28.646531104799564,0,0.47744218507999275,45.73183157943903,46.209273764519025
2024-01-12T14:39:00Z,14.5359840393066,270.897033691406,1048.50708007812,4700,4661.47,5874.98,13.8,4465,6168.73,2024-01-12,14,285.4330177307126,0.9490739222992753,0.44907392229927534,-0.8981478445985507,-35.92591378394203,0,0.5987652297323671,45.13306634970667,45.73183157943903
2024-01-12T14:40:00Z,26.7699947357178,259.35302734375,1035.2919921875,4700,4661.47,5874.98,13.8,4465,6168.73,2024-01-12,14,286.1230220794678,0.9064388648590371,0.40643886485903713,-0.8128777297180743,-32.515109188722974,0,0.5419184864787162,44.59114786322795,45.13306634970667
2024-01-12T14:41:00Z,25.0370025634766,260.737976074219,1031.05798339844,4700,4661.47,5874.98,13.8,4465,6168.73,2024-01-12,14,285.7749786376956,0.9123891017932034,0.4123891017932034,-0.8247782035864069,-32.99112814345627,0,0.5498521357242712,44.04129572750368,44.59114786322795
2024-01-12T14:42:00Z,16.5099830627441,265.206024169922,1033.2060546875,4700,4661.47,5874.98,13.8,4465,6168.73,2024-01-12,14,281.7160072326661,0.9413949415763632,0.44139494157636316,-0.8827898831527263,-35.31159532610906,0,0.5885265887684843,43.4527691387352,44.04129572750368
2024-01-12T14:43:00Z,6.20000839233398,274.921051025391,1042.92102050781,4700,4661.47,5874.98,13.8,4465,6168.73,2024-01-12,14,281.121059417725,0.9779454146723272,0.4779454146723272,-0.9558908293446544,-38.23563317378618,0,0.6372605528964362,42.815508585838764,43.4527691387352
2024-01-12T14:44:00Z,5.77098846435547,270.994018554688,1038.99401855469,4700,4661.47,5874.98,13.8,4465,6168.73,2024-01-12,14,276.7650070190435,0.9791484171842635,0.4791484171842635,-0.958296834368527,-38.33187337474108,0,0.6388645562456846,42.17664402959308,42.815508585838764
2024-01-12T14:45:00Z,6.17298889160156,268.658996582031,1036.65905761719,4700,4661.47,5874.98,13.8,4465,6168.73,2024-01-12,14,274.8319854736326,0.9775390448787709,0.47753904487877086,-0.9550780897575417,-38.20312359030167,0,0.6367187265050279,41.53992530308805,42.17664402959308
2024-01-12T14:46:00Z,75.114990234375,197.113021850586,965.112976074219,4700,4661.47,5874.98,13.8,4465,6168.73,2024-01-12,14,272.228012084961,0.7240732514663775,0.22407325146637747,-0.44814650293275493,-17.925860117310197,0,0.29876433528850327,41.241160967799544,41.53992530308805
2024-01-12T14:47:00Z,253.640975952148,23.5120220184326,791.512023925781,4700,4661.47,5874.98,13.8,4465,6168.73,2024-01-12,14,277.1529979705806,0.0848340887184932,-0.4151659112815068,0.8303318225630136,33.213272902520544,0.5535545483753423,0,41.79471551617489,41.241160967799544
2024-01-12T14:48:00Z,253.970962524414,21.2770309448242,789.276977539063,4700,4661.47,5874.98,13.8,4465,6168.73,2024-01-12,14,275.2479934692382,0.07730131172491954,-0.42269868827508045,0.8453973765501609,33.81589506200643,0.5635982510334405,0,42.35831376720833,41.79471551617489
2024-01-12T14:49:00Z,250.158981323242,24.7050285339355,792.705017089844,4700,4661.47,5874.98,13.8,4465,6168.73,2024-01-12,14,274.8640098571775,0.08988091437206536,-0.41011908562793464,0.8202381712558693,32.809526850234775,0.5468254475039129,0,42.90513921471224,42.35831376720833
2024-01-12T14:50:00Z,218.574996948242,55.0970077514648,823.097045898438,4700,4661.47,5874.98,13.8,4465,6168.73,2024-01-12,14,273.6720046997068,0.20132496859487445,-0.2986750314051255,0.597350062810251,23.89400251241004,0.398233375206834,0,43.30337258991908,42.90513921471224
2024-01-12T14:51:00Z,211.524978637695,61.7370185852051,829.736938476563,4700,4661.47,5874.98,13.8,4465,6168.73,2024-01-12,14,273.2619972229001,0.22592610466374563,-0.27407389533625437,0.5481477906725087,21.92591162690035,0.3654318604483392,0,43.66880445036742,43.30337258991908
2024-01-12T14:52:00Z,185.000015258789,88.3400268554688,856.340087890625,4700,4661.47,5874.98,13.8,4465,6168.73,2024-01-12,14,273.3400421142578,0.32318728779057604,-0.17681271220942396,0.3536254244188479,14.145016976753917,0.23575028294589861,0,43.90455473331332,43.66880445036742
2024-01-12T14:53:00Z,168.887969970703,104.594024658203,872.594055175781,4700,4661.47,5874.98,13.8,4465,6168.73,2024-01-12,14,273.481994628906,0.382453056187955,-0.117546943812045,0.23509388762409,9.4037555049636,0.15672925841606,0,44.061283991729375,43.90455473331332
2024-01-12T14:54:00Z,131.44499206543,141.468032836914,909.468017578125,4700,4661.47,5874.98,13.8,4465,6168.73,2024-01-12,14,272.913024902344,0.5183630678218282,0.018363067821828172,-0.036726135643656344,-1.4690454257462537,0,0.024484090429104228,44.03679990130027,44.061283991729375
2024-01-12T14:55:00Z,82.0599975585938,189.945022583008,957.945068359375,4700,4661.47,5874.98,13.8,4465,6168.73,2024-01-12,14,272.0050201416018,0.6983144005361571,0.19831440053615712,-0.39662880107231424,-15.86515204289257,0,0.2644192007148762,43.772380700585394,44.03679990130027
2024-01-12T14:56:00Z,10.5809860229492,260.831024169922,1028.8310546875,4700,4661.47,5874.98,13.8,4465,6168.73,2024-01-12,14,271.4120101928712,0.961015041245116,0.46101504124511605,-0.9220300824902321,-36.88120329960928,0,0.6146867216601547,43.15769397892524,43.772380700585394
2024-01-12T14:57:00Z,7.87299728393555,265.02001953125,1033.02001953125,4700,4661.47,5874.98,13.8,4465,6168.73,2024-01-12,14,272.89301681518555,0.9711498763294941,0.4711498763294941,-0.9422997526589882,-37.691990106359526,0,0.6281998351059921,42.52949414381924,43.15769397892524
2024-01-12T14:58:00Z,9.27298736572266,262.855010986328,1030.85498046875,4700,4661.47,5874.98,13.8,4465,6168.73,2024-01-12,14,272.12799835205067,0.9659241701630192,0.46592417016301924,-0.9318483403260385,-37.273933613041535,0,0.6212322268840256,41.90826191693522,42.52949414381924
2024-01-12T14:59:00Z,13.7219772338867,259.779022216797,1027.77905273438,4700,4661.47,5874.98,13.8,4465,6168.73,2024-01-12,14,273.5009994506837,0.9498284201467388,0.44982842014673885,-0.8996568402934777,-35.98627361173911,0,0.5997712268623184,41.3084906900729,41.90826191693522
2024-01-12T15:00:00Z,14.3039798736572,256.85400390625,1024.85400390625,5499.53,5487.96,6874.39,5499.53,5224.55,7218.11,2024-01-12,15,271.1579837799072,0.9472485387512416,0.4472485387512416,-0.8944970775024832,-35.779883100099326,0,0.5963313850016554,40.712159305071246,41.3084906900729
2024-01-12T15:01:00Z,90.3289794921875,219.371017456055,1012.07104492188,5499.53,5487.96,6874.39,5499.53,5224.55,7218.11,2024-01-12,15,309.69999694824253,0.7083339348328007,0.20833393483280072,-0.41666786966560143,-16.666714786624055,0,0.2777785797770676,40.434380725294176,40.712159305071246
2024-01-12T15:02:00Z,87.3979873657227,182.102005004883,894.702026367188,5499.53,5487.96,6874.39,5499.53,5224.55,7218.11,2024-01-12,15,269.4999923706057,0.6757031916886422,0.17570319168864224,-0.35140638337728447,-14.056255335091379,0,0.234270922251523,40.20010980304265,40.434380725294176
2024-01-12T15:03:00Z,74.7929534912109,193.507019042969,906.10693359375,5499.53,5487.96,6874.39,5499.53,5224.55,7218.11,2024-01-12,15,268.2999725341799,0.7212338384355119,0.22123383843551192,-0.44246767687102384,-17.698707074840954,0,0.2949784512473492,39.905131351795305,40.20010980304265
2024-01-12T15:04:00Z,85.3009872436523,183.903015136719,895.299011230469,5499.53,5487.96,6874.39,5499.53,5224.55,7218.11,2024-01-12,15,269.2040023803713,0.6831362591588573,0.18313625915885734,-0.3662725183177147,-14.650900732708587,0,0.24418167887847644,39.66094967291683,39.905131351795305
2024-01-12T15:05:00Z,112.627990722656,156.972015380859,869.572021484375,5499.53,5487.96,6874.39,5499.53,5224.55,7218.11,2024-01-12,15,269.600006103515,0.5822403999523219,0.08224039995232191,-0.16448079990464382,-6.579231996185753,0,0.10965386660309588,39.55129580631373,39.66094967291683
2024-01-12T15:06:00Z,117.538986206055,151.761016845703,864.360961914062,5499.53,5487.96,6874.39,5499.53,5224.55,7218.11,2024-01-12,15,269.30000305175804,0.5635388604750047,0.06353886047500468,-0.12707772095000935,-5.083108838000374,0,0.08471848063333957,39.46657732568039,39.55129580631373
2024-01-12T15:07:00Z,173.97998046875,97.3200302124023,809.920043945312,5499.53,5487.96,6874.39,5499.53,5224.55,7218.11,2024-01-12,15,271.3000106811523,0.35871738437481493,-0.14128261562518507,0.28256523125037014,11.302609250014806,0.1883768208335801,0,39.65495414651397,39.46657732568039
2024-01-12T15:08:00Z,175.358993530273,96.2410202026367,808.741027832031,5499.53,5487.96,6874.39,5499.53,5224.55,7218.11,2024-01-12,15,271.6000137329097,0.35434836279971516,-0.14565163720028484,0.2913032744005697,11.652130976022788,0.19420218293371314,0,39.84915632944769,39.65495414651397
2024-01-12T15:09:00Z,150.471969604492,119.528022766113,832.128051757813,5499.53,5487.96,6874.39,5499.53,5224.55,7218.11,2024-01-12,15,269.999992370605,0.4426963931245135,-0.057303606875486524,0.11460721375097305,4.584288550038922,0.07640480916731536,0,39.925561138615,39.84915632944769
2024-01-12T15:10:00Z,133.078979492188,135.521026611328,848.121032714844,5499.53,5487.96,6874.39,5499.53,5224.55,7218.11,2024-01-12,15,268.600006103516,0.5045458806099187,0.004545880609918673,-0.009091761219837347,-0.36367044879349386,0,0.006061174146558231,39.91949996446844,39.925561138615
2024-01-12T15:11:00Z,106.608993530273,161.69401550293,874.2939453125,5499.53,5487.96,6874.39,5499.53,5224.55,7218.11,2024-01-12,15,268.303009033203,0.6026544990515558,0.10265449905155577,-0.20530899810311154,-8.212359924124462,0,0.13687266540207435,39.78262729906637,39.91949996446844
2024-01-12T15:12:00Z,85.6129837036133,183.656997680664,896.256958007812,5499.53,5487.96,6874.39,5499.53,5224.55,7218.11,2024-01-12,15,269.2699813842773,0.6820552247841013,0.1820552247841013,-0.3641104495682026,-14.564417982728104,0,0.24274029971213507,39.53988699935424,39.78262729906637
2024-01-12T15:13:00Z,76.0369720458984,191.863021850586,904.463073730469,5499.53,5487.96,6874.39,5499.53,5224.55,7218.11,2024-01-12,15,267.8999938964844,0.7161740433809834,0.21617404338098345,-0.4323480867619669,-17.293923470478674,0,0.28823205784131123,39.251654941512925,39.53988699935424
2024-01-12T15:14:00Z,71.9519882202148,197.026016235352,909.626098632813,5499.53,5487.96,6874.39,5499.53,5224.55,7218.11,2024-01-12,15,268.9780044555668,0.7324986168818842,0.23249861688188422,-0.46499723376376845,-18.59988935055074,0,0.30999815584251234,38.94165678567041,39.251654941512925
2024-01-12T15:15:00Z,68.7599945068359,199.922012329102,912.522094726562,5499.53,5487.96,6874.39,5499.53,5224.55,7218.11,2024-01-12,15,268.6820068359379,0.7440841114871455,0.24408411148714548,-0.48816822297429097,-19.52672891897164,0,0.32544548198286066,38.61621130368755,38.94165678567041
2024-01-12T15:16:00Z,49.3799896240234,219.074020385742,931.674072265625,5499.53,5487.96,6874.39,5499.53,5224.55,7218.11,2024-01-12,15,268.4540100097654,0.8160579176216174,0.3160579176216174,-0.6321158352432348,-25.28463340972939,0,0.42141055682882317,38.194800746858725,38.61621130368755
2024-01-12T15:17:00Z,28.494987487793,241.443023681641,954.043090820313,5499.53,5487.96,6874.39,5499.53,5224.55,7218.11,2024-01-12,15,269.938011169434,0.8944387736860544,0.3944387736860544,-0.7888775473721088,-31.555101894884352,0,0.5259183649147392,37.66888238194399,38.194800746858725
2024-01-12T15:18:00Z,33.1839981079102,236.608032226563,949.2080078125,5499.53,5487.96,6874.39,5499.53,5224.55,7218.11,2024-01-12,15,269.7920303344732,0.8770015627712556,0.3770015627712556,-0.7540031255425113,-30.160125021700452,0,0.5026687503616742,37.166213631582316,37.66888238194399
2024-01-12T15:19:00Z,38.2179870605469,233.198013305664,945.798034667969,5499.53,5487.96,6874.39,5499.53,5224.55,7218.11,2024-01-12,15,271.41600036621094,0.8591903682576528,0.3591903682576528,-0.7183807365153057,-28.735229460612224,0,0.47892049101020373,36.68729314057211,37.166213631582316
2024-01-12T15:20:00Z,44.1349830627441,224.165008544922,936.765014648438,5499.53,5487.96,6874.39,5499.53,5224.55,7218.11,2024-01-12,15,268.2999916076661,0.8355013624924652,0.3355013624924652,-0.6710027249849304,-26.840108999397216,0,0.4473351499899536,36.239957990582155,36.68729314057211
2024-01-12T15:21:00Z,45.8349990844727,223.834014892578,936.43408203125,5499.53,5487.96,6874.39,5499.53,5224.55,7218.11,2024-01-12,15,269.6690139770507,0.8300323852247505,0.33003238522475054,-0.6600647704495011,-26.40259081798004,0,0.4400431802996673,35.79991481028249,36.239957990582155
2024-01-12T15:22:00Z,14.4329929351807,254.701034545898,967.300964355469,5499.53,5487.96,6874.39,5499.53,5224.55,7218.11,2024-01-12,15,269.1340274810787,0.9463724707341387,0.44637247073413866,-0.8927449414682773,-35.70979765873109,0,0.5951632943121848,35.2047515159703,35.79991481028249
2024-01-12T15:23:00Z,9.85498237609863,258.011047363281,970.611022949219,5499.53,5487.96,6874.39,5499.53,5224.55,7218.11,2024-01-12,15,267.86602973937966,0.9632092864269238,0.4632092864269238,-0.9264185728538477,-37.05674291415391,0,0.6176123819025652,34.58713913406773,35.2047515159703
2024-01-12T15:24:00Z,7.12096786499023,261.718078613281,974.318054199219,5499.53,5487.96,6874.39,5499.53,5224.55,7218.11,2024-01-12,15,268.83904647827126,0.9735121517566988,0.4735121517566988,-0.9470243035133976,-37.8809721405359,0,0.6313495356755984,33.95578959839214,34.58713913406773
2024-01-12T15:25:00Z,6.32799339294434,262.572021484375,975.172058105469,5499.53,5487.96,6874.39,5499.53,5224.55,7218.11,2024-01-12,15,268.90001487731934,0.9764671140095275,0.47646711400952746,-0.9529342280190549,-38.1173691207622,0,0.6352894853460367,33.3205001130461,33.95578959839214
2024-01-12T15:26:00Z,3.6929931640625,264.778015136719,977.378051757812,5499.53,5487.96,6874.39,5499.53,5224.55,7218.11,2024-01-12,15,268.4710083007815,0.9862443502282189,0.4862443502282189,-0.9724887004564378,-38.89954801825751,0,0.6483258003042919,32.67217431274181,33.3205001130461
2024-01-12T15:27:00Z,4.00000381469727,265.947998046875,978.547973632813,5499.53,5487.96,6874.39,5499.53,5224.55,7218.11,2024-01-12,15,269.94800186157227,0.985182317382929,0.48518231738292905,-0.9703646347658581,-38.81458539063432,0,0.646909756510572,32.025264556231235,32.67217431274181
2024-01-12T15:28:00Z,4.48800086975098,264.920043945313,977.519958496094,5499.53,5487.96,6874.39,5499.53,5224.55,7218.11,2024-01-12,15,269.408044815064,0.9833412514729032,0.4833412514729032,-0.9666825029458064,-38.667300117832255,0,0.644455001963871,31.380809554267366,32.025264556231235
2024-01-12T15:29:00Z,4.73698806762695,263.723022460937,976.323059082031,5499.53,5487.96,6874.39,5499.53,5224.55,7218.11,2024-01-12,15,268.46001052856394,0.982354958348171,0.482354958348171,-0.964709916696342,-38.58839666785368,0,0.643139944464228,30.737669609803138,31.380809554267366
2024-01-12T15:30:00Z,5.91798400878906,263.433044433594,976.033020019531,5499.53,5487.96,6874.39,5499.53,5224.55,7218.11,2024-01-12,15,269.35102844238304,0.9780287306010603,0.4780287306010603,-0.9560574612021207,-38.242298448084824,0,0.6373716408014137,30.100297969001723,30.737669609803138
2024-01-12T15:31:00Z,79.6999893188477,188.841018676758,901.441040039063,5499.53,5487.96,6874.39,5499.53,5224.55,7218.11,2024-01-12,15,268.5410079956057,0.7032111039065144,0.20321110390651442,-0.40642220781302885,-16.256888312521156,0,0.27094813854201927,29.829349830459705,30.100297969001723
2024-01-12T15:32:00Z,175.624984741211,96.6970138549805,809.296997070313,5499.53,5487.96,6874.39,5499.53,5224.55,7218.11,2024-01-12,15,272.3219985961915,0.35508337318853983,-0.14491662681146017,0.28983325362292034,11.593330144916813,0.19322216908194687,0,30.02257199954165,29.829349830459705
2024-01-12T15:33:00Z,185.115982055664,87.4400329589844,799.940063476563,5499.53,5487.96,6874.39,5499.53,5224.55,7218.11,2024-01-12,15,272.55601501464844,0.3208149082832935,-0.1791850917167065,0.358370183433413,14.33480733733652,0.2389134556222753,0,30.261485455163925,30.02257199954165
2024-01-12T15:34:00Z,187.699981689453,83.6260299682617,796.22607421875,5499.53,5487.96,6874.39,5499.53,5224.55,7218.11,2024-01-12,15,271.32601165771473,0.30821235847360723,-0.19178764152639277,0.38357528305278554,15.343011322111423,0.25571685536852373,0,30.517202310532447,30.261485455163925
2024-01-12T15:35:00Z,178.202987670898,92.5060272216797,805.106018066406,5499.53,5487.96,6874.39,5499.53,5224.55,7218.11,2024-01-12,15,270.7090148925777,0.34171757175647727,-0.15828242824352273,0.31656485648704547,12.662594259481818,0.2110432376580303,0,30.72824554819048,30.517202310532447
2024-01-12T15:36:00Z,168.504974365234,102.948028564453,815.548034667969,5499.53,5487.96,6874.39,5499.53,5224.55,7218.11,2024-01-12,15,271.453002929687,0.37924807408050326,-0.12075192591949674,0.24150385183899348,9.660154073559738,0.1610025678926623,0,30.88924811608314,30.72824554819048
2024-01-12T15:37:00Z,142.184982299805,126.703025817871,839.302978515625,5499.53,5487.96,6874.39,5499.53,5224.55,7218.11,2024-01-12,15,268.888008117676,0.4712111436461709,-0.028788856353829106,0.05757771270765821,2.3031085083063285,0.03838514180510547,0,30.927633257888246,30.88924811608314
2024-01-12T15:38:00Z,110.167999267578,158.743011474609,871.343017578125,5499.53,5487.96,6874.39,5499.53,5224.55,7218.11,2024-01-12,15,268.911010742187,0.5903180053374634,0.09031800533746337,-0.18063601067492674,-7.22544042699707,0,0.12042400711661783,30.807209250771628,30.927633257888246
2024-01-12T15:39:00Z,101.828979492187,166.171020507813,878.77099609375,5499.53,5487.96,6874.39,5499.53,5224.55,7218.11,2024-01-12,15,268,0.6200411212978097,0.12004112129780975,-0.2400822425956195,-9.60328970382478,0,0.16005482839707966,30.64715442237455,30.807209250771628
2024-01-12T15:40:00Z,102.5,165.744018554688,878.344055175781,5499.53,5487.96,6874.39,5499.53,5224.55,7218.11,2024-01-12,15,268.244018554688,0.6178852354200662,0.11788523542006624,-0.23577047084013247,-9.430818833605299,0,0.15718031389342166,30.489974108481128,30.64715442237455
2024-01-12T15:41:00Z,84.4000091552734,185.328018188477,897.928039550781,5499.53,5487.96,6874.39,5499.53,5224.55,7218.11,2024-01-12,15,269.7280273437504,0.6870921795319727,0.18709217953197266,-0.3741843590639453,-14.967374362557813,0,0.24945623937596353,30.240517869105165,30.489974108481128
2024-01-12T15:42:00Z,61.3369941711426,208.836013793945,921.43603515625,5499.53,5487.96,6874.39,5499.53,5224.55,7218.11,2024-01-12,15,270.1730079650876,0.7729714206717915,0.2729714206717915,-0.545942841343583,-21.837713653743318,0,0.3639618942290553,29.87655597487611,30.240517869105165
2024-01-12T15:43:00Z,38.5259895324707,228.699005126953,947.773010253906,5499.53,5487.96,6874.39,5499.53,5224.55,7218.11,2024-01-12,15,267.2249946594237,0.8558293935731132,0.35582939357311316,-0.7116587871462263,-28.466351485849053,0,0.47443919143081753,29.40211678344529,29.87655597487611
2024-01-12T15:44:00Z,13.8269748687744,252.997024536133,972.597045898438,5499.53,5487.96,6874.39,5499.53,5224.55,7218.11,2024-01-12,15,266.8239994049074,0.9481794182696742,0.4481794182696742,-0.8963588365393484,-35.854353461573936,0,0.597572557692899,28.80454422575239,29.40211678344529
2024-01-12T15:45:00Z,10.571985244751,254.092025756836,973.691955566406,5499.53,5487.96,6874.39,5499.53,5224.55,7218.11,2024-01-12,15,264.66401100158697,0.9600550705600559,0.4600550705600559,-0.9201101411201118,-36.804405644804476,0,0.6134067607467413,28.19113746500565,28.80454422575239
2024-01-12T15:46:00Z,7.43398094177246,259.287017822266,978.887084960938,5499.53,5487.96,6874.39,5499.53,5224.55,7218.11,2024-01-12,15,266.7209987640385,0.9721282502081918,0.4721282502081918,-0.9442565004163836,-37.77026001665534,0,0.6295043336109224,27.56163313139473,28.19113746500565
2024-01-12T15:47:00Z,5.73197937011719,258.7490234375,978.34912109375,5499.53,5487.96,6874.39,5499.53,5224.55,7218.11,2024-01-12,15,264.4810028076172,0.9783274439023258,0.47832744390232584,-0.9566548878046517,-38.266195512186066,0,0.637769925203101,26.923863206191626,27.56163313139473
2024-01-12T15:48:00Z,6.4739990234375,258.160003662109,977.760009765625,5499.53,5487.96,6874.39,5499.53,5224.55,7218.11,2024-01-12,15,264.6340026855465,0.9755360272763954,0.47553602727639543,-0.9510720545527909,-38.04288218211163,0,0.6340480363685272,26.2898151698231,26.923863206191626
2024-01-12T15:49:00Z,5.70000076293945,259.536010742187,979.135986328125,5499.53,5487.96,6874.39,5499.53,5224.55,7218.11,2024-01-12,15,265.23601150512644,0.9785097026207195,0.47850970262071946,-0.9570194052414389,-38.28077620965756,0,0.638012936827626,25.651802232995475,26.2898151698231
2024-01-12T15:50:00Z,32.2000045776367,233.18701171875,952.787048339844,5499.53,5487.96,6874.39,5499.53,5224.55,7218.11,2024-01-12,15,265.3870162963867,0.8786677471000486,0.3786677471000486,-0.7573354942000972,-30.293419768003886,0,0.5048903294667314,25.146911903528743,25.651802232995475
2024-01-12T15:51:00Z,68.9209899902344,197.564010620117,917.164001464844,5499.53,5487.96,6874.39,5499.53,5224.55,7218.11,2024-01-12,15,266.4850006103514,0.741370096506823,0.24137009650682295,-0.4827401930136459,-19.309607720545834,0,0.3218267953424306,24.82508510818631,25.146911903528743
2024-01-12T15:52:00Z,111.775970458984,166.453018188477,891.523986816406,5499.53,5487.96,6874.39,5499.53,5224.55,7218.11,2024-01-12,15,278.228988647461,0.5982590778827387,0.09825907788273869,-0.19651815576547738,-7.860726230619095,0,0.13101210384365158,24.69407300434266,24.82508510818631
2024-01-12T15:53:00Z,108.006965637207,166.838012695313,895.093017578125,5499.53,5487.96,6874.39,5499.53,5224.55,7218.11,2024-01-12,15,274.84497833252,0.6070258722117338,0.10702587221173376,-0.21405174442346753,-8.562069776938701,0,0.14270116294897836,24.55137184139368,24.69407300434266
2024-01-12T15:54:00Z,113.315971374512,158.406021118164,889.984008789063,5499.53,5487.96,6874.39,5499.53,5224.55,7218.11,2024-01-12,15,271.721992492676,0.5829709243076218,0.08297092430762176,-0.16594184861524353,-6.637673944609741,0,0.11062789907682902,24.440743942316853,24.55137184139368
2024-01-12T15:55:00Z,106.351974487305,160.892013549805,896.648071289063,5499.53,5487.96,6874.39,5499.53,5224.55,7218.11,2024-01-12,15,267.24398803711,0.6020416576310904,0.10204165763109041,-0.20408331526218082,-8.163332610487233,0,0.13605554350812055,24.304688398808732,24.440743942316853
2024-01-12T15:56:00Z,103.390975952148,162.399017333984,899.609008789063,5499.53,5487.96,6874.39,5499.53,5224.55,7218.11,2024-01-12,15,265.789993286132,0.6110050093539673,0.11100500935396729,-0.22201001870793458,-8.880400748317383,0,0.14800667913862306,24.15668171967011,24.304688398808732
2024-01-12T15:57:00Z,111.572975158691,154.300003051758,891.427001953125,5499.53,5487.96,6874.39,5499.53,5224.55,7218.11,2024-01-12,15,265.872978210449,0.5803523324947428,0.08035233249474283,-0.16070466498948566,-6.428186599579426,0,0.10713644332632377,24.049545276343785,24.15668171967011
2024-01-12T15:58:00Z,112.016990661621,153.732009887695,890.783081054687,5499.53,5487.96,6874.39,5499.53,5224.55,7218.11,2024-01-12,15,265.749000549316,0.5784857499743122,0.07848574997431224,-0.15697149994862447,-6.278859997944979,0,0.10464766663241631,23.94489760971137,24.049545276343785
2024-01-12T15:59:00Z,95.7769927978516,170.582992553711,907.961975097656,5499.53,5487.96,6874.39,5499.53,5224.55,7218.11,2024-01-12,15,266.3599853515626,0.6404227434108104,0.1404227434108104,-0.2808454868216208,-11.233819472864832,0,0.1872303245477472,23.75766728516362,23.94489760971137
2024-01-12T16:00:00Z,77.8189926147461,191.150024414063,927.981018066406,5600,5584.25,6999.98,14.5,5320,7349.98,2024-01-12,16,268.9690170288091,0.710676740858926,0.21067674085892596,-0.4213534817178519,-16.85413926871408,0,0.28090232114523467,23.476764964018386,23.75766728516362
2024-01-12T16:01:00Z,121.013969421387,171.448013305664,935.586059570313,5600,5584.25,6999.98,14.5,5320,7349.98,2024-01-12,16,292.461982727051,0.5862232475722257,0.08622324757222566,-0.17244649514445132,-6.897859805778053,0,0.11496433009630087,23.361800633922087,23.476764964018386
2024-01-12T16:02:00Z,124.634986877441,167.307998657227,930.865051269531,5600,5584.25,6999.98,14.5,5320,7349.98,2024-01-12,16,291.94298553466797,0.5730844957648736,0.07308449576487364,-0.14616899152974727,-5.846759661189891,0,0.09744599435316485,23.26435463956892,23.361800633922087
2024-01-12T16:03:00Z,101.519004821777,189.830001831055,954.184997558594,5600,5584.25,6999.98,14.5,5320,7349.98,2024-01-12,16,291.34900665283203,0.6515553425491996,0.15155534254919956,-0.3031106850983991,-12.124427403935965,0,0.20207379006559942,23.06228084950332,23.26435463956892
2024-01-12T16:04:00Z,106.402976989746,183.200012207031,946.397094726563,5600,5584.25,6999.98,14.5,5320,7349.98,2024-01-12,16,289.602989196777,0.6325901977570811,0.13259019775708114,-0.2651803955141623,-10.607215820566491,0,0.17678693034277485,22.885493919160545,23.06228084950332
2024-01-12T16:05:00Z,95.5169830322266,196.272003173828,959.455078125,5600,5584.25,6999.98,14.5,5320,7349.98,2024-01-12,16,291.78898620605463,0.6726504852901654,0.17265048529016536,-0.3453009705803307,-13.812038823213229,0,0.2302006470535538,22.65529327210699,22.885493919160545
2024-01-12T16:06:00Z,87.8159866333008,201.128005981445,965.783996582031,5600,5584.25,6999.98,14.5,5320,7349.98,2024-01-12,16,288.9439926147458,0.6960795556307432,0.1960795556307432,-0.3921591112614864,-15.686364450459456,0,0.2614394075076576,22.393853864599333,22.65529327210699
2024-01-12T16:07:00Z,70.1449890136719,218.607009887695,983.455017089844,5600,5584.25,6999.98,14.5,5320,7349.98,2024-01-12,16,288.7519989013669,0.7570753127924412,0.2570753127924412,-0.5141506255848824,-20.566025023395298,0,0.342767083723255,22.051086780876076,22.393853864599333
2024-01-12T16:08:00Z,52.244987487793,237.890029907227,1001.88708496094,5600,5584.25,6999.98,14.5,5320,7349.98,2024-01-12,16,290.13501739502,0.8199287078241189,0.31992870782411886,-0.6398574156482377,-25.59429662592951,0,0.42657161043215847,21.624515170443917,22.051086780876076
2024-01-12T16:09:00Z,29.3259887695313,257.446990966797,1022.77404785156,5600,5584.25,6999.98,14.5,5320,7349.98,2024-01-12,16,286.7729797363283,0.8977379640282187,0.3977379640282187,-0.7954759280564374,-31.819037122257498,0,0.5303172853709583,21.09419788507296,21.624515170443917
2024-01-12T16:10:00Z,35.4679794311523,250.83203125,1016.63201904297,5600,5584.25,6999.98,14.5,5320,7349.98,2024-01-12,16,286.3000106811523,0.8761160387428263,0.3761160387428263,-0.7522320774856526,-30.089283099426105,0,0.5014880516571018,20.592709833415856,21.09419788507296
2024-01-12T16:11:00Z,120.823997497559,166.44401550293,932.244079589844,5600,5584.25,6999.98,14.5,5320,7349.98,2024-01-12,16,287.268013000489,0.5794032331147383,0.07940323311473829,-0.15880646622947658,-6.352258649179063,0,0.10587097748631773,20.486838855929538,20.592709833415856
2024-01-12T16:12:00Z,140.970001220703,144.333999633789,910.133972167969,5600,5584.25,6999.98,14.5,5320,7349.98,2024-01-12,16,285.304000854492,0.5058954630902665,0.005895463090266451,-0.011790926180532901,-0.47163704722131605,0,0.007860617453688601,20.47897823847585,20.486838855929538
2024-01-12T16:13:00Z,141.991989135742,144.354019165039,910.154052734375,5600,5584.25,6999.98,14.5,5320,7349.98,2024-01-12,16,286.346008300781,0.5041244333093966,0.004124433309396602,-0.008248866618793205,-0.3299546647517282,0,0.005499244412528803,20.47347899406332,20.47897823847585
2024-01-12T16:14:00Z,131.102005004883,153.405014038086,919.205078125,5600,5584.25,6999.98,14.5,5320,7349.98,2024-01-12,16,284.507019042969,0.5391958854094819,0.039195885409481934,-0.07839177081896387,-3.1356708327585547,0,0.052261180545975915,20.421217813517345,20.47347899406332
2024-01-12T16:15:00Z,109.090995788574,174.809020996094,940.609008789063,5600,5584.25,6999.98,14.5,5320,7349.98,2024-01-12,16,283.900016784668,0.6157414958121783,0.1157414958121783,-0.2314829916243566,-9.259319664974264,0,0.15432199441623773,20.26689581910111,20.421217813517345
2024-01-12T16:16:00Z,102.641990661621,181.499008178711,947.299011230469,5600,5584.25,6999.98,14.5,5320,7349.98,2024-01-12,16,284.140998840332,0.6387638845483934,0.1387638845483934,-0.2775277690967868,-11.101110763871471,0,0.1850185127311912,20.08187730636992,20.26689581910111
2024-01-12T16:17:00Z,95.4259567260742,186.674041748047,952.474060058594,5600,5584.25,6999.98,14.5,5320,7349.98,2024-01-12,16,282.0999984741212,0.6617300345897441,0.1617300345897441,-0.3234600691794882,-12.938402767179529,0,0.2156400461196588,19.86623726025026,20.08187730636992
2024-01-12T16:18:00Z,73.18798828125,210.618011474609,976.418029785156,5600,5584.25,6999.98,14.5,5320,7349.98,2024-01-12,16,283.80599975585903,0.7421196579909897,0.24211965799098967,-0.48423931598197933,-19.369572639279173,0,0.3228262106546529,19.543411049595605,19.86623726025026
2024-01-12T16:19:00Z,50.5839958190918,232.424011230469,998.223999023437,5600,5584.25,6999.98,14.5,5320,7349.98,2024-01-12,16,283.0080070495608,0.8212630223913296,0.32126302239132964,-0.6425260447826593,-25.701041791306373,0,0.4283506965217729,19.115060353073833,19.543411049595605
2024-01-12T16:20:00Z,50.1149826049805,233.752029418945,999.552062988281,5600,5584.25,6999.98,14.5,5320,7349.98,2024-01-12,16,283.8670120239255,0.8234561238811483,0.3234561238811483,-0.6469122477622966,-25.876489910491863,0,0.43127483184153104,18.683785521232302,19.115060353073833
2024-01-12T16:21:00Z,55.1239814758301,229.554016113281,995.35400390625,5600,5584.25,6999.98,14.5,5320,7349.98,2024-01-12,16,284.6779975891111,0.806363744501979,0.306363744501979,-0.612727489003958,-24.50909956015832,0,0.4084849926693053,18.275300528562997,18.683785521232302
2024-01-12T16:22:00Z,58.8119964599609,227.008026123047,992.807983398438,5600,5584.25,6999.98,14.5,5320,7349.98,2024-01-12,16,285.82002258300787,0.7942341620140321,0.2942341620140321,-0.5884683240280641,-23.538732961122566,0,0.3923122160187094,17.88298831254429,18.275300528562997
2024-01-12T16:23:00Z,43.3699989318848,241.260009765625,1007.05999755859,5600,5584.25,6999.98,14.5,5320,7349.98,2024-01-12,16,284.6300086975098,0.8476267519003021,0.3476267519003021,-0.6952535038006042,-27.810140152024168,0,0.46350233586706946,17.41948597667722,17.88298831254429
2024-01-12T16:24:00Z,34.5669860839844,251.273025512695,1017.07305908203,5600,5584.25,6999.98,14.5,5320,7349.98,2024-01-12,16,285.8400115966794,0.8790687633585795,0.37906876335857953,-0.7581375267171591,-30.325501068686364,0,0.5054250178114394,16.91406095886578,17.41948597667722
2024-01-12T16:25:00Z,49.3959846496582,235.936050415039,1001.73608398438,5600,5584.25,6999.98,14.5,5320,7349.98,2024-01-12,16,285.3320350646972,0.8268824436819442,0.3268824436819442,-0.6537648873638884,-26.150595494555535,0,0.43584325824259224,16.478217700623187,16.91406095886578
2024-01-12T16:26:00Z,96.8399810791016,186.180023193359,951.980102539063,5600,5584.25,6999.98,14.5,5320,7349.98,2024-01-12,16,283.0200042724606,0.657833440685434,0.15783344068543403,-0.31566688137086807,-12.626675254834723,0,0.2104445875805787,16.267773113042608,16.478217700623187
2024-01-12T16:27:00Z,77.077995300293,204.93603515625,970.736083984375,5600,5584.25,6999.98,14.5,5320,7349.98,2024-01-12,16,282.01403045654297,0.7266873737611068,0.22668737376110681,-0.45337474752221363,-18.134989900888545,0,0.30224983168147573,15.965523281361133,16.267773113042608
2024-01-12T16:28:00Z,68.2999954223633,214.336013793945,980.135986328125,5600,5584.25,6999.98,14.5,5320,7349.98,2024-01-12,16,282.6360092163083,0.7583464484523922,0.2583464484523922,-0.5166928969047844,-20.667715876191373,0,0.3444619312698562,15.621061350091276,15.965523281361133
2024-01-12T16:29:00Z,62.6959991455078,219.79704284668,985.597045898438,5600,5584.25,6999.98,14.5,5320,7349.98,2024-01-12,16,282.4930419921878,0.7780617932981103,0.2780617932981103,-0.5561235865962206,-22.244943463848827,0,0.3707490577308138,15.250312292360462,15.621061350091276
2024-01-12T16:30:00Z,55.2999992370605,228.383010864258,994.18310546875,5600,5584.25,6999.98,14.5,5320,7349.98,2024-01-12,16,283.68301010131853,0.8050641128726395,0.30506411287263946,-0.6101282257452789,-24.405129029811157,0,0.4067521504968526,14.843560141863609,15.250312292360462
2024-01-12T16:31:00Z,52.0239791870117,229.268051147461,995.068115234375,5600,5584.25,6999.98,14.5,5320,7349.98,2024-01-12,16,281.2920303344727,0.8150534904058527,0.31505349040585273,-0.6301069808117055,-25.204279232468217,0,0.42007132054113694,14.423488821322472,14.843560141863609
2024-01-12T16:32:00Z,27.6529979705811,253.688034057617,1019.48803710938,5600,5584.25,6999.98,14.5,5320,7349.98,2024-01-12,16,281.3410320281981,0.9017100428926788,0.40171004289267875,-0.8034200857853575,-32.1368034314143,0,0.5356133905235717,13.8878754307989,14.423488821322472
2024-01-12T16:33:00Z,9.52898788452148,270.358032226563,1036.15795898437,5600,5584.25,6999.98,14.5,5320,7349.98,2024-01-12,16,279.8870201110845,0.9659541629306728,0.4659541629306728,-0.9319083258613456,-37.27633303445383,0,0.6212722172408971,13.266603213558003,13.8878754307989
2024-01-12T16:34:00Z,25.4889907836914,255.965042114258,1021.76495361328,5600,5584.25,6999.98,14.5,5320,7349.98,2024-01-12,16,281.4540328979494,0.9094381753167727,0.40943817531677273,-0.8188763506335455,-32.75505402534182,0,0.5459175670890304,12.720685646468972,13.266603213558003
2024-01-12T16:35:00Z,21.2360038757324,259.293029785156,1025.09301757812,5600,5584.25,6999.98,14.5,5320,7349.98,2024-01-12,16,280.52903366088844,0.9243001567481136,0.4243001567481136,-0.8486003134962272,-33.94401253984909,0,0.5657335423308182,12.154952104138154,12.720685646468972
2024-01-12T16:36:00Z,51.7000045776367,230.533004760742,996.3330078125,5600,5584.25,6999.98,14.5,5320,7349.98,2024-01-12,16,282.2330093383787,0.8168180089960639,0.31681800899606394,-0.6336360179921279,-25.345440719685115,0,0.42242401199475194,11.732528092143403,12.154952104138154
2024-01-12T16:37:00Z,41.0999946594238,240.519012451172,1006.31903076172,5600,5584.25,6999.98,14.5,5320,7349.98,2024-01-12,16,281.6190071105958,0.8540581650325779,0.3540581650325779,-0.7081163300651558,-28.324653202606235,0,0.4720775533767706,11.260450538766632,11.732528092143403
2024-01-12T16:38:00Z,27.9669876098633,254.072036743164,1019.87200927734,5600,5584.25,6999.98,14.5,5320,7349.98,2024-01-12,16,282.0390243530273,0.900840007250709,0.400840007250709,-0.801680014501418,-32.06720058005672,0,0.5344533430009454,10.725997195765686,11.260450538766632
2024-01-12T16:39:00Z,32.942985534668,248.972030639648,1014.77203369141,5600,5584.25,6999.98,14.5,5320,7349.98,2024-01-12,16,281.915016174316,0.8831456870169043,0.3831456870169043,-0.7662913740338086,-30.651654961352346,0,0.5108609160225391,10.215136279743147,10.725997195765686
2024-01-12T16:40:00Z,22.8000030517578,261.225036621094,1027.02514648438,5600,5584.25,6999.98,14.5,5320,7349.98,2024-01-12,16,284.0250396728518,0.9197253767554455,0.4197253767554455,-0.839450753510891,-33.578030140435644,0,0.5596338356739274,9.655502444069219,10.215136279743147
2024-01-12T16:41:00Z,21.7999973297119,260.912994384766,1026.71301269531,5600,5584.25,6999.98,14.5,5320,7349.98,2024-01-12,16,282.71299171447794,0.9228900051691699,0.42289000516916986,-0.8457800103383397,-33.83120041353359,0,0.5638533402255598,9.09164910384366,9.655502444069219
2024-01-12T16:42:00Z,23.0099945068359,260.52099609375,1026.32104492188,5600,5584.25,6999.98,14.5,5320,7349.98,2024-01-12,16,283.5309906005859,0.9188448696274956,0.41884486962749556,-0.8376897392549911,-33.50758957019964,0,0.558459826169994,8.533189277673666,9.09164910384366
2024-01-12T16:43:00Z,23.5589923858643,258.962036132813,1024.76208496094,5600,5584.25,6999.98,14.5,5320,7349.98,2024-01-12,16,282.5210285186773,0.9166115438932474,0.4166115438932474,-0.8332230877864948,-33.32892351145979,0,0.5554820585243299,7.977707219149336,8.533189277673666
2024-01-12T16:44:00Z,22.3000030517578,261.175048828125,1026.97497558594,5600,5584.25,6999.98,14.5,5320,7349.98,2024-01-12,16,283.4750518798828,0.921333454553147,0.42133345455314697,-0.8426669091062939,-33.706676364251756,0,0.561777939404196,7.415929279745139,7.977707219149336
2024-01-12T16:45:00Z,15.8769989013672,265.002044677734,1030.80200195313,5600,5584.25,6999.98,14.5,5320,7349.98,2024-01-12,16,280.87904357910116,0.9434738928933446,0.4434738928933446,-0.8869477857866892,-35.47791143146757,0,0.5912985238577928,6.8246307558873465,7.415929279745139
2024-01-12T16:46:00Z,175.566986083984,107.600021362305,873.400024414063,5600,5584.25,6999.98,14.5,5320,7349.98,2024-01-12,16,283.167007446289,0.3799878465103832,-0.1200121534896168,0.2400243069792336,9.600972279169344,0.1600162046528224,0,6.984646960540169,6.8246307558873465
2024-01-12T16:47:00Z,257.950988769531,28.0400047302246,793.782043457031,5600,5584.25,6999.98,14.5,5320,7349.98,2024-01-12,16,285.99099349975563,0.09804506214370894,-0.40195493785629105,0.8039098757125821,32.15639502850328,0.5359399171417214,0,7.5205868776818905,6.984646960540169
2024-01-12T16:48:00Z,254.256988525391,29.1870231628418,794.787048339844,5600,5584.25,6999.98,14.5,5320,7349.98,2024-01-12,16,283.4440116882328,0.10297279871604886,-0.39702720128395114,0.7940544025679023,31.76217610271609,0.5293696017119348,0,8.049956479393826,7.5205868776818905
2024-01-12T16:49:00Z,267.295989990234,16.8200073242188,782.52001953125,5600,5584.25,6999.98,14.5,5320,7349.98,2024-01-12,16,284.1159973144528,0.05920119769110649,-0.4407988023088935,0.881597604617787,35.26390418471148,0.5877317364118579,0,8.637688215805683,8.049956479393826
2024-01-12T16:50:00Z,267.129028320312,15.4060115814209,781.106018066406,5600,5584.25,6999.98,14.5,5320,7349.98,2024-01-12,16,282.5350399017329,0.05452779091322332,-0.44547220908677665,0.8909444181735533,35.637776726942135,0.5939629454490356,0,9.23165116125472,8.637688215805683
2024-01-12T16:51:00Z,262.119995117187,20.8300170898438,786.429931640625,5600,5584.25,6999.98,14.5,5320,7349.98,2024-01-12,16,282.9500122070308,0.073617304086217,-0.42638269591378297,0.8527653918275659,34.110615673102636,0.5685102612183772,0,9.800161422473096,9.23165116125472
2024-01-12T16:52:00Z,258.611938476563,25.0690326690674,790.76904296875,5600,5584.25,6999.98,14.5,5320,7349.98,2024-01-12,16,283.6809711456304,0.088370512015055,-0.41162948798494503,0.8232589759698901,32.9303590387956,0.54883931731326,0,10.349000739786355,9.800161422473096
2024-01-12T16:53:00Z,249.470001220703,34.5350151062012,800.065002441406,5600,5584.25,6999.98,14.5,5320,7349.98,2024-01-12,16,284.0050163269042,0.12160001803084226,-0.37839998196915775,0.7567999639383155,30.27199855753262,0.5045333092922103,0,10.853534049078565,10.349000739786355
2024-01-12T16:54:00Z,235.761001586914,47.7960166931152,813.595947265625,5600,5584.25,6999.98,14.5,5320,7349.98,2024-01-12,16,283.5570182800292,0.1685587504870496,-0.3314412495129504,0.6628824990259008,26.515299961036032,0.4419216660172672,0,11.295455715095832,10.853534049078565
2024-01-12T16:55:00Z,213.462997436523,71.7210235595703,837.52099609375,5600,5584.25,6999.98,14.5,5320,7349.98,2024-01-12,16,285.1840209960933,0.2514903300299311,-0.2485096699700689,0.4970193399401378,19.88077359760551,0.3313462266267585,0,11.62680194172259,11.295455715095832
2024-01-12T16:56:00Z,170.914993286133,112.085014343262,877.885009765625,5600,5584.25,6999.98,14.5,5320,7349.98,2024-01-12,16,283.000007629395,0.396060110676901,-0.103939889323099,0.207879778646198,8.315191145847919,0.1385865190974653,0,11.765388460820056,11.62680194172259
2024-01-12T16:57:00Z,162.233978271484,119.290023803711,885.066040039063,5600,5584.25,6999.98,14.5,5320,7349.98,2024-01-12,16,281.52400207519497,0.4237294970389369,-0.07627050296106308,0.15254100592212616,6.101640236885046,0.1016940039480841,0,11.86708246476814,11.765388460820056
2024-01-12T16:58:00Z,176.980987548828,103.842018127441,869.642028808594,5600,5584.25,6999.98,14.5,5320,7349.98,2024-01-12,16,280.823005676269,0.369777461349265,-0.13022253865073502,0.26044507730147004,10.4178030920588,0.17363005153431335,0,12.040712516302454,11.86708246476814
2024-01-12T16:59:00Z,206.887985229492,74.8400115966797,840.640014648437,5600,5584.25,6999.98,14.5,5320,7349.98,2024-01-12,16,281.7279968261717,0.2656463412930045,-0.23435365870699548,0.46870731741399096,18.748292696559638,0.3124715449426606,0,12.353184061245114,12.040712516302454
2024-01-12T17:00:00Z,218.936996459961,63.7800216674805,829.580017089844,7301.03,7284.32,9126.27,7301.03,6935.98,9582.58,2024-01-12,17,282.7170181274415,0.22559668353155207,-0.27440331646844796,0.5488066329368959,21.952265317475835,0.3658710886245972,0,12.719055149869712,12.353184061245114
2024-01-12T17:01:00Z,272.078979492187,2.8900089263916,772.121032714844,7301.03,7284.32,9126.27,7301.03,6935.98,9582.58,2024-01-12,17,274.9689884185786,0.010510308609755692,-0.4894896913902443,0.9789793827804886,39.15917531121954,0.6526529218536591,0,13.371708071723372,12.719055149869712
2024-01-12T17:02:00Z,271.476013183594,12.132007598877,792.852966308594,7301.03,7284.32,9126.27,7301.03,6935.98,9582.58,2024-01-12,17,283.608020782471,0.04277737831745711,-0.4572226216825429,0.9144452433650858,36.577809734603434,0.6096301622433906,0,13.981338233966763,13.371708071723372
2024-01-12T17:03:00Z,279.040954589844,4.18201923370361,791.213073730469,7301.03,7284.32,9126.27,7301.03,6935.98,9582.58,2024-01-12,17,283.2229738235476,0.014765819231560905,-0.4852341807684391,0.9704683615368782,38.81873446147513,0.6469789076912522,0,14.628317141658016,13.981338233966763
2024-01-12T17:04:00Z,280.72900390625,3.66901397705078,789.981994628906,7301.03,7284.32,9126.27,7301.03,6935.98,9582.58,2024-01-12,17,284.3980178833008,0.012900982940592486,-0.4870990170594075,0.974198034118815,38.9679213647526,0.64946535607921,0,15.277782497737226,14.628317141658016
2024-01-12T17:05:00Z,278.642974853516,3.58701801300049,792.257019042969,7301.03,7284.32,9126.27,7301.03,6935.98,9582.58,2024-01-12,17,282.2299928665165,0.012709556403160191,-0.4872904435968398,0.9745808871936796,38.98323548774719,0.6497205914624531,0,15.927503089199678,15.277782497737226
2024-01-12T17:06:00Z,279.164978027344,2.59502029418945,792.3349609375,7301.03,7284.32,9126.27,7301.03,6935.98,9582.58,2024-01-12,17,281.75999832153343,0.009210038009824641,-0.4907899619901754,0.9815799239803508,39.26319695921403,0.6543866159869005,0,16.58188970518658,15.927503089199678
2024-01-12T17:07:00Z,276.919952392578,3.72801399230957,794.698974609375,7301.03,7284.32,9126.27,7301.03,6935.98,9582.58,2024-01-12,17,280.6479663848876,0.013283595246854128,-0.48671640475314587,0.9734328095062917,38.93731238025167,0.6489552063375278,0,17.23084491152411,16.58188970518658
2024-01-12T17:08:00Z,274.409973144531,4.35901832580566,797.199035644531,7301.03,7284.32,9126.27,7301.03,6935.98,9582.58,2024-01-12,17,278.7689914703367,0.01563666856494509,-0.4843633314350549,0.9687266628701098,38.74906651480439,0.6458177752467399,0,17.87666268677085,17.23084491152411
2024-01-12T17:09:00Z,273.496948242187,3.47902870178223,797.002990722656,7301.03,7284.32,9126.27,7301.03,6935.98,9582.58,2024-01-12,17,276.9759769439692,0.012560759745911174,-0.4874392402540888,0.9748784805081776,38.995139220327104,0.6499189870054517,0,18.526581673776302,17.87666268677085
2024-01-12T17:10:00Z,194.966995239258,79.4200210571289,875.20703125,7301.03,7284.32,9126.27,7301.03,6935.98,9582.58,2024-01-12,17,274.38701629638695,0.28944525921496633,-0.21055474078503367,0.42110948157006733,16.844379262802693,0.2807396543800449,0,18.80732132815635,18.526581673776302
2024-01-12T17:11:00Z,79.22998046875,191.370010375977,987.77001953125,7301.03,7284.32,9126.27,7301.03,6935.98,9582.58,2024-01-12,17,270.599990844727,0.7072062706971303,0.20720627069713027,-0.41441254139426054,-16.57650165577042,0,0.2762750275961737,18.531046300560174,18.80732132815635
2024-01-12T17:12:00Z,67.5869827270508,203.01301574707,999.413024902344,7301.03,7284.32,9126.27,7301.03,6935.98,9582.58,2024-01-12,17,270.5999984741208,0.750232878388155,0.250232878388155,-0.50046575677631,-20.018630271052402,0,0.33364383785087337,18.197402462709302,18.531046300560174
2024-01-12T17:13:00Z,59.3839492797852,211.516052246094,1007.916015625,7301.03,7284.32,9126.27,7301.03,6935.98,9582.58,2024-01-12,17,270.9000015258792,0.7807901478578906,0.2807901478578906,-0.5615802957157812,-22.463211828631245,0,0.3743868638105207,17.82301559889878,18.197402462709302
2024-01-12T17:14:00Z,55.3239822387695,217.366027832031,1013.76599121094,7301.03,7284.32,9126.27,7301.03,6935.98,9582.58,2024-01-12,17,272.6900100708005,0.7971176786989544,0.29711767869895445,-0.5942353573979089,-23.769414295916356,0,0.3961569049319393,17.426858693966842,17.82301559889878
2024-01-12T17:15:00Z,54.2989883422852,216.810012817383,1013.2099609375,7301.03,7284.32,9126.27,7301.03,6935.98,9582.58,2024-01-12,17,271.1090011596682,0.7997152875410947,0.29971528754109467,-0.5994305750821893,-23.977223003287573,0,0.3996203833881262,17.027238310578717,17.426858693966842
2024-01-12T17:16:00Z,53.9839744567871,216.132034301758,1012.53210449219,7301.03,7284.32,9126.27,7301.03,6935.98,9582.58,2024-01-12,17,270.1160087585451,0.8001452238802959,0.30014522388029585,-0.6002904477605917,-24.011617910423666,0,0.4001936318403944,16.627044678738322,17.027238310578717
2024-01-12T17:17:00Z,53.0429916381836,218.680023193359,1015.07995605469,7301.03,7284.32,9126.27,7301.03,6935.98,9582.58,2024-01-12,17,271.7230148315426,0.804790213773139,0.304790213773139,-0.609580427546278,-24.383217101851116,0,0.4063869516975186,16.220657727040802,16.627044678738322
2024-01-12T17:18:00Z,56.5139923095703,215.070022583008,1011.46997070312,7301.03,7284.32,9126.27,7301.03,6935.98,9582.58,2024-01-12,17,271.5840148925783,0.7919097251289856,0.2919097251289856,-0.5838194502579712,-23.35277801031885,0,0.38921296683864753,15.831444760202155,16.220657727040802
2024-01-12T17:19:00Z,58.4109802246094,214.104034423828,1010.50402832031,7301.03,7284.32,9126.27,7301.03,6935.98,9582.58,2024-01-12,17,272.5150146484374,0.7856595890690153,0.28565958906901534,-0.5713191781380307,-22.852767125521225,0,0.3808794520920204,15.450565308110134,15.831444760202155
2024-01-12T17:20:00Z,51.7999954223633,222.157028198242,1018.55700683594,7301.03,7284.32,9126.27,7301.03,6935.98,9582.58,2024-01-12,17,273.9570236206053,0.8109192648621429,0.31091926486214294,-0.6218385297242859,-24.873541188971437,0,0.41455901981619064,15.036006288293944,15.450565308110134
2024-01-12T17:21:00Z,40.7999992370605,232.205032348633,1028.60498046875,7301.03,7284.32,9126.27,7301.03,6935.98,9582.58,2024-01-12,17,273.00503158569353,0.8505522077740395,0.3505522077740395,-0.701104415548079,-28.04417662192316,0,0.4674029436987193,14.568603344595225,15.036006288293944
2024-01-12T17:22:00Z,20.2000007629395,253.226028442383,1049.6259765625,7301.03,7284.32,9126.27,7301.03,6935.98,9582.58,2024-01-12,17,273.4260292053225,0.9261226123143865,0.42612261231438653,-0.8522452246287731,-34.089808985150924,0,0.5681634830858487,14.000439861509376,14.568603344595225
2024-01-12T17:23:00Z,22.5579891204834,249.253005981445,1045.65295410156,7301.03,7284.32,9126.27,7301.03,6935.98,9582.58,2024-01-12,17,271.81099510192837,0.9170085481199015,0.4170085481199015,-0.834017096239803,-33.36068384959212,0,0.556011397493202,13.444428464016173,14.000439861509376
2024-01-12T17:24:00Z,15.3889770507813,255.042022705078,1051.44201660156,7301.03,7284.32,9126.27,7301.03,6935.98,9582.58,2024-01-12,17,270.4309997558593,0.9430946264863339,0.4430946264863339,-0.8861892529726678,-35.44757011890671,0,0.5907928353151118,12.853635628701062,13.444428464016173
2024-01-12T17:25:00Z,11.9379825592041,257.944000244141,1054.34399414063,7301.03,7284.32,9126.27,7301.03,6935.98,9582.58,2024-01-12,17,269.8819828033451,0.9557659150299672,0.4557659150299672,-0.9115318300599344,-36.46127320239738,0,0.607687886706623,12.245947741994438,12.853635628701062
2024-01-12T17:26:00Z,13.659984588623,256.740020751953,1053.14001464844,7301.03,7284.32,9126.27,7301.03,6935.98,9582.58,2024-01-12,17,270.400005340576,0.9494823065132049,0.44948230651320487,-0.8989646130264097,-35.95858452105639,0,0.5993097420176065,11.646637999976832,12.245947741994438
2024-01-12T17:27:00Z,11.178991317749,259.490020751953,1055.89001464844,7301.03,7284.32,9126.27,7301.03,6935.98,9582.58,2024-01-12,17,270.66901206970203,0.9586986658270646,0.45869866582706464,-0.9173973316541293,-36.69589326616517,0,0.6115982211027529,11.03503977887408,11.646637999976832
2024-01-12T17:28:00Z,9.40999221801758,261.251007080078,1057.65112304687,7301.03,7284.32,9126.27,7301.03,6935.98,9582.58,2024-01-12,17,270.6609992980956,0.9652332909343404,0.4652332909343404,-0.9304665818686808,-37.21866327474723,0,0.6203110545791205,10.414728724294958,11.03503977887408
2024-01-12T17:29:00Z,11.0419960021973,259.908081054688,1056.30810546875,7301.03,7284.32,9126.27,7301.03,6935.98,9582.58,2024-01-12,17,270.95007705688533,0.9592471199043834,0.4592471199043834,-0.9184942398087668,-36.73976959235067,0,0.6123294932058445,9.802399231089113,10.414728724294958
2024-01-12T17:30:00Z,43.1999969482422,227.759017944336,1024.15893554688,7301.03,7284.32,9126.27,7301.03,6935.98,9582.58,2024-01-12,17,270.9590148925782,0.8405663049617713,0.3405663049617713,-0.6811326099235426,-27.245304396941705,0,0.4540884066156951,9.348310824473419,9.802399231089113
2024-01-12T17:31:00Z,67.8999862670898,202.561019897461,998.961059570313,7301.03,7284.32,9126.27,7301.03,6935.98,9582.58,2024-01-12,17,270.4610061645508,0.7489472244816732,0.24894722448167317,-0.49789444896334634,-19.91577795853385,0,0.33192963264223085,9.016381191831188,9.348310824473419
2024-01-12T17:32:00Z,36.6119956970215,234.706024169922,1031.10595703125,7301.03,7284.32,9126.27,7301.03,6935.98,9582.58,2024-01-12,17,271.3180198669435,0.8650587391321214,0.3650587391321214,-0.7301174782642428,-29.20469913056971,0,0.4867449855094952,8.529636206321694,9.016381191831188
2024-01-12T17:33:00Z,46.003963470459,225.356018066406,1021.75610351562,7301.03,7284.32,9126.27,7301.03,6935.98,9582.58,2024-01-12,17,271.359981536865,0.8304688730817545,0.33046887308175454,-0.6609377461635091,-26.437509846540365,0,0.4406251641090061,8.089011042212688,8.529636206321694
2024-01-12T17:34:00Z,50.3009834289551,221.926010131836,1018.32604980469,7301.03,7284.32,9126.27,7301.03,6935.98,9582.58,2024-01-12,17,272.2269935607911,0.8152241158343383,0.3152241158343383,-0.6304482316686766,-25.217929266747063,0,0.42029882111245104,7.668712221100237,8.089011042212688
2024-01-12T17:35:00Z,52.0769805908203,219.679016113281,1016.07897949219,7301.03,7284.32,9126.27,7301.03,6935.98,9582.58,2024-01-12,17,271.7559967041013,0.8083686055784677,0.3083686055784677,-0.6167372111569354,-24.669488446277413,0,0.4111581407712902,7.257554080328947,7.668712221100237
2024-01-12T17:36:00Z,67.6129989624023,201.850997924805,998.2509765625,7301.03,7284.32,9126.27,7301.03,6935.98,9582.58,2024-01-12,17,269.4639968872073,0.7490833664480088,0.24908336644800877,-0.49816673289601754,-19.9266693158407,0,0.3321111552640117,6.925442925064935,7.257554080328947
2024-01-12T17:37:00Z,90.4199905395508,180.406021118164,976.806030273437,7301.03,7284.32,9126.27,7301.03,6935.98,9582.58,2024-01-12,17,270.8260116577148,0.6661325476600501,0.16613254766005014,-0.3322650953201003,-13.290603812804012,0,0.22151006354673353,6.703932861518202,6.925442925064935
2024-01-12T17:38:00Z,93.81201171875,179.406005859375,975.806030273437,7301.03,7284.32,9126.27,7301.03,6935.98,9582.58,2024-01-12,17,273.218017578125,0.6566404640867982,0.15664046408679821,-0.31328092817359643,-12.531237126943857,0,0.20885395211573096,6.495078909402471,6.703932861518202
2024-01-12T17:39:00Z,74.3240051269531,196.842010498047,993.242004394531,7301.03,7284.32,9126.27,7301.03,6935.98,9582.58,2024-01-12,17,271.1660156250001,0.7259095873218235,0.22590958732182354,-0.45181917464364707,-18.072766985745883,0,0.3012127830957647,6.193866126306706,6.495078909402471
2024-01-12T17:40:00Z,67.3000030517578,205.518020629883,1001.91802978516,7301.03,7284.32,9126.27,7301.03,6935.98,9582.58,2024-01-12,17,272.8180236816408,0.7533154073050097,0.2533154073050097,-0.5066308146100194,-20.265232584400774,0,0.3377538764066796,5.856112249900026,6.193866126306706
2024-01-12T17:41:00Z,58.2659950256348,214.628997802734,1011.02905273438,7301.03,7284.32,9126.27,7301.03,6935.98,9582.58,2024-01-12,17,272.8949928283688,0.7864893216920258,0.2864893216920258,-0.5729786433840516,-22.919145735362065,0,0.3819857622560344,5.474126487643992,5.856112249900026
2024-01-12T17:42:00Z,54.4829940795898,218.235000610352,1014.63500976563,7301.03,7284.32,9126.27,7301.03,6935.98,9582.58,2024-01-12,17,272.7179946899418,0.8002222253741175,0.30022222537411747,-0.6004444507482349,-24.017778029929396,0,0.40029630049882325,5.073830187145169,5.474126487643992
2024-01-12T17:43:00Z,57.5899925231934,215.650039672852,1012.04998779297,7301.03,7284.32,9126.27,7301.03,6935.98,9582.58,2024-01-12,17,273.2400321960454,0.7892329609964565,0.28923296099645646,-0.5784659219929129,-23.138636879716515,0,0.38564394799527524,4.688186239149894,5.073830187145169
2024-01-12T17:44:00Z,48.6239776611328,223.478042602539,1019.87805175781,7301.03,7284.32,9126.27,7301.03,6935.98,9582.58,2024-01-12,17,272.1020202636718,0.8213024011581564,0.32130240115815645,-0.6426048023163129,-25.704192092652516,0,0.4284032015442086,4.259783037605685,4.688186239149894
2024-01-12T17:45:00Z,46.8599853515625,227.239028930664,1023.63903808594,7301.03,7284.32,9126.27,7301.03,6935.98,9582.58,2024-01-12,17,274.0990142822265,0.8290399348050445,0.32903993480504445,-0.6580798696100889,-26.323194784403555,0,0.4387199130733926,3.8210631245322926,4.259783037605685
2024-01-12T17:46:00Z,88.0739974975586,182.702011108398,979.101928710937,7301.03,7284.32,9126.27,7301.03,6935.98,9582.58,2024-01-12,17,270.7760086059566,0.6747348557540519,0.1747348557540519,-0.3494697115081038,-13.978788460324152,0,0.2329798076720692,3.5880833168602235,3.8210631245322926
2024-01-12T17:47:00Z,242.384979248047,31.0150184631348,827.4150390625,7301.03,7284.32,9126.27,7301.03,6935.98,9582.58,2024-01-12,17,273.3999977111818,0.11344191193409917,-0.38655808806590086,0.7731161761318017,30.924647045272067,0.5154107840878678,0,4.103494100948091,3.5880833168602235
2024-01-12T17:48:00Z,255.555999755859,18.6429996490479,814.844055175781,7301.03,7284.32,9126.27,7301.03,6935.98,9582.58,2024-01-12,17,274.1989994049069,0.06799076469829846,-0.43200923530170154,0.8640184706034031,34.56073882413612,0.576012313735602,0,4.6795064146836935,4.103494100948091
2024-01-12T17:49:00Z,226.905990600586,47.1190147399902,843.518981933594,7301.03,7284.32,9126.27,7301.03,6935.98,9582.58,2024-01-12,17,274.0250053405762,0.17195151472190506,-0.32804848527809494,0.6560969705561899,26.243878822247595,0.43739798037079325,0,5.116904395054487,4.6795064146836935
2024-01-12T17:50:00Z,210.731979370117,62.9880142211914,859.388061523438,7301.03,7284.32,9126.27,7301.03,6935.98,9582.58,2024-01-12,17,273.71999359130837,0.23011842647942946,-0.2698815735205705,0.539763147041141,21.59052588164564,0.35984209802742734,0,5.476746493081914,5.116904395054487
2024-01-12T17:51:00Z,252.190979003906,20.209020614624,816.609008789063,7301.03,7284.32,9126.27,7301.03,6935.98,9582.58,2024-01-12,17,272.39999961853,0.07418876888004695,-0.42581123111995306,0.8516224622399061,34.064898489596246,0.5677483081599374,0,6.044494801241852,5.476746493081914
2024-01-12T17:52:00Z,260.843933105469,11.6780261993408,807.9560546875,7301.03,7284.32,9126.27,7301.03,6935.98,9582.58,2024-01-12,17,272.5219593048098,0.042851688829519924,-0.45714831117048005,0.9142966223409601,36.571864893638406,0.6095310815606401,0,6.654025882802491,6.044494801241852
2024-01-12T17:53:00Z,259.795959472656,12.971004486084,809.37109375,7301.03,7284.32,9126.27,7301.03,6935.98,9582.58,2024-01-12,17,272.76696395874,0.04755342911704679,-0.4524465708829532,0.9048931417659064,36.19572567063626,0.6032620945106043,0,7.257287977313096,6.654025882802491
2024-01-12T17:54:00Z,261.804992675781,11.2540378570557,807.654052734375,7301.03,7284.32,9126.27,7301.03,6935.98,9582.58,2024-01-12,17,273.05903053283674,0.041214670084688314,-0.4587853299153117,0.9175706598306234,36.70282639322493,0.6117137732204155,0,7.869001750533512,7.257287977313096
2024-01-12T17:55:00Z,264.401977539063,8.5980052947998,804.997985839844,7301.03,7284.32,9126.27,7301.03,6935.98,9582.58,2024-01-12,17,272.9999828338628,0.031494526869740545,-0.4685054731302595,0.937010946260519,37.480437850420756,0.6246739641736793,0,8.49367571470719,7.869001750533512
2024-01-12T17:56:00Z,262.175994873047,10.9240188598633,807.024047851563,7301.03,7284.32,9126.27,7301.03,6935.98,9582.58,2024-01-12,17,273.10001373291027,0.0400000670470376,-0.4599999329529624,0.9199998659059248,36.79999463623699,0.6133332439372832,0,9.107008958644474,8.49367571470719
2024-01-12T17:57:00Z,264.557952880859,8.51702308654785,804.716979980469,7301.03,7284.32,9126.27,7301.03,6935.98,9582.58,2024-01-12,17,273.07497596740683,0.03118932101476925,-0.46881067898523077,0.9376213579704615,37.50485431881846,0.625080905313641,0,9.732089863958116,9.107008958644474
2024-01-12T17:58:00Z,266.236999511719,6.3780403137207,802.47802734375,7301.03,7284.32,9126.27,7301.03,6935.98,9582.58,2024-01-12,17,272.6150398254397,0.02339577566155071,-0.4766042243384493,0.9532084486768986,38.12833794707594,0.6354722991179323,0,10.367562163076048,9.732089863958116
2024-01-12T17:59:00Z,264.8740234375,7.32301330566406,803.52294921875,7301.03,7284.32,9126.27,7301.03,6935.98,9582.58,2024-01-12,17,272.19703674316406,0.026903354251331574,-0.47309664574866844,0.9461932914973369,37.847731659893476,0.6307955276648912,0,10.998357690740939,10.367562163076048
2024-01-12T18:00:00Z,265.673950195313,7.82602500915527,803.526000976563,7243.43,7231.87,9054.26,15.84,6881.26,9506.97,2024-01-12,18,273.4999752044683,0.028614353633138512,-0.4713856463668615,0.942771292733723,37.710851709348916,0.6285141951558153,0,11.626871885896755,10.998357690740939
2024-01-12T18:01:00Z,270.299987792969,3.79999923706055,797.599975585938,7243.43,7231.87,9054.26,15.84,6881.26,9506.97,2024-01-12,18,274.0999870300295,0.013863551320213066,-0.48613644867978695,0.9722728973595739,38.89091589438296,0.6481819315730493,0,12.275053817469804,11.626871885896755
2024-01-12T18:02:00Z,271.294982910156,4.50501441955566,796.405029296875,7243.43,7231.87,9054.26,15.84,6881.26,9506.97,2024-01-12,18,275.7999973297117,0.016334352658350582,-0.4836656473416494,0.9673312946832988,38.69325178733195,0.6448875297888659,0,12.91994134725867,12.275053817469804
2024-01-12T18:03:00Z,269.406005859375,4.31900405883789,797.593994140625,7243.43,7231.87,9054.26,15.84,6881.26,9506.97,2024-01-12,18,273.7250099182129,0.015778624175147086,-0.4842213758248529,0.9684427516497058,38.73771006598823,0.6456285010998039,0,13.565569848358473,12.91994134725867
2024-01-12T18:04:00Z,270.523986816406,3.63300323486328,796.475952148438,7243.43,7231.87,9054.26,15.84,6881.26,9506.97,2024-01-12,18,274.1569900512693,0.013251543337209393,-0.4867484566627906,0.9734969133255812,38.939876533023245,0.6489979422170541,0,14.214567790575527,13.565569848358473
2024-01-12T18:05:00Z,271.868957519531,2.91199493408203,795.731018066406,7243.43,7231.87,9054.26,15.84,6881.26,9506.97,2024-01-12,18,274.78095245361305,0.01059751379446003,-0.48940248620553994,0.9788049724110799,39.152198896443196,0.6525366482740532,0,14.86710443884958,14.214567790575527
2024-01-12T18:06:00Z,270.174011230469,4.75801467895508,796.926025390625,7243.43,7231.87,9054.26,15.84,6881.26,9506.97,2024-01-12,18,274.93202590942406,0.01730614926804708,-0.4826938507319529,0.9653877014639058,38.61550805855623,0.6435918009759372,0,15.510696239825517,14.86710443884958
2024-01-12T18:07:00Z,267.259948730469,5.54601287841797,800.0400390625,7243.43,7231.87,9054.26,15.84,6881.26,9506.97,2024-01-12,18,272.80596160888695,0.020329514962613274,-0.47967048503738674,0.9593409700747735,38.37363880299094,0.6395606467165157,0,16.15025688654203,15.510696239825517
2024-01-12T18:08:00Z,267.943969726563,4.57501983642578,799.056030273437,7243.43,7231.87,9054.26,15.84,6881.26,9506.97,2024-01-12,18,272.5189895629888,0.016787893730863594,-0.4832121062691364,0.9664242125382728,38.65696850153091,0.6442828083588485,0,16.79453969490088,16.15025688654203
2024-01-12T18:09:00Z,157.523986816406,112.027008056641,907.676025390625,7243.43,7231.87,9054.26,15.84,6881.26,9506.97,2024-01-12,18,269.550994873047,0.41560598991446285,-0.08439401008553715,0.1687880201710743,6.751520806842972,0.1125253467807162,0,16.907065041681598,16.79453969490088
2024-01-12T18:10:00Z,194.759002685547,74.2130126953125,870.391967773437,7243.43,7231.87,9054.26,15.84,6881.26,9506.97,2024-01-12,18,268.9720153808595,0.2759135094044197,-0.22408649059558028,0.44817298119116056,17.926919247646424,0.2987819874607737,0,17.205847029142372,16.907065041681598
2024-01-12T18:11:00Z,194.703964233398,75.5960311889648,871.99609375,7243.43,7231.87,9054.26,15.84,6881.26,9506.97,2024-01-12,18,270.2999954223628,0.2796745559349369,-0.2203254440650631,0.4406508881301262,17.626035525205047,0.29376725875341747,0,17.49961428789579,17.205847029142372
2024-01-12T18:12:00Z,171.799987792969,98.9460220336914,895.346008300781,7243.43,7231.87,9054.26,15.84,6881.26,9506.97,2024-01-12,18,270.7460098266604,0.36545699084185795,-0.13454300915814205,0.2690860183162841,10.763440732651365,0.17939067887752275,0,17.67900496677331,17.49961428789579
2024-01-12T18:13:00Z,146.654983520508,122.445037841797,918.845031738281,7243.43,7231.87,9054.26,15.84,6881.26,9506.97,2024-01-12,18,269.10002136230503,0.4550168269104004,-0.04498317308959959,0.08996634617919919,3.5986538471679674,0.05997756411946612,0,17.738982530892777,17.67900496677331
2024-01-12T18:14:00Z,139.978988647461,128.286026000977,924.685974121094,7243.43,7231.87,9054.26,15.84,6881.26,9506.97,2024-01-12,18,268.26501464843795,0.47820632209196634,-0.02179367790803366,0.04358735581606732,1.7434942326426928,0.029058237210711546,0,17.76804076810349,17.738982530892777
2024-01-12T18:15:00Z,128.803985595703,140.392013549805,936.7919921875,7243.43,7231.87,9054.26,15.84,6881.26,9506.97,2024-01-12,18,269.19599914550804,0.5215234030054033,0.02152340300540334,-0.04304680601080668,-1.7218722404322673,0,0.028697870673871122,17.73934289742962,17.76804076810349
2024-01-12T18:16:00Z,133.502975463867,135.482025146484,931.524047851562,7243.43,7231.87,9054.26,15.84,6881.26,9506.97,2024-01-12,18,268.985000610351,0.5036787361342201,0.0036787361342200953,-0.0073574722684401905,-0.2942988907376076,0,0.00490498151229346,17.734437915917326,17.73934289742962
2024-01-12T18:17:00Z,162.332977294922,106.967018127441,903.366943359375,7243.43,7231.87,9054.26,15.84,6881.26,9506.97,2024-01-12,18,269.299995422363,0.3972039359290621,-0.10279606407093789,0.20559212814187577,8.223685125675031,0.13706141876125053,0,17.871499334678575,17.734437915917326
2024-01-12T18:18:00Z,166.203994750977,103.496017456055,899.896057128906,7243.43,7231.87,9054.26,15.84,6881.26,9506.97,2024-01-12,18,269.700012207032,0.38374494909776835,-0.11625505090223165,0.2325101018044633,9.300404072178532,0.15500673453630887,0,18.026506069214882,17.871499334678575
2024-01-12T18:19:00Z,168.389984130859,101.494018554687,897.89404296875,7243.43,7231.87,9054.26,15.84,6881.26,9506.97,2024-01-12,18,269.884002685546,0.3760653374959102,-0.1239346625040898,0.2478693250081796,9.914773000327184,0.16524621667211972,0,18.191752285887002,18.026506069214882
2024-01-12T18:20:00Z,165.977981567383,104.156036376953,900.555969238281,7243.43,7231.87,9054.26,15.84,6881.26,9506.97,2024-01-12,18,270.134017944336,0.3855717142533876,-0.1144282857466124,0.2288565714932248,9.154262859728991,0.15257104766214985,0,18.344323333549152,18.191752285887002
2024-01-12T18:21:00Z,164.978988647461,104.039016723633,900.439025878906,7243.43,7231.87,9054.26,15.84,6881.26,9506.97,2024-01-12,18,269.018005371094,0.3867362579694898,-0.1132637420305102,0.2265274840610204,9.061099362440817,0.15101832270734697,0,18.4953416562565,18.344323333549152
2024-01-12T18:22:00Z,165.404983520508,102.581016540527,898.981018066406,7243.43,7231.87,9054.26,15.84,6881.26,9506.97,2024-01-12,18,267.98600006103504,0.3827849832348097,-0.1172150167651903,0.2344300335303806,9.377201341215224,0.15628668902025375,0,18.65162834527675,18.4953416562565
2024-01-12T18:23:00Z,164.241973876953,103.958023071289,900.358032226563,7243.43,7231.87,9054.26,15.84,6881.26,9506.97,2024-01-12,18,268.199996948242,0.38761381153688496,-0.11238618846311504,0.2247723769262301,8.990895077049203,0.14984825128415338,0,18.801476596560907,18.65162834527675
2024-01-12T18:24:00Z,165.200973510742,103.668014526367,900.068054199219,7243.43,7231.87,9054.26,15.84,6881.26,9506.97,2024-01-12,18,268.868988037109,0.3855707394266641,-0.11442926057333591,0.22885852114667182,9.154340845866873,0.15257234743111456,0,18.95404894399202,18.801476596560907
2024-01-12T18:25:00Z,193.734970092773,77.9430313110352,874.343078613281,7243.43,7231.87,9054.26,15.84,6881.26,9506.97,2024-01-12,18,271.6780014038082,0.2868948936177747,-0.2131051063822253,0.4262102127644506,17.048408510578025,0.2841401418429671,0,19.23818908583499,18.95404894399202
2024-01-12T18:26:00Z,191.902984619141,77.197021484375,873.597045898438,7243.43,7231.87,9054.26,15.84,6881.26,9506.97,2024-01-12,18,269.10000610351597,0.28687112498495915,-0.21312887501504085,0.4262577500300817,17.05031000120327,0.2841718333533878,0,19.522360919188376,19.23818908583499
2024-01-12T18:27:00Z,198.266998291016,72.1400146484375,868.5400390625,7243.43,7231.87,9054.26,15.84,6881.26,9506.97,2024-01-12,18,270.40701293945347,0.2667830758686362,-0.2332169241313638,0.4664338482627276,18.657353930509103,0.3109558988418184,0,19.833316818030195,19.522360919188376
2024-01-12T18:28:00Z,206.450988769531,63.6220169067383,859.921997070312,7243.43,7231.87,9054.26,15.84,6881.26,9506.97,2024-01-12,18,270.0730056762693,0.23557340263395538,-0.2644265973660446,0.5288531947320892,21.15412778928357,0.3525687964880595,0,20.185885614518256,19.833316818030195
2024-01-12T18:29:00Z,212.502960205078,56.5970268249512,852.9970703125,7243.43,7231.87,9054.26,15.84,6881.26,9506.97,2024-01-12,18,269.0999870300292,0.21031969361869746,-0.28968030638130254,0.5793606127626051,23.174424510504203,0.38624040850840335,0,20.57212602302666,20.185885614518256
2024-01-12T18:30:00Z,226.998977661133,43.3920211791992,839.7919921875,7243.43,7231.87,9054.26,15.84,6881.26,9506.97,2024-01-12,18,270.3909988403322,0.16047879317470362,-0.3395212068252964,0.6790424136505928,27.161696546023713,0.45269494243372854,0,21.024820965460385,20.57212602302666
2024-01-12T18:31:00Z,260.702026367187,10.5110292434692,806.611022949219,7243.43,7231.87,9054.26,15.84,6881.26,9506.97,2024-01-12,18,271.21305561065617,0.03875561675968306,-0.4612443832403169,0.9224887664806338,36.899550659225355,0.6149925109870893,0,21.639813476447475,21.024820965460385
2024-01-12T18:32:00Z,268.690979003906,3.60902309417725,799.208984375,7243.43,7231.87,9054.26,15.84,6881.26,9506.97,2024-01-12,18,272.30000209808327,0.013253848940027806,-0.4867461510599722,0.9734923021199444,38.93969208479778,0.648994868079963,0,22.28880834452744,21.639813476447475
2024-01-12T18:33:00Z,268.888000488281,3.35900592803955,798.112060546875,7243.43,7231.87,9054.26,15.84,6881.26,9506.97,2024-01-12,18,272.2470064163206,0.012338082141858164,-0.48766191785814184,0.9753238357162837,39.01295342865134,0.6502158904775224,0,22.93902423500496,22.28880834452744
2024-01-12T18:34:00Z,266.741973876953,5.75402736663818,800.972045898438,7243.43,7231.87,9054.26,15.84,6881.26,9506.97,2024-01-12,18,272.4960012435912,0.021116006621669677,-0.4788839933783303,0.9577679867566606,38.31071947026643,0.6385119911711071,0,23.57753622617607,22.93902423500496
2024-01-12T18:35:00Z,267.819000244141,4.11800003051758,799.48095703125,7243.43,7231.87,9054.26,15.84,6881.26,9506.97,2024-01-12,18,271.9370002746586,0.015143213414718725,-0.48485678658528125,0.9697135731705625,38.7885429268225,0.6464757154470416,0,24.22401194162311,23.57753622617607
2024-01-12T18:36:00Z,269.075012207031,2.62501239776611,798.825073242188,7243.43,7231.87,9054.26,15.84,6881.26,9506.97,2024-01-12,18,271.70002460479714,0.00966143599576164,-0.49033856400423836,0.9806771280084767,39.22708512033907,0.6537847520056511,0,24.877796693628763,24.22401194162311
2024-01-12T18:37:00Z,267.209014892578,6.52099895477295,802.442993164063,7243.43,7231.87,9054.26,15.84,6881.26,9506.97,2024-01-12,18,273.73001384735096,0.02382274001713772,-0.47617725998286226,0.9523545199657245,38.09418079862898,0.634903013310483,0,25.512699706939248,24.877796693628763
2024-01-12T18:38:00Z,262.719970703125,10.1440286636353,806.443969726562,7243.43,7231.87,9054.26,15.84,6881.26,9506.97,2024-01-12,18,272.8639993667603,0.037176134217693446,-0.46282386578230655,0.9256477315646131,37.02590926258453,0.6170984877097421,0,26.12979819464899,25.512699706939248
2024-01-12T18:39:00Z,265.583984375,6.21601390838623,802.315979003906,7243.43,7231.87,9054.26,15.84,6881.26,9506.97,2024-01-12,18,271.79999828338623,0.022869808490231264,-0.47713019150976876,0.9542603830195375,38.1704153207815,0.6361735886796916,0,26.765971783328684,26.12979819464899
2024-01-12T18:40:00Z,265.824981689453,5.47501087188721,801.775024414063,7243.43,7231.87,9054.26,15.84,6881.26,9506.97,2024-01-12,18,271.2999925613402,0.0201806524954081,-0.4798193475045919,0.9596386950091838,38.38554780036735,0.6397591300061225,0,27.405730913334807,26.765971783328684
2024-01-12T18:41:00Z,262.575988769531,8.9240198135376,805.323974609375,7243.43,7231.87,9054.26,15.84,6881.26,9506.97,2024-01-12,18,271.5000085830686,0.032869316874467765,-0.46713068312553224,0.9342613662510645,37.37045465004258,0.622840910834043,0,28.02857182416885,27.405730913334807
2024-01-12T18:42:00Z,266.106994628906,5.74102687835693,802.141052246094,7243.43,7231.87,9054.26,15.84,6881.26,9506.97,2024-01-12,18,271.84802150726296,0.021118516318514195,-0.4788814836814858,0.9577629673629716,38.31051869451886,0.6385086449086477,0,28.667080469077497,28.02857182416885
2024-01-12T18:43:00Z,266.752014160156,4.1480131149292,800.548034667969,7243.43,7231.87,9054.26,15.84,6881.26,9506.97,2024-01-12,18,270.9000272750852,0.01531197008967852,-0.4846880299103215,0.969376059820643,38.77504239282572,0.6462507065470953,0,29.313331175624594,28.667080469077497
2024-01-12T18:44:00Z,267.407012939453,3.79302787780762,800.192993164062,7243.43,7231.87,9054.26,15.84,6881.26,9506.97,2024-01-12,18,271.20004081726063,0.013986088889873837,-0.48601391111012615,0.9720278222202523,38.881112888810094,0.6480185481468349,0,29.961349723771427,29.313331175624594
2024-01-12T18:45:00Z,267.703979492188,3.79601287841797,800.196044921875,7243.43,7231.87,9054.26,15.84,6881.26,9506.97,2024-01-12,18,271.499992370606,0.013981631620955236,-0.4860183683790448,0.9720367367580895,38.88146947032358,0.6480244911720596,0,30.609374214943486,29.961349723771427
2024-01-12T18:46:00Z,266.513977050781,4.36702632904053,800.6669921875,7243.43,7231.87,9054.26,15.84,6881.26,9506.97,2024-01-12,18,270.88100337982155,0.01612156731019344,-0.48387843268980657,0.9677568653796131,38.710274615184524,0.6451712435864088,0,31.254545458529893,30.609374214943486
2024-01-12T18:47:00Z,264.06298828125,6.63701152801514,802.93701171875,7243.43,7231.87,9054.26,15.84,6881.26,9506.97,2024-01-12,18,270.69999980926514,0.024517959115964424,-0.47548204088403556,0.9509640817680711,38.03856327072285,0.6339760545120474,0,31.88852151304194,31.254545458529893
2024-01-12T18:48:00Z,267.136962890625,4.06302356719971,800.463012695313,7243.43,7231.87,9054.26,15.84,6881.26,9506.97,2024-01-12,18,271.1999864578247,0.014981651069630732,-0.48501834893036927,0.9700366978607385,38.801467914429544,0.6466911319071591,0,32.5352126449491,31.88852151304194
2024-01-12T18:49:00Z,265.682006835938,6.31801509857178,802.717956542969,7243.43,7231.87,9054.26,15.84,6881.26,9506.97,2024-01-12,18,272.0000219345098,0.023227994812783457,-0.4767720051872165,0.953544010374433,38.14176041497732,0.6356960069162887,0,33.17090865186539,32.5352126449491
2024-01-12T18:50:00Z,260.116973876953,11.3830270767212,807.782958984375,7243.43,7231.87,9054.26,15.84,6881.26,9506.97,2024-01-12,18,271.5000009536742,0.04192643475777916,-0.45807356524222087,0.9161471304844417,36.64588521937767,0.6107647536562945,0,33.78167340552169,33.17090865186539
2024-01-12T18:51:00Z,246.906967163086,25.8500328063965,822.25,7243.43,7231.87,9054.26,15.84,6881.26,9506.97,2024-01-12,18,272.7569999694825,0.09477312336361207,-0.4052268766363879,0.8104537532727758,32.41815013091103,0.5403025021818505,0,34.32197590770354,33.78167340552169
2024-01-12T18:52:00Z,226.971969604492,43.5280227661133,839.928039550781,7243.43,7231.87,9054.26,15.84,6881.26,9506.97,2024-01-12,18,270.4999923706053,0.1609169094041106,-0.33908309059588937,0.6781661811917787,27.12664724767115,0.4521107874611859,0,34.774086695164726,34.32197590770354
2024-01-12T18:53:00Z,220.662979125977,50.4190292358398,846.819030761719,7243.43,7231.87,9054.26,15.84,6881.26,9506.97,2024-01-12,18,271.0820083618168,0.18599179466217045,-0.3140082053378296,0.6280164106756592,25.12065642702637,0.41867760711710617,0,35.19276430228183,34.774086695164726
2024-01-12T18:54:00Z,215.967987060547,53.4320182800293,849.83203125,7243.43,7231.87,9054.26,15.84,6881.26,9506.97,2024-01-12,18,269.4000053405763,0.19833710920859254,-0.30166289079140746,0.6033257815828149,24.133031263312596,0.4022171877218766,0,35.594981490003704,35.19276430228183
2024-01-12T18:55:00Z,211.766983032227,57.9430198669434,854.343017578125,7243.43,7231.87,9054.26,15.84,6881.26,9506.97,2024-01-12,18,269.7100028991704,0.21483452316970642,-0.2851654768302936,0.5703309536605872,22.813238146423487,0.3802206357737248,0,35.97520212577743,35.594981490003704
2024-01-12T18:56:00Z,179.838989257813,92.8610229492188,889.261108398438,7243.43,7231.87,9054.26,15.84,6881.26,9506.97,2024-01-12,18,272.7000122070318,0.3405244546843636,-0.1594755453156364,0.3189510906312728,12.758043625250913,0.21263406042084856,0,36.187836186198275,35.97520212577743
2024-01-12T18:57:00Z,176.38996887207,97.3740310668945,893.774047851563,7243.43,7231.87,9054.26,15.84,6881.26,9506.97,2024-01-12,18,273.7639999389645,0.35568603281879274,-0.14431396718120726,0.2886279343624145,11.54511737449658,0.19241862290827635,0,36.38025480910655,36.187836186198275
2024-01-12T18:58:00Z,180.680953979492,93.7990264892578,890.199035644531,7243.43,7231.87,9054.26,15.84,6881.26,9506.97,2024-01-12,18,274.4799804687498,0.3417335804566521,-0.1582664195433479,0.3165328390866958,12.661313563467832,0.21102189272446387,0,36.59127670183102,36.38025480910655
2024-01-12T18:59:00Z,177.460983276367,95.0600128173828,891.239074707031,7243.43,7231.87,9054.26,15.84,6881.26,9506.97,2024-01-12,18,272.5209960937498,0.34881720740768635,-0.15118279259231365,0.3023655851846273,12.094623407385093,0.20157705678975155,0,36.79285375862077,36.59127670183102
2024-01-12T19:00:00Z,165.941955566406,109.34302520752,904.758056640625,7000,6972.55,7000,15.62,14.84,7350,2024-01-12,19,275.284980773926,0.3971993855244738,-0.10280061447552619,0.20560122895105237,8.224049158042096,0.13706748596736826,0,36.929921244588144,36.79285375862077
2024-01-12T19:01:00Z,87.2569732666016,197.099029541016,975.743041992187,7000,6972.55,7000,15.62,14.84,7350,2024-01-12,19,284.3560028076176,0.6931417926646137,0.19314179266461373,-0.38628358532922746,-15.451343413169099,0,0.257522390219485,36.67239885436866,36.929921244588144
2024-01-12T19:02:00Z,59.510986328125,224.783004760742,1003.11395263672,7000,6972.55,7000,15.62,14.84,7350,2024-01-12,19,284.29399108886696,0.7906709666982636,0.29067096669826364,-0.5813419333965273,-23.25367733586109,0,0.3875612889310182,36.28483756543764,36.67239885436866
2024-01-12T19:03:00Z,54.0679931640625,229.373001098633,1008.37310791016,7000,6972.55,7000,15.62,14.84,7350,2024-01-12,19,283.44099426269554,0.809244272146633,0.30924427214663297,-0.6184885442932659,-24.739541771730636,0,0.41232569619551057,35.87251186924213,36.28483756543764
2024-01-12T19:04:00Z,47.7209777832031,235.647018432617,1014.64697265625,7000,6972.55,7000,15.62,14.84,7350,2024-01-12,19,283.3679962158201,0.831593622355089,0.33159362235508905,-0.6631872447101781,-26.527489788407124,0,0.4421248298067854,35.430387039435345,35.87251186924213
2024-01-12T19:05:00Z,49.5999984741211,239.325042724609,1008.32507324219,7000,6972.55,7000,15.62,14.84,7350,2024-01-12,19,288.9250411987301,0.8283291809241105,0.32832918092411045,-0.6566583618482209,-26.266334473928836,0,0.43777224123214725,34.9926147982032,35.430387039435345
2024-01-12T19:06:00Z,67.0739898681641,215.426025390625,984.425964355469,7000,6972.55,7000,15.62,14.84,7350,2024-01-12,19,282.5000152587891,0.7625699601937374,0.26256996019373735,-0.5251399203874747,-21.00559681549899,0,0.3500932802583165,34.642521517944886,34.9926147982032
2024-01-12T19:07:00Z,71.5309677124023,210.838043212891,979.838073730469,7000,6972.55,7000,15.62,14.84,7350,2024-01-12,19,282.3690109252933,0.7466755736473952,0.24667557364739523,-0.49335114729479046,-19.734045891791617,0,0.3289007648631936,34.31362075308169,34.642521517944886
2024-01-12T19:08:00Z,70.6019897460938,212.592041015625,981.592041015625,7000,6972.55,7000,15.62,14.84,7350,2024-01-12,19,283.1940307617188,0.7506939339215848,0.2506939339215848,-0.5013878678431696,-20.055514713726783,0,0.33425857856211305,33.97936217451958,34.31362075308169
2024-01-12T19:09:00Z,74.1589813232422,210.654022216797,979.654052734375,7000,6972.55,7000,15.62,14.84,7350,2024-01-12,19,284.8130035400392,0.7396222068462655,0.23962220684626545,-0.4792444136925309,-19.169776547701236,0,0.3194962757950206,33.65986589872456,33.97936217451958
2024-01-12T19:10:00Z,69.2220001220703,212.789016723633,981.788940429688,7000,6972.55,7000,15.62,14.84,7350,2024-01-12,19,282.0110168457033,0.7545415037457784,0.25454150374577844,-0.5090830074915569,-20.363320299662277,0,0.339388671661038,33.32047722706352,33.65986589872456
2024-01-12T19:11:00Z,59.400993347168,223.228012084961,992.22802734375,7000,6972.55,7000,15.62,14.84,7350,2024-01-12,19,282.629005432129,0.7898269738580223,0.28982697385802225,-0.5796539477160445,-23.186157908641782,0,0.3864359651440297,32.93404126191949,33.32047722706352
2024-01-12T19:12:00Z,48.3059730529785,232.994033813477,1001.99401855469,7000,6972.55,7000,15.62,14.84,7350,2024-01-12,19,281.3000068664555,0.8282759620553038,0.32827596205530385,-0.6565519241106077,-26.26207696442431,0,0.43770128274040515,32.49633997917908,32.93404126191949
2024-01-12T19:13:00Z,26.1869773864746,255.625015258789,1024.625,7000,6972.55,7000,15.62,14.84,7350,2024-01-12,19,281.8119926452636,0.9070764265897017,0.40707642658970167,-0.8141528531794033,-32.566114127176135,0,0.5427685687862689,31.953571410392815,32.49633997917908
2024-01-12T19:14:00Z,20.6379852294922,261.0810546875,1030.08093261719,7000,6972.55,7000,15.62,14.84,7350,2024-01-12,19,281.7190399169922,0.9267426680299169,0.4267426680299169,-0.8534853360598338,-34.13941344239335,0,0.5689902240398891,31.384581186352925,31.953571410392815
2024-01-12T19:15:00Z,25.1199817657471,268.638000488281,1024.63806152344,7000,6972.55,7000,15.62,14.84,7350,2024-01-12,19,293.7579822540281,0.9144874921423429,0.41448749214234293,-0.8289749842846859,-33.15899937138744,0,0.5526499895231239,30.8319311968298,31.384581186352925
2024-01-12T19:16:00Z,24.9509925842285,263.549011230469,1019.54895019531,7000,6972.55,7000,15.62,14.84,7350,2024-01-12,19,288.5000038146975,0.9135147582172843,0.41351475821728434,-0.8270295164345687,-33.081180657382745,0,0.5513530109563791,30.28057818587342,30.8319311968298
2024-01-12T19:17:00Z,23.5769691467285,258.002044677734,1013.52307128906,7000,6972.55,7000,15.62,14.84,7350,2024-01-12,19,281.5790138244625,0.9162687274648015,0.4162687274648015,-0.832537454929603,-33.30149819718412,0,0.5550249699530686,29.72555321592035,30.28057818587342
2024-01-12T19:18:00Z,36.5379791259766,245.896041870117,1001.89593505859,7000,6972.55,7000,15.62,14.84,7350,2024-01-12,19,282.4340209960936,0.8706318063344006,0.3706318063344006,-0.7412636126688013,-29.65054450675205,0,0.4941757417792008,29.231377474141148,29.72555321592035
2024-01-12T19:19:00Z,112.476982116699,171.800018310547,927.800048828125,7000,6972.55,7000,15.62,14.84,7350,2024-01-12,19,284.277000427246,0.6043401965419118,0.10434019654191184,-0.2086803930838237,-8.347215723352948,0,0.13912026205588246,29.092257212085265,29.231377474141148
2024-01-12T19:20:00Z,112.739974975586,169.084030151367,925.084045410156,7000,6972.55,7000,15.62,14.84,7350,2024-01-12,19,281.824005126953,0.5999631936080103,0.09996319360801031,-0.19992638721602063,-7.997055488640825,0,0.13328425814401376,28.958972953941252,29.092257212085265
2024-01-12T19:21:00Z,118.545989990234,164.622039794922,920.6220703125,7000,6972.55,7000,15.62,14.84,7350,2024-01-12,19,283.168029785156,0.5813581424422216,0.08135814244222161,-0.16271628488444323,-6.508651395377729,0,0.10847752325629549,28.85049543068496,28.958972953941252
2024-01-12T19:22:00Z,121.040000915527,162.168029785156,918.168029785156,7000,6972.55,7000,15.62,14.84,7350,2024-01-12,19,283.208030700683,0.5726109862913745,0.07261098629137452,-0.14522197258274905,-5.808878903309962,0,0.09681464838849936,28.75368078229646,28.85049543068496
2024-01-12T19:23:00Z,121.721992492676,161.216018676758,917.216003417969,7000,6972.55,7000,15.62,14.84,7350,2024-01-12,19,282.938011169434,0.5697927189437115,0.06979271894371153,-0.13958543788742306,-5.583417515496922,0,0.09305695859161538,28.660623823704846,28.75368078229646
2024-01-12T19:24:00Z,117.559982299805,166.169021606445,922.169067382812,7000,6972.55,7000,15.62,14.84,7350,2024-01-12,19,283.72900390625,0.5856610333053957,0.08566103330539565,-0.1713220666107913,-6.852882664431652,0,0.11421471107386087,28.546409112630986,28.660623823704846
2024-01-12T19:25:00Z,114.887977600098,167.835037231445,923.8349609375,7000,6972.55,7000,15.62,14.84,7350,2024-01-12,19,282.72301483154297,0.5936376892820255,0.09363768928202554,-0.18727537856405108,-7.491015142562043,0,0.12485025237603405,28.42155886025495,28.546409112630986
2024-01-12T19:26:00Z,118.200004577637,166.239044189453,922.239074707031,7000,6972.55,7000,15.62,14.84,7350,2024-01-12,19,284.43904876709,0.5844452261741887,0.0844452261741887,-0.1688904523483774,-6.755618093935096,0,0.11259363489891827,28.308965225356033,28.42155886025495
2024-01-12T19:27:00Z,143.348007202148,141.320007324219,897.320007324219,7000,6972.55,7000,15.62,14.84,7350,2024-01-12,19,284.668014526367,0.49643795619029557,-0.0035620438097044294,0.007124087619408859,0.28496350477635435,0.004749391746272573,0,28.313714617102306,28.308965225356033
2024-01-12T19:28:00Z,155.685012817383,128.089019775391,884.088989257813,7000,6972.55,7000,15.62,14.84,7350,2024-01-12,19,283.774032592774,0.45137681769213667,-0.04862318230786333,0.09724636461572667,3.8898545846290666,0.06483090974381778,0,28.378545526846125,28.313714617102306
2024-01-12T19:29:00Z,150.7509765625,131.492034912109,887.177001953125,7000,6972.55,7000,15.62,14.84,7350,2024-01-12,19,282.24301147460903,0.4658823409838022,-0.03411765901619779,0.06823531803239558,2.729412721295823,0.04549021202159705,0,28.424035738867723,28.378545526846125
2024-01-12T19:30:00Z,153.853973388672,128.336029052734,884.3359375,7000,6972.55,7000,15.62,14.84,7350,2024-01-12,19,282.190002441406,0.45478588164859496,-0.04521411835140504,0.09042823670281008,3.6171294681124033,0.060285491135206724,0,28.48432123000293,28.424035738867723
2024-01-12T19:31:00Z,167.308990478516,115.295013427734,871.095031738281,7000,6972.55,7000,15.62,14.84,7350,2024-01-12,19,282.60400390625,0.407973743592046,-0.09202625640795398,0.18405251281590795,7.362100512636318,0.12270167521060531,0,28.607022905213537,28.48432123000293
2024-01-12T19:32:00Z,190.670959472656,92.3530197143555,848.252990722656,7000,6972.55,7000,15.62,14.84,7350,2024-01-12,19,283.0239791870115,0.32630810993344184,-0.17369189006655816,0.3473837801331163,13.895351205324653,0.23158918675541088,0,28.838612091968947,28.607022905213537
2024-01-12T19:33:00Z,219.042984008789,65.8330154418945,819.557067871094,7000,6972.55,7000,15.62,14.84,7350,2024-01-12,19,284.8759994506835,0.2310935830636418,-0.2689064169363582,0.5378128338727164,21.512513354908656,0.3585418892484776,0,29.197153981217426,28.838612091968947
2024-01-12T19:34:00Z,272.174987792969,15.7820062637329,770.255981445313,7000,6972.55,7000,15.62,14.84,7350,2024-01-12,19,287.9569940567019,0.05480681695345538,-0.44519318304654465,0.8903863660930893,35.615454643723574,0.5935909107287263,0,29.79074489194615,29.197153981217426
2024-01-12T19:35:00Z,273.596984863281,13.4870185852051,769.486999511719,7000,6972.55,7000,15.62,14.84,7350,2024-01-12,19,287.0840034484861,0.0469793454988696,-0.4530206545011304,0.9060413090022608,36.24165236009043,0.6040275393348404,0,30.39477243128099,29.79074489194615
2024-01-12T19:36:00Z,261.81298828125,22.3840389251709,778.384033203125,7000,6972.55,7000,15.62,14.84,7350,2024-01-12,19,284.1970272064209,0.07876239644446631,-0.4212376035555337,0.8424752071110674,33.6990082844427,0.561650138074045,0,30.956422569355038,30.39477243128099
2024-01-12T19:37:00Z,272.088012695313,13.0930118560791,768.320068359375,7000,6972.55,7000,15.62,14.84,7350,2024-01-12,19,285.1810245513921,0.04591123086353743,-0.45408876913646257,0.9081775382729251,36.327101530917005,0.60545169218195,0,31.56187426153699,30.956422569355038
2024-01-12T19:38:00Z,272.908996582031,15.919017791748,769.575073242188,7000,6972.55,7000,15.62,14.84,7350,2024-01-12,19,288.828014373779,0.05511590635092215,-0.4448840936490778,0.8897681872981557,35.590727491926224,0.5931787915321037,0,32.15505305306909,31.56187426153699
2024-01-12T19:39:00Z,219.897979736328,70.0660171508789,824.368041992187,7000,6972.55,7000,15.62,14.84,7350,2024-01-12,19,289.9639968872069,0.24163695459796647,-0.25836304540203353,0.5167260908040671,20.669043632162683,0.34448406053604474,0,32.499537113605136,32.15505305306909
2024-01-12T19:40:00Z,169.255966186523,116.80004119873,872.800048828125,7000,6972.55,7000,15.62,14.84,7350,2024-01-12,19,286.056007385253,0.40831179273724066,-0.09168820726275934,0.18337641452551867,7.335056581020747,0.12225094301701245,0,32.62178805662215,32.499537113605136
2024-01-12T19:41:00Z,164.942962646484,121.20002746582,877.200012207031,7000,6972.55,7000,15.62,14.84,7350,2024-01-12,19,286.142990112304,0.42356455217809813,-0.07643544782190187,0.15287089564380374,6.11483582575215,0.10191393042920249,0,32.723701987051356,32.62178805662215
2024-01-12T19:42:00Z,179.960998535156,106.40901184082,862.409057617188,7000,6972.55,7000,15.62,14.84,7350,2024-01-12,19,286.370010375976,0.3715787547065955,-0.12842124529340448,0.25684249058680897,10.273699623472359,0.17122832705787264,0,32.89493031410923,32.723701987051356
2024-01-12T19:43:00Z,176.835983276367,109.602020263672,865.601989746094,7000,6972.55,7000,15.62,14.84,7350,2024-01-12,19,286.438003540039,0.3826378445217433,-0.11736215547825668,0.23472431095651336,9.388972438260534,0.1564828739710089,0,33.05141318808024,32.89493031410923
2024-01-12T19:44:00Z,200.561996459961,86.0820083618164,842.081970214844,7000,6972.55,7000,15.62,14.84,7350,2024-01-12,19,286.6440048217774,0.3003098160568137,-0.19969018394318627,0.39938036788637254,15.975214715454902,0.26625357859091503,0,33.31766676667115,33.05141318808024
2024-01-12T19:45:00Z,210.863998413086,75.713020324707,831.313049316406,7000,6972.55,7000,15.62,14.84,7350,2024-01-12,19,286.57701873779297,0.264197808526934,-0.23580219147306603,0.47160438294613205,18.86417531784528,0.314402921964088,0,33.63206968863524,33.31766676667115
2024-01-12T19:46:00Z,203.869979858398,82.2480163574219,837.130004882813,7000,6972.55,7000,15.62,14.84,7350,2024-01-12,19,286.1179962158199,0.2874618774255007,-0.21253812257449928,0.42507624514899855,17.003049805959943,0.2833841634326657,0,33.915453852067905,33.63206968863524
2024-01-12T19:47:00Z,216.033966064453,70.3420028686523,825.766052246094,7000,6972.55,7000,15.62,14.84,7350,2024-01-12,19,286.3759689331053,0.2456281619254286,-0.2543718380745714,0.5087436761491428,20.349747045965714,0.33916245076609525,0,34.254616302834,33.915453852067905
2024-01-12T19:48:00Z,209.865997314453,76.5530166625977,832.210021972656,7000,6972.55,7000,15.62,14.84,7350,2024-01-12,19,286.4190139770507,0.2672763082297724,-0.23272369177022761,0.46544738354045523,18.61789534161821,0.3102982556936368,0,34.56491455852764,34.254616302834
2024-01-12T19:49:00Z,220.554016113281,66.2500076293945,822.25,7000,6972.55,7000,15.62,14.84,7350,2024-01-12,19,286.8040237426755,0.23099399640513732,-0.2690060035948627,0.5380120071897254,21.520480287589017,0.35867467145981696,0,34.923589229987456,34.56491455852764
2024-01-12T19:50:00Z,248.184005737305,40.1720199584961,795.671997070313,7000,6972.55,7000,15.62,14.84,7350,2024-01-12,19,288.3560256958011,0.13931396044719818,-0.3606860395528018,0.7213720791056036,28.854883164224145,0.48091471940373576,0,35.40450394939119,34.923589229987456
2024-01-12T19:51:00Z,239.001983642578,48.212028503418,803.612060546875,7000,6972.55,7000,15.62,14.84,7350,2024-01-12,19,287.214012145996,0.16786099028800505,-0.33213900971199495,0.6642780194239899,26.571120776959596,0.4428520129493266,0,35.847355962340515,35.40450394939119
2024-01-12T19:52:00Z,245.449981689453,42.5950126647949,798.330017089844,7000,6972.55,7000,15.62,14.84,7350,2024-01-12,19,288.04499435424793,0.14787624676584396,-0.352123753234156,0.704247506468312,28.169900258732483,0.4694983376455414,0,36.316854299986055,35.847355962340515
2024-01-12T19:53:00Z,277.534027099609,12.7000007629395,766.865966796875,7000,6972.55,7000,15.62,14.84,7350,2024-01-12,19,290.2340278625485,0.04375779386197291,-0.4562422061380271,0.9124844122760541,36.49937649104216,0.6083229415173694,0,36.92517724150343,36.316854299986055
2024-01-12T19:54:00Z,281.0830078125,7.38401412963867,762.984008789063,7000,6972.55,7000,15.62,14.84,7350,2024-01-12,19,288.4670219421387,0.025597429057661127,-0.4744025709423389,0.9488051418846778,37.95220567538711,0.6325367612564519,0,37.55771400275988,36.92517724150343
2024-01-12T19:55:00Z,280.847991943359,8.32400512695313,762.651977539063,7000,6972.55,7000,15.62,14.84,7350,2024-01-12,19,289.1719970703121,0.028785654251746756,-0.47121434574825327,0.9424286914965065,37.69714765986026,0.6282857943310044,0,38.185999797090886,37.55771400275988
2024-01-12T19:56:00Z,284.247985839844,4.28502082824707,759.279052734375,7000,6972.55,7000,15.62,14.84,7350,2024-01-12,19,288.53300666809105,0.014851059425503682,-0.4851489405744963,0.9702978811489926,38.8119152459597,0.6468652540993284,0,38.83286505119022,38.185999797090886
2024-01-12T19:57:00Z,284.457000732422,4.22501564025879,759.325012207031,7000,6972.55,7000,15.62,14.84,7350,2024-01-12,19,288.6820163726808,0.01463553460429072,-0.48536446539570927,0.9707289307914185,38.829157231656744,0.6471526205276124,0,39.48001767171783,38.83286505119022
2024-01-12T19:58:00Z,280.613983154297,7.01801490783691,762.690063476563,7000,6972.55,7000,15.62,14.84,7350,2024-01-12,19,287.6319980621339,0.024399284346385157,-0.47560071565361484,0.9512014313072297,38.04805725228918,0.634134287538153,0,40.114151959255985,39.48001767171783
2024-01-12T19:59:00Z,218.744003295898,67.3820037841797,823.381958007812,7000,6972.55,7000,15.62,14.84,7350,2024-01-12,19,286.1260070800777,0.23549765528766348,-0.2645023447123365,0.529004689424673,21.16018757698692,0.352669792949782,0,40.46682175220577,40.114151959255985
2024-01-12T20:00:00Z,184.684982299805,98.9950180053711,854.994995117188,7297.27,7131.96,7297.27,98.38,93.46,7662.13,2024-01-12,20,283.6800003051761,0.34896720917539,-0.15103279082461002,0.30206558164922004,12.082623265968802,0.20137705443281337,0,40.66819880663858,40.46682175220577
2024-01-12T20:01:00Z,144.700973510742,122.492004394531,828.4990234375,7297.27,7131.96,7297.27,98.38,93.46,7662.13,2024-01-12,20,267.192977905273,0.4584402081029153,-0.0415597918970847,0.0831195837941694,3.3247833517667758,0.055413055862779594,0,40.72361186250136,40.66819880663858
2024-01-12T20:02:00Z,65.7679977416992,201.722030639648,908.322021484375,7297.27,7131.96,7297.27,98.38,93.46,7662.13,2024-01-12,20,267.4900283813472,0.754129160852542,0.254129160852542,-0.508258321705084,-20.33033286820336,0,0.33883888113672267,40.384772981364634,40.72361186250136
2024-01-12T20:03:00Z,10.7879962921143,255.948013305664,962.547973632813,7297.27,7131.96,7297.27,98.38,93.46,7662.13,2024-01-12,20,266.7360095977783,0.9595555309221955,0.4595555309221955,-0.919111061844391,-36.76444247377564,0,0.6127407078962607,39.772032273468376,40.384772981364634
2024-01-12T20:04:00Z,10.4609851837158,255.139022827148,961.739013671875,7297.27,7131.96,7297.27,98.38,93.46,7662.13,2024-01-12,20,265.6000080108638,0.9606137617914232,0.4606137617914232,-0.9212275235828464,-36.84910094331386,0,0.6141516823885643,39.15788059107981,39.772032273468376
2024-01-12T20:05:00Z,9.19497680664063,255.69401550293,962.294067382813,7297.27,7131.96,7297.27,98.38,93.46,7662.13,2024-01-12,20,264.88899230957065,0.9652874333264303,0.4652874333264303,-0.9305748666528606,-37.222994666114424,0,0.6203832444352404,38.53749734664457,39.15788059107981
2024-01-12T20:06:00Z,10.0149879455566,255.23600769043,961.835998535156,7297.27,7131.96,7297.27,98.38,93.46,7662.13,2024-01-12,20,265.2509956359866,0.9622433539917772,0.4622433539917772,-0.9244867079835544,-36.979468319342175,0,0.6163244719890363,37.92117287465553,38.53749734664457
2024-01-12T20:07:00Z,17.1290054321289,249.704025268555,956.304077148438,7297.27,7131.96,7297.27,98.38,93.46,7662.13,2024-01-12,20,266.8330307006839,0.935806277854172,0.43580627785417203,-0.8716125557083441,-34.86450222833376,0,0.5810750371388961,37.34009783751664,37.92117287465553
2024-01-12T20:08:00Z,22.1889820098877,244.191009521484,950.791015625,7297.27,7131.96,7297.27,98.38,93.46,7662.13,2024-01-12,20,266.37999153137173,0.9167017692195004,0.4167017692195004,-0.8334035384390008,-33.33614153756003,0,0.5556023589593339,36.784495478557304,37.34009783751664
2024-01-12T20:09:00Z,22.6999893188477,242.940032958984,949.5400390625,7297.27,7131.96,7297.27,98.38,93.46,7662.13,2024-01-12,20,265.6400222778317,0.9145460494838166,0.41454604948381657,-0.8290920989676331,-33.16368395870533,0,0.5527280659784222,36.23176741257888,36.784495478557304
2024-01-12T20:10:00Z,27.8339939117432,238.586029052734,945.18603515625,7297.27,7131.96,7297.27,98.38,93.46,7662.13,2024-01-12,20,266.4200229644772,0.8955258932792209,0.39552589327922094,-0.7910517865584419,-31.642071462337675,0,0.5273678577056279,35.704399554873255,36.23176741257888
2024-01-12T20:11:00Z,12.9009838104248,253.202026367188,959.802001953125,7297.27,7131.96,7297.27,98.38,93.46,7662.13,2024-01-12,20,266.1030101776128,0.9515188354997791,0.4515188354997791,-0.9030376709995582,-36.12150683998233,0,0.6020251139997055,35.10237444087355,35.704399554873255
2024-01-12T20:12:00Z,11.7909965515137,255.743011474609,962.343017578125,7297.27,7131.96,7297.27,98.38,93.46,7662.13,2024-01-12,20,267.5340080261227,0.955927111328731,0.455927111328731,-0.911854222657462,-36.47416890629848,0,0.6079028151049747,34.494471625768576,35.10237444087355
2024-01-12T20:13:00Z,5.54198837280273,262.671081542969,969.27099609375,7297.27,7131.96,7297.27,98.38,93.46,7662.13,2024-01-12,20,268.2130699157717,0.9793373664656122,0.4793373664656122,-0.9586747329312244,-38.346989317248976,0,0.6391164886208163,33.85535513714776,34.494471625768576
2024-01-12T20:14:00Z,5.79598808288574,261.709014892578,968.30908203125,7297.27,7131.96,7297.27,98.38,93.46,7662.13,2024-01-12,20,267.50500297546375,0.9783331600590014,0.4783331600590014,-0.9566663201180028,-38.26665280472011,0,0.6377775467453352,33.21757759040243,33.85535513714776
2024-01-12T20:15:00Z,5.44598007202148,262.101989746094,968.702026367188,7297.27,7131.96,7297.27,98.38,93.46,7662.13,2024-01-12,20,267.54796981811546,0.9796448462093591,0.4796448462093591,-0.9592896924187182,-38.371587696748726,0,0.6395264616124787,32.57805112878995,33.21757759040243
2024-01-12T20:16:00Z,20.1879940032959,247.865020751953,954.465026855469,7297.27,7131.96,7297.27,98.38,93.46,7662.13,2024-01-12,20,268.0530147552489,0.9246865623886792,0.4246865623886792,-0.8493731247773584,-33.97492499109433,0,0.5662487498515723,32.01180237893838,32.57805112878995
2024-01-12T20:17:00Z,21.6699924468994,245.38801574707,951.988037109375,7297.27,7131.96,7297.27,98.38,93.46,7662.13,2024-01-12,20,267.0580081939694,0.9188566087441196,0.41885660874411956,-0.8377132174882391,-33.50852869952956,0,0.5584754783254927,31.453326900612883,32.01180237893838
2024-01-12T20:18:00Z,19.0979843139648,248.43701171875,955.037109375,7297.27,7131.96,7297.27,98.38,93.46,7662.13,2024-01-12,20,267.5349960327148,0.9286150051500947,0.42861500515009465,-0.8572300103001893,-34.289200412007574,0,0.5714866735334596,30.881840227079422,31.453326900612883
2024-01-12T20:19:00Z,5.4179801940918,262.906005859375,969.506042480469,7297.27,7131.96,7297.27,98.38,93.46,7662.13,2024-01-12,20,268.3239860534668,0.9798080660854069,0.47980806608540694,-0.9596161321708139,-38.38464528683255,0,0.6397440881138758,30.242096138965547,30.881840227079422
2024-01-12T20:20:00Z,3.78298950195313,263.493988037109,969.817077636719,7297.27,7131.96,7297.27,98.38,93.46,7662.13,2024-01-12,20,267.2769775390621,0.9858461827248093,0.4858461827248093,-0.9716923654496186,-38.86769461798474,0,0.6477949102997457,29.594301228665802,30.242096138965547
2024-01-12T20:21:00Z,3.83199310302734,264.768035888672,971.368041992188,7297.27,7131.96,7297.27,98.38,93.46,7662.13,2024-01-12,20,268.60002899169933,0.9857334598309155,0.48573345983091554,-0.9714669196618311,-38.85867678647324,0,0.6476446131078873,28.946656615557917,29.594301228665802
2024-01-12T20:22:00Z,5.53299903869629,262.067016601562,968.6669921875,7297.27,7131.96,7297.27,98.38,93.46,7662.13,2024-01-12,20,267.6000156402583,0.9793236221400882,0.47932362214008817,-0.9586472442801763,-38.345889771207055,0,0.6390981628534509,28.307558452704466,28.946656615557917
2024-01-12T20:23:00Z,3.96200370788574,263.967987060547,970.567993164063,7297.27,7131.96,7297.27,98.38,93.46,7662.13,2024-01-12,20,267.92999076843273,0.9852125411697191,0.4852125411697191,-0.9704250823394382,-38.81700329357753,0,0.6469500548929588,27.660608397811508,28.307558452704466
2024-01-12T20:24:00Z,2.697998046875,265.967041015625,972.566955566406,7297.27,7131.96,7297.27,98.38,93.46,7662.13,2024-01-12,20,268.6650390625,0.9899577628101908,0.48995776281019077,-0.9799155256203815,-39.19662102481526,0,0.6532770170802543,27.007331380731255,27.660608397811508
2024-01-12T20:25:00Z,2.07799530029297,265.787994384766,972.388061523437,7297.27,7131.96,7297.27,98.38,93.46,7662.13,2024-01-12,20,267.865989685059,0.9922424070979069,0.4922424070979069,-0.9844848141958138,-39.379392567832554,0,0.6563232094638759,26.35100817126738,27.007331380731255
2024-01-12T20:26:00Z,2.60000610351563,266.935028076172,973.535034179688,7297.27,7131.96,7297.27,98.38,93.46,7662.13,2024-01-12,20,269.5350341796876,0.9903537359756271,0.49035373597562715,-0.9807074719512543,-39.22829887805017,0,0.6538049813008361,25.697203189966544,26.35100817126738
2024-01-12T20:27:00Z,1.62299537658691,267.719970703125,974.096923828125,7297.27,7131.96,7297.27,98.38,93.46,7662.13,2024-01-12,20,269.3429660797119,0.9939742425792304,0.4939742425792304,-0.9879484851584608,-39.51793940633843,0,0.6586323234389738,25.03857086652757,25.697203189966544
2024-01-12T20:28:00Z,17.4439926147461,250.40202331543,956.258056640625,7297.27,7131.96,7297.27,98.38,93.46,7662.13,2024-01-12,20,267.8460159301761,0.934873055497329,0.434873055497329,-0.869746110994658,-34.78984443978632,0,0.5798307406631054,24.458740125864466,25.03857086652757
2024-01-12T20:29:00Z,30.1719856262207,237.467010498047,944.067016601563,7297.27,7131.96,7297.27,98.38,93.46,7662.13,2024-01-12,20,267.6389961242677,0.8872661082161154,0.3872661082161154,-0.7745322164322308,-30.981288657289234,0,0.5163548109548206,23.942385314909647,24.458740125864466
2024-01-12T20:30:00Z,102.002998352051,166.190002441406,870.9970703125,7297.27,7131.96,7297.27,98.38,93.46,7662.13,2024-01-12,20,268.193000793457,0.619665695785229,0.11966569578522901,-0.23933139157045802,-9.57325566281832,0,0.159554261046972,23.782831053862676,23.942385314909647
2024-01-12T20:31:00Z,196.304992675781,73.3710021972656,779.971008300781,7297.27,7131.96,7297.27,98.38,93.46,7662.13,2024-01-12,20,269.6759948730466,0.27207094288019934,-0.22792905711980066,0.4558581142396013,18.234324569584054,0.30390540949306755,0,24.086736463355745,23.782831053862676
2024-01-12T20:32:00Z,207.983978271484,60.9720191955566,767.572021484375,7297.27,7131.96,7297.27,98.38,93.46,7662.13,2024-01-12,20,268.9559974670406,0.22669886438590556,-0.2733011356140944,0.5466022712281888,21.864090849127553,0.3644015141521259,0,24.45113797750787,24.086736463355745
2024-01-12T20:33:00Z,205.647979736328,63.4190254211426,770.01904296875,7297.27,7131.96,7297.27,98.38,93.46,7662.13,2024-01-12,20,269.0670051574706,0.23569974841035163,-0.26430025158964837,0.5286005031792967,21.14402012717187,0.35240033545286453,0,24.803538312960733,24.45113797750787
2024-01-12T20:34:00Z,198.927978515625,69.041015625,774.68603515625,7297.27,7131.96,7297.27,98.38,93.46,7662.13,2024-01-12,20,267.968994140625,0.25764553785938604,-0.24235446214061396,0.4847089242812279,19.388356971249117,0.32313928285415194,0,25.126677595814883,24.803538312960733
2024-01-12T20:35:00Z,207.130996704102,60.4030113220215,767.003051757813,7297.27,7131.96,7297.27,98.38,93.46,7662.13,2024-01-12,20,267.5340080261235,0.22577694614481839,-0.27422305385518164,0.5484461077103633,21.937844308414533,0.3656307384735756,0,25.49230833428846,25.126677595814883
2024-01-12T20:36:00Z,190.552978515625,77.2630310058594,783.863037109375,7297.27,7131.96,7297.27,98.38,93.46,7662.13,2024-01-12,20,267.8160095214844,0.2884929513508464,-0.2115070486491536,0.4230140972983072,16.92056389193229,0.2820093981988715,0,25.77431773248733,25.49230833428846
2024-01-12T20:37:00Z,149.936981201172,117.255020141602,823.855041503906,7297.27,7131.96,7297.27,98.38,93.46,7662.13,2024-01-12,20,267.192001342774,0.43884180496548036,-0.061158195034519636,0.12231639006903927,4.892655602761571,0.08154426004602618,0,25.855861992533356,25.77431773248733
2024-01-12T20:38:00Z,115.786979675293,150.590026855469,857.190063476562,7297.27,7131.96,7297.27,98.38,93.46,7662.13,2024-01-12,20,266.377006530762,0.5653266729614608,0.06532667296146077,-0.13065334592292155,-5.226133836916862,0,0.08710223061528104,25.768759761918076,25.855861992533356
2024-01-12T20:39:00Z,116.026969909668,151.427032470703,858.027038574219,7297.27,7131.96,7297.27,98.38,93.46,7662.13,2024-01-12,20,267.454002380371,0.5661797210846921,0.06617972108469206,-0.1323594421693841,-5.2943776867753645,0,0.08823962811292274,25.680520133805153,25.768759761918076
2024-01-12T20:40:00Z,119.528984069824,146.474014282227,853.074035644531,7297.27,7131.96,7297.27,98.38,93.46,7662.13,2024-01-12,20,266.002998352051,0.5506479821267684,0.050647982126768354,-0.10129596425353671,-4.051838570141468,0,0.06753064283569114,25.61298949096946,25.680520133805153
2024-01-12T20:41:00Z,141.733978271484,124.358024597168,830.9580078125,7297.27,7131.96,7297.27,98.38,93.46,7662.13,2024-01-12,20,266.092002868652,0.4673497258711433,-0.03265027412885668,0.06530054825771336,2.6120219303085346,0.043533698838475576,0,25.656523189807938,25.61298949096946
2024-01-12T20:42:00Z,177.888977050781,89.233024597168,795.8330078125,7297.27,7131.96,7297.27,98.38,93.46,7662.13,2024-01-12,20,267.122001647949,0.33405344391950104,-0.16594655608049896,0.3318931121609979,13.275724486439916,0.2212620747739986,0,25.877785264581938,25.656523189807938
2024-01-12T20:43:00Z,183.730987548828,83.8240127563477,790.424011230469,7297.27,7131.96,7297.27,98.38,93.46,7662.13,2024-01-12,20,267.5550003051757,0.31329637891550244,-0.18670362108449756,0.3734072421689951,14.936289686759805,0.24893816144599676,0,26.126723426027933,25.877785264581938
2024-01-12T20:44:00Z,183.676971435547,84.7510375976563,791.151000976563,7297.27,7131.96,7297.27,98.38,93.46,7662.13,2024-01-12,20,268.4280090332033,0.31573097719162757,-0.18426902280837243,0.36853804561674486,14.741521824669794,0.24569203041116325,0,26.372415456439096,26.126723426027933
2024-01-12T20:45:00Z,179.417984008789,89.6420364379883,796.242004394531,7297.27,7131.96,7297.27,98.38,93.46,7662.13,2024-01-12,20,269.0600204467773,0.3331674333821006,-0.1668325666178994,0.3336651332357988,13.346605329431952,0.2224434221571992,0,26.594858878596295,26.372415456439096
2024-01-12T20:46:00Z,179.621994018555,88.3080215454102,794.908020019531,7297.27,7131.96,7297.27,98.38,93.46,7662.13,2024-01-12,20,267.9300155639652,0.3295936118225906,-0.17040638817740938,0.34081277635481877,13.63251105419275,0.22720851756987917,0,26.822067396166172,26.594858878596295
2024-01-12T20:47:00Z,170.899993896484,97.9140167236328,804.513977050781,7297.27,7131.96,7297.27,98.38,93.46,7662.13,2024-01-12,20,268.8140106201168,0.3642444696158459,-0.1357555303841541,0.2715110607683082,10.860442430732329,0.1810073738455388,0,27.00307477001171,26.822067396166172
2024-01-12T20:48:00Z,170.838989257813,96.7140197753906,803.213989257813,7297.27,7131.96,7297.27,98.38,93.46,7662.13,2024-01-12,20,267.5530090332036,0.3614761057065454,-0.13852389429345457,0.27704778858690915,11.081911543476366,0.1846985257246061,0,27.187773295736317,27.00307477001171
2024-01-12T20:49:00Z,165.35498046875,102.473030090332,809.073059082031,7297.27,7131.96,7297.27,98.38,93.46,7662.13,2024-01-12,20,267.82801055908203,0.3826075916272647,-0.11739240837273529,0.23478481674547058,9.391392669818824,0.15652321116364706,0,27.344296506899965,27.187773295736317
2024-01-12T20:50:00Z,167.954986572266,99.3540191650391,805.953979492188,7297.27,7131.96,7297.27,98.38,93.46,7662.13,2024-01-12,20,267.3090057373051,0.37168227419422656,-0.12831772580577344,0.2566354516115469,10.265418064461876,0.1710903010743646,0,27.51538680797433,27.344296506899965
2024-01-12T20:51:00Z,188.744979858398,88.8690185546875,795.469055175781,7297.27,7131.96,7297.27,98.38,93.46,7662.13,2024-01-12,20,277.6139984130855,0.32011720973252844,-0.17988279026747156,0.3597655805349431,14.390623221397725,0.23984372035662874,0,27.75523052833096,27.51538680797433
2024-01-12T20:52:00Z,185.857971191406,91.5050201416016,798.105041503906,7297.27,7131.96,7297.27,98.38,93.46,7662.13,2024-01-12,20,277.3629913330076,0.32991070546877266,-0.17008929453122734,0.3401785890624547,13.607143562498187,0.22678572604163647,0,27.982016254372596,27.75523052833096
2024-01-12T20:53:00Z,233.817962646484,46.2580299377441,752.557983398438,7297.27,7131.96,7297.27,98.38,93.46,7662.13,2024-01-12,20,280.0759925842281,0.16516242435107242,-0.3348375756489276,0.6696751512978552,26.787006051914204,0.44645010086523673,0,28.428466355237834,27.982016254372596
2024-01-12T20:54:00Z,250.69596862793,28.508020401001,734.904052734375,7297.27,7131.96,7297.27,98.38,93.46,7662.13,2024-01-12,20,279.203989028931,0.10210463145656208,-0.39789536854343793,0.7957907370868759,31.831629483475034,0.5305271580579173,0,28.958993513295752,28.428466355237834
2024-01-12T20:55:00Z,265.050018310547,14.3400077819824,720.839965820312,7297.27,7131.96,7297.27,98.38,93.46,7662.13,2024-01-12,20,279.3900260925294,0.05132612635654082,-0.4486738736434592,0.8973477472869184,35.89390989147673,0.5982318315246122,0,29.557225344820363,28.958993513295752
2024-01-12T20:56:00Z,273.857971191406,6.44701385498047,711.461975097656,7297.27,7131.96,7297.27,98.38,93.46,7662.13,2024-01-12,20,280.3049850463865,0.02299999714209,-0.47700000285791,0.95400000571582,38.160000228632796,0.6360000038105466,0,30.19322534863091,29.557225344820363
2024-01-12T20:57:00Z,273.343994140625,6.04401302337646,711.633972167969,7297.27,7131.96,7297.27,98.38,93.46,7662.13,2024-01-12,20,279.38800716400146,0.021633043897366037,-0.47836695610263397,0.9567339122052679,38.26935648821072,0.6378226081368453,0,30.831047956767755,30.19322534863091
2024-01-12T20:58:00Z,273.067016601563,5.41501712799072,711.663024902344,7297.27,7131.96,7297.27,98.38,93.46,7662.13,2024-01-12,20,278.48203372955373,0.01944476293666213,-0.48055523706333786,0.9611104741266757,38.44441896506703,0.6407403160844505,0,31.471788272852205,30.831047956767755
2024-01-12T20:59:00Z,272.06298828125,6.69201183319092,713.2919921875,7297.27,7131.96,7297.27,98.38,93.46,7662.13,2024-01-12,20,278.7550001144409,0.02400678671393719,-0.4759932132860628,0.9519864265721256,38.07945706288503,0.6346576177147505,0,32.10644589056695,31.471788272852205
2024-01-12T21:00:00Z,273.851013183594,5.41900634765625,711.820983886719,7212.69,7128.37,7212.69,187.3,177.94,7573.32,2024-01-12,21,279.2700195312502,0.01940418222031837,-0.48059581777968163,0.9611916355593633,38.44766542237453,0.6407944237062421,0,32.74724031427319,32.10644589056695
2024-01-12T21:01:00Z,225.502975463867,182.376022338867,1106.89709472656,7212.69,7128.37,7212.69,187.3,177.94,7573.32,2024-01-12,21,407.878997802734,0.4471326626801978,-0.0528673373198022,0.1057346746396044,4.229386985584176,0.0704897830930696,0,32.81773009736626,32.74724031427319
2024-01-12T21:02:00Z,65.6019821166992,325.569030761719,1241.46899414062,7212.69,7128.37,7212.69,187.3,177.94,7573.32,2024-01-12,21,391.1710128784182,0.8322933449644714,0.3322933449644714,-0.6645866899289428,-26.58346759715771,0,0.44305779328596184,32.3746723040803,32.81773009736626
2024-01-12T21:03:00Z,12.2269706726074,383.196044921875,1299.09594726563,7212.69,7128.37,7212.69,187.3,177.94,7573.32,2024-01-12,21,395.4230155944824,0.9690787582148569,0.4690787582148569,-0.9381575164297138,-37.52630065718855,0,0.6254383442864758,31.749233959793823,32.3746723040803
2024-01-12T21:04:00Z,11.9999961853027,387.003051757813,1302.90295410156,7212.69,7128.37,7212.69,187.3,177.94,7573.32,2024-01-12,21,399.0030479431157,0.969925051331905,0.469925051331905,-0.93985010266381,-37.5940041065524,0,0.6265667351092066,31.122667224684616,31.749233959793823
2024-01-12T21:05:00Z,8.99999237060547,389.81103515625,1305.7109375,7212.69,7128.37,7212.69,187.3,177.94,7573.32,2024-01-12,21,398.81102752685547,0.977432940040758,0.477432940040758,-0.954865880081516,-38.19463520326064,0,0.6365772533876773,30.486089971296938,31.122667224684616
2024-01-12T21:06:00Z,12.4999942779541,387.324035644531,1303.22399902344,7212.69,7128.37,7212.69,187.3,177.94,7573.32,2024-01-12,21,399.8240299224851,0.9687362605985,0.46873626059850004,-0.9374725211970001,-37.49890084788,0,0.624981680798,29.861108290498937,30.486089971296938
2024-01-12T21:07:00Z,65.4000015258789,327.585998535156,1243.48608398438,7212.69,7128.37,7212.69,187.3,177.94,7573.32,2024-01-12,21,392.98600006103493,0.8335818540209534,0.3335818540209534,-0.6671637080419068,-26.686548321676273,0,0.4447758053612712,29.416332485137666,29.861108290498937
2024-01-12T21:08:00Z,140.899993896484,250.63801574707,1166.5380859375,7212.69,7128.37,7212.69,187.3,177.94,7573.32,2024-01-12,21,391.538009643554,0.640137124810039,0.14013712481003904,-0.2802742496200781,-11.210969984803123,0,0.18684949974671872,29.22948298539095,29.416332485137666
2024-01-12T21:09:00Z,166.54899597168,224.176025390625,1140.07592773438,7212.69,7128.37,7212.69,187.3,177.94,7573.32,2024-01-12,21,390.72502136230503,0.5737437152322906,0.07374371523229062,-0.14748743046458124,-5.8994972185832495,0,0.09832495364305416,29.131158031747894,29.22948298539095
2024-01-12T21:10:00Z,194.300018310547,196.814025878906,1112.71398925781,7212.69,7128.37,7212.69,187.3,177.94,7573.32,2024-01-12,21,391.114044189453,0.5032139060278046,0.0032139060278045806,-0.006427812055609161,-0.25711248222436645,0,0.004285208037072774,29.126872823710823,29.131158031747894
2024-01-12T21:11:00Z,223.2080078125,166.594024658203,1082.49401855469,7212.69,7128.37,7212.69,187.3,177.94,7573.32,2024-01-12,21,389.802032470703,0.427381108308418,-0.07261889169158198,0.14523778338316395,5.809511335326558,0.0968251889221093,0,29.223698012632934,29.126872823710823
2024-01-12T21:12:00Z,244.500015258789,146.543014526367,1062.44287109375,7212.69,7128.37,7212.69,187.3,177.94,7573.32,2024-01-12,21,391.043029785156,0.37474907712043753,-0.12525092287956247,0.25050184575912493,10.020073830364996,0.16700123050608326,0,29.390699243139018,29.223698012632934
2024-01-12T21:13:00Z,250.245986938477,140.775024414063,1056.67504882813,7212.69,7128.37,7212.69,187.3,177.94,7573.32,2024-01-12,21,391.02101135254,0.3600190790953223,-0.13998092090467767,0.27996184180935535,11.198473672374213,0.18664122787290355,0,29.577340471011922,29.390699243139018
2024-01-12T21:14:00Z,263.682983398438,127.343017578125,1043.24304199219,7212.69,7128.37,7212.69,187.3,177.94,7573.32,2024-01-12,21,391.026000976563,0.3256638107442824,-0.1743361892557176,0.3486723785114352,13.946895140457407,0.23244825234095678,0,29.80978872335288,29.577340471011922
2024-01-12T21:15:00Z,297.086975097656,95.7380142211914,1011.63806152344,7212.69,7128.37,7212.69,187.3,177.94,7573.32,2024-01-12,21,392.82498931884743,0.2437167105565246,-0.2562832894434754,0.5125665788869508,20.502663155478032,0.3417110525913005,0,30.15149977594418,29.80978872335288
2024-01-12T21:16:00Z,294.855987548828,96.4190139770508,1012.31903076172,7212.69,7128.37,7212.69,187.3,177.94,7573.32,2024-01-12,21,391.2750015258788,0.24642262756639124,-0.2535773724336088,0.5071547448672176,20.286189794688703,0.3381031632448117,0,30.48960293918899,30.15149977594418
2024-01-12T21:17:00Z,290.550964355469,99.5410079956055,1015.44097900391,7212.69,7128.37,7212.69,187.3,177.94,7573.32,2024-01-12,21,390.09197235107445,0.2551731772270892,-0.2448268227729108,0.4896536455458216,19.586145821832865,0.32643576369721444,0,30.816038702886207,30.48960293918899
2024-01-12T21:18:00Z,273.969970703125,115.952026367188,1031.85205078125,7212.69,7128.37,7212.69,187.3,177.94,7573.32,2024-01-12,21,389.921997070313,0.297372364827827,-0.20262763517217303,0.40525527034434605,16.21021081377384,0.270170180229564,0,31.08620888311577,30.816038702886207
2024-01-12T21:19:00Z,253.005966186523,136.76203918457,1052.662109375,7212.69,7128.37,7212.69,187.3,177.94,7573.32,2024-01-12,21,389.768005371093,0.35088061949661736,-0.14911938050338264,0.2982387610067653,11.92955044027061,0.19882584067117684,0,31.285034723786946,31.08620888311577
2024-01-12T21:20:00Z,236.547973632813,153.385025024414,1069.28491210938,7212.69,7128.37,7212.69,187.3,177.94,7573.32,2024-01-12,21,389.932998657227,0.39336251497721547,-0.10663748502278453,0.21327497004556906,8.530998801822761,0.14218331336371268,0,31.42721803715066,31.285034723786946
2024-01-12T21:21:00Z,251.087997436523,138.300003051758,1054.01196289063,7212.69,7128.37,7212.69,187.3,177.94,7573.32,2024-01-12,21,389.388000488281,0.35517273998770865,-0.14482726001229135,0.2896545200245827,11.586180800983307,0.19310301334972177,0,31.62032105050038,31.42721803715066
2024-01-12T21:22:00Z,303.203002929687,87.9710311889648,1003.87097167969,7212.69,7128.37,7212.69,187.3,177.94,7573.32,2024-01-12,21,391.1740341186518,0.22488975114918092,-0.2751102488508191,0.5502204977016382,22.008819908065526,0.3668136651344254,0,31.987134715634806,31.62032105050038
2024-01-12T21:23:00Z,311.52099609375,79.4950256347656,994.9951171875,7212.69,7128.37,7212.69,187.3,177.94,7573.32,2024-01-12,21,391.0160217285156,0.20330375538923412,-0.2966962446107659,0.5933924892215318,23.73569956886127,0.3955949928143545,0,32.38272970844916,31.987134715634806
2024-01-12T21:24:00Z,291.966003417969,98.5640182495117,1014.46398925781,7212.69,7128.37,7212.69,187.3,177.94,7573.32,2024-01-12,21,390.5300216674807,0.2523852528127394,-0.24761474718726062,0.49522949437452124,19.809179774980848,0.3301529962496808,0,32.71288270469884,32.38272970844916
2024-01-12T21:25:00Z,281.283996582031,110.317016601563,1026.21704101562,7212.69,7128.37,7212.69,187.3,177.94,7573.32,2024-01-12,21,391.60101318359403,0.28170768942786967,-0.21829231057213033,0.43658462114426067,17.463384845770427,0.2910564140961738,0,33.00393911879502,32.71288270469884
2024-01-12T21:26:00Z,274.768981933594,115.927001953125,1031.15808105469,7212.69,7128.37,7212.69,187.3,177.94,7573.32,2024-01-12,21,390.695983886719,0.29671920555686504,-0.20328079444313496,0.4065615888862699,16.262463555450797,0.27104105925751326,0,33.27498017805253,33.00393911879502
2024-01-12T21:27:00Z,274.286987304688,117.970008850098,1033.86999511719,7212.69,7128.37,7212.69,187.3,177.94,7573.32,2024-01-12,21,392.256996154786,0.3007467298391961,-0.1992532701608039,0.3985065403216078,15.940261612864312,0.26567102688107186,0,33.5406512049336,33.27498017805253
2024-01-12T21:28:00Z,272.505981445312,118.211006164551,1033.580078125,7212.69,7128.37,7212.69,187.3,177.94,7573.32,2024-01-12,21,390.716987609863,0.3025489290539538,-0.1974510709460462,0.3949021418920924,15.796085675683695,0.2632680945947283,0,33.80391929952833,33.5406512049336
2024-01-12T21:29:00Z,297.796997070312,94.2140350341797,1009.81408691406,7212.69,7128.37,7212.69,187.3,177.94,7573.32,2024-01-12,21,392.0110321044917,0.24033516232539773,-0.25966483767460224,0.5193296753492045,20.77318701396818,0.3462197835661363,0,34.150139083094466,33.80391929952833
2024-01-12T21:30:00Z,320.028991699219,70.9070129394531,986.606994628906,7212.69,7128.37,7212.69,187.3,177.94,7573.32,2024-01-12,21,390.9360046386721,0.18137754542457624,-0.31862245457542376,0.6372449091508475,25.4897963660339,0.42482993943389835,0,34.574969022528364,34.150139083094466
2024-01-12T21:31:00Z,366.856964111328,26.2890319824219,941.889038085938,7212.69,7128.37,7212.69,187.3,177.94,7573.32,2024-01-12,21,393.1459960937499,0.06686837013126543,-0.43313162986873455,0.8662632597374691,34.65053038949876,0.5775088398249794,0,35.152477862353344,34.574969022528364
2024-01-12T21:32:00Z,390.498992919922,5.81102275848389,920.694091796875,7212.69,7128.37,7212.69,187.3,177.94,7573.32,2024-01-12,21,396.3100156784059,0.014662820843769356,-0.48533717915623065,0.9706743583124613,38.82697433249845,0.6471162388749742,0,35.799594101228315,35.152477862353344
2024-01-12T21:33:00Z,388.196990966797,4.17000961303711,919.60302734375,7212.69,7128.37,7212.69,187.3,177.94,7573.32,2024-01-12,21,392.3670005798341,0.010627829575052775,-0.48937217042494724,0.9787443408498945,39.14977363399578,0.652496227233263,0,36.45209032846158,35.799594101228315
2024-01-12T21:34:00Z,379.071960449219,13.3450164794922,928.981079101563,7212.69,7128.37,7212.69,187.3,177.94,7573.32,2024-01-12,21,392.41697692871116,0.034007235323859436,-0.4659927646761406,0.9319855293522812,37.27942117409125,0.6213236862348541,0,37.07341401469643,36.45209032846158
2024-01-12T21:35:00Z,344.403015136719,47.4689979553223,962.528991699219,7212.69,7128.37,7212.69,187.3,177.94,7573.32,2024-01-12,21,391.8720130920413,0.12113393243056879,-0.3788660675694312,0.7577321351388624,30.309285405554498,0.5051547567592416,0,37.57856877145567,37.07341401469643
2024-01-12T21:36:00Z,326.397033691406,67.3520126342773,981.35498046875,7212.69,7128.37,7212.69,187.3,177.94,7573.32,2024-01-12,21,393.7490463256833,0.171053144795602,-0.32894685520439804,0.6578937104087961,26.315748416351845,0.4385958069391974,0,38.01716457839487,37.57856877145567
2024-01-12T21:37:00Z,320.708984375,71.7380218505859,987.239074707031,7212.69,7128.37,7212.69,187.3,177.94,7573.32,2024-01-12,21,392.4470062255859,0.18279671067066197,-0.31720328932933806,0.6344065786586761,25.376263146347043,0.42293771910578404,0,38.44010229750065,38.01716457839487
2024-01-12T21:38:00Z,335.517974853516,57.7770118713379,972.05908203125,7212.69,7128.37,7212.69,187.3,177.94,7573.32,2024-01-12,21,393.2949867248539,0.14690503012121597,-0.353094969878784,0.706189939757568,28.24759759030272,0.47079329317171204,0,38.91089559067236,38.44010229750065
2024-01-12T21:39:00Z,343.725952148437,50.3610153198242,964.026977539062,7212.69,7128.37,7212.69,187.3,177.94,7573.32,2024-01-12,21,394.0869674682612,0.12779162844018727,-0.37220837155981273,0.7444167431196255,29.77666972478502,0.496277828746417,0,39.407173419418775,38.91089559067236
2024-01-12T21:40:00Z,337.269989013672,56.054012298584,969.760070800781,7212.69,7128.37,7212.69,187.3,177.94,7573.32,2024-01-12,21,393.324001312256,0.14251358196186784,-0.3574864180381322,0.7149728360762644,28.598913443050577,0.4766485573841763,0,39.88382197680295,39.407173419418775
2024-01-12T21:41:00Z,362.453002929688,33.4820098876953,947.200073242188,7212.69,7128.37,7212.69,187.3,177.94,7573.32,2024-01-12,21,395.9350128173833,0.08456440780380838,-0.41543559219619164,0.8308711843923833,33.23484737569533,0.5539141229282555,0,40.437736099731204,39.88382197680295
2024-01-12T21:42:00Z,393.099914550781,4.40900039672852,916.000061035156,7212.69,7128.37,7212.69,187.3,177.94,7573.32,2024-01-12,21,397.50891494750954,0.01109157614065265,-0.48890842385934735,0.9778168477186947,39.11267390874779,0.6518778984791298,0,41.08961399821033,40.437736099731204
2024-01-12T21:43:00Z,388.762023925781,9.14001083374023,919.278015136719,7212.69,7128.37,7212.69,187.3,177.94,7573.32,2024-01-12,21,397.90203475952126,0.02297050538900649,-0.47702949461099353,0.9540589892219871,38.16235956887948,0.6360393261479913,0,41.725653324358326,41.08961399821033
2024-01-12T21:44:00Z,388.707000732422,11.3369922637939,921.671936035156,7212.69,7128.37,7212.69,187.3,177.94,7573.32,2024-01-12,21,400.0439929962159,0.02833936382567089,-0.47166063617432913,0.9433212723486583,37.73285089394633,0.6288808482324388,0,42.35453417259077,41.725653324358326
2024-01-12T21:45:00Z,391.585998535156,3.66200828552246,916.776062011719,7212.69,7128.37,7212.69,187.3,177.94,7573.32,2024-01-12,21,395.2480068206785,0.009265089822916905,-0.4907349101770831,0.9814698203541662,39.25879281416665,0.6543132135694442,0,43.00884738616021,42.35453417259077
2024-01-12T21:46:00Z,391.193969726563,5.28801536560059,920.409057617188,7212.69,7128.37,7212.69,187.3,177.94,7573.32,2024-01-12,21,396.4819850921636,0.013337340823622474,-0.4866626591763775,0.973325318352755,38.9330127341102,0.6488835455685034,0,43.657730931728715,43.00884738616021
2024-01-12T21:47:00Z,390.3759765625,4.24701881408691,919.218994140625,7212.69,7128.37,7212.69,187.3,177.94,7573.32,2024-01-12,21,394.6229953765869,0.010762218278825843,-0.48923778172117416,0.9784755634423483,39.13902253769393,0.6523170422948988,0,44.31004797402361,43.657730931728715
2024-01-12T21:48:00Z,389.550964355469,3.718017578125,918.669067382812,7212.69,7128.37,7212.69,187.3,177.94,7573.32,2024-01-12,21,393.268981933594,0.00945413380898881,-0.4905458661910112,0.9810917323820224,39.243669295280895,0.6540611549213483,0,44.96410912894496,44.31004797402361
2024-01-12T21:49:00Z,390.60693359375,2.56101226806641,917.948974609375,7212.69,7128.37,7212.69,187.3,177.94,7573.32,2024-01-12,21,393.1679458618164,0.0065137870343237704,-0.49348621296567624,0.9869724259313525,39.4788970372541,0.6579816172875683,0,45.62209074623253,44.96410912894496
2024-01-12T21:50:00Z,389.976989746094,3.54901885986328,919.049011230469,7212.69,7128.37,7212.69,187.3,177.94,7573.32,2024-01-12,21,393.52600860595726,0.009018511565310437,-0.4909814884346896,0.9819629768693792,39.27851907477517,0.6546419845795861,0,46.276732730812114,45.62209074623253
2024-01-12T21:51:00Z,390.944000244141,2.41400146484375,917.907043457031,7212.69,7128.37,7212.69,187.3,177.94,7573.32,2024-01-12,21,393.3580017089848,0.006136906976229972,-0.49386309302377,0.98772618604754,39.5090474419016,0.6584841240316933,0,46.93521685484381,46.276732730812114
2024-01-12T21:52:00Z,385.739013671875,8.03602409362793,923.735961914062,7212.69,7128.37,7212.69,187.3,177.94,7573.32,2024-01-12,21,393.77503776550293,0.020407652397746615,-0.4795923476022534,0.9591846952045068,38.36738780818027,0.6394564634696711,0,47.57467331831348,46.93521685484381
2024-01-12T21:53:00Z,387.659973144531,6.35402679443359,921.966064453125,7212.69,7128.37,7212.69,187.3,177.94,7573.32,2024-01-12,21,394.0139999389646,0.016126398542736734,-0.48387360145726327,0.9677472029145265,38.70988811658106,0.6451648019430177,0,48.2198381202565,47.57467331831348
2024-01-12T21:54:00Z,390.130004882813,3.64400863647461,919.282043457031,7212.69,7128.37,7212.69,187.3,177.94,7573.32,2024-01-12,21,393.7740135192876,0.00925406073373636,-0.49074593926626364,0.9814918785325273,39.25967514130109,0.6543279190216847,0,48.87416603927818,48.2198381202565
2024-01-12T21:55:00Z,384.726013183594,10.0129995346069,924.587036132812,7212.69,7128.37,7212.69,187.3,177.94,7573.32,2024-01-12,21,394.73901271820085,0.025366126002232904,-0.4746338739977671,0.9492677479955342,37.97070991982137,0.6328451653303561,0,49.50701120460854,48.87416603927818
2024-01-12T21:56:00Z,357.370971679688,34.9140090942383,950.098999023438,7212.69,7128.37,7212.69,187.3,177.94,7573.32,2024-01-12,21,392.2849807739263,0.08900164626582845,-0.41099835373417154,0.8219967074683431,32.879868298733726,0.5479978049788954,0,50.05500900958744,49.50701120460854
2024-01-12T21:57:00Z,342.003997802734,49.0620002746582,964.962036132813,7212.69,7128.37,7212.69,187.3,177.94,7573.32,2024-01-12,21,391.0659980773922,0.12545708528960067,-0.37454291471039936,0.7490858294207987,29.96343317683195,0.49939055294719914,0,50.554399562534634,50.05500900958744
2024-01-12T21:58:00Z,327.744995117187,62.7190055847168,978.618957519531,7212.69,7128.37,7212.69,187.3,177.94,7573.32,2024-01-12,21,390.4640007019038,0.1606268579740314,-0.3393731420259686,0.6787462840519372,27.149851362077484,0.4524975227012914,0,51.00689708523593,50.554399562534634
2024-01-12T21:59:00Z,320.143981933594,72.4040222167969,988.304016113281,7212.69,7128.37,7212.69,187.3,177.94,7573.32,2024-01-12,21,392.54800415039085,0.18444628797312104,-0.315553712026879,0.631107424053758,25.24429696215032,0.4207382827025053,0,51.427635367938436,51.00689708523593
2024-01-12T22:00:00Z,273.255981445313,30.2720260620117,877.171997070313,7198,7046.82,7198,15.77,14.98,7557.9,2024-01-12,22,303.52800750732473,0.09973388060830327,-0.40026611939169676,0.8005322387833935,32.02128955133574,0.533688159188929,0,51.96132352712736,51.427635367938436
2024-01-12T22:01:00Z,178.758972167969,127.212043762207,1004.11199951172,7198,7046.82,7198,15.77,14.98,7557.9,2024-01-12,22,305.971015930176,0.41576501413204897,-0.08423498586795103,0.16846997173590206,6.738798869436082,0.11231331449060138,0,52.07363684161796,51.96132352712736
2024-01-12T22:02:00Z,146,163.746032714844,1039.0810546875,7198,7046.82,7198,15.77,14.98,7557.9,2024-01-12,22,309.746032714844,0.5286461017100117,0.028646101710011695,-0.05729220342002339,-2.2916881368009356,0,0.038194802280015594,52.035442039337944,52.07363684161796
2024-01-12T22:03:00Z,146.457992553711,163.582000732422,1042.81604003906,7198,7046.82,7198,15.77,14.98,7557.9,2024-01-12,22,310.039993286133,0.5276158052985561,0.027615805298556118,-0.055231610597112235,-2.2092644238844894,0,0.03682107373140816,51.998620965606534,52.035442039337944
2024-01-12T22:04:00Z,146.5,163.832015991211,1043.46301269531,7198,7046.82,7198,15.77,14.98,7557.9,2024-01-12,22,310.332015991211,0.5279249563340281,0.02792495633402814,-0.05584991266805628,-2.233996506722251,0,0.03723327511203752,51.9613876904945,51.998620965606534
2024-01-12T22:05:00Z,145.800018310547,165.729034423828,1047.03991699219,7198,7046.82,7198,15.77,14.98,7557.9,2024-01-12,22,311.529052734375,0.5319858066821676,0.03198580668216755,-0.0639716133643351,-2.558864534573404,0,0.042647742242890065,51.918739948251606,51.9613876904945
2024-01-12T22:06:00Z,146.900009155273,167.032028198242,1042.31701660156,7198,7046.82,7198,15.77,14.98,7557.9,2024-01-12,22,313.932037353515,0.5320642952096962,0.032064295209696225,-0.06412859041939245,-2.565143616775698,0,0.0427523936129283,51.87598755463868,51.918739948251606
2024-01-12T22:07:00Z,145.70100402832,164.745025634766,1039.90795898437,7198,7046.82,7198,15.77,14.98,7557.9,2024-01-12,22,310.446029663086,0.5306720327960285,0.03067203279602848,-0.06134406559205696,-2.4537626236822785,0,0.04089604372803798,51.83509151091064,51.87598755463868
2024-01-12T22:08:00Z,146.112976074219,163.355026245117,1034.7880859375,7198,7046.82,7198,15.77,14.98,7557.9,2024-01-12,22,309.468002319336,0.527857565308329,0.027857565308328947,-0.05571513061665789,-2.2286052246663157,0,0.037143420411105264,51.79794809049953,51.83509151091064
2024-01-12T22:09:00Z,146.399993896484,162.611022949219,1033.11108398438,7198,7046.82,7198,15.77,14.98,7557.9,2024-01-12,22,309.011016845703,0.5262305033946889,0.02623050339468891,-0.05246100678937782,-2.0984402715751127,0,0.03497400452625188,51.762974085973276,51.79794809049953
2024-01-12T22:10:00Z,145.5,163.379013061523,1034.07897949219,7198,7046.82,7198,15.77,14.98,7557.9,2024-01-12,22,308.879013061523,0.5289417738102554,0.028941773810255422,-0.057883547620510845,-2.315341904820434,0,0.03858903174700723,51.72438505422627,51.762974085973276
2024-01-12T22:11:00Z,124.964004516602,181.028030395508,1052.92797851563,7198,7046.82,7198,15.77,14.98,7557.9,2024-01-12,22,305.99203491211,0.5916102700108016,0.09161027001080158,-0.18322054002160315,-7.328821600864126,0,0.12214702668106876,51.6022380275452,51.72438505422627
2024-01-12T22:12:00Z,28.2519950866699,275.909057617188,1147.80895996094,7198,7046.82,7198,15.77,14.98,7557.9,2024-01-12,22,304.16105270385793,0.9071150141166263,0.4071150141166263,-0.8142300282332526,-32.569201129330104,0,0.5428200188221683,51.05941800872303,51.6022380275452
2024-01-12T22:13:00Z,26.903995513916,277.718048095703,1149.61804199219,7198,7046.82,7198,15.77,14.98,7557.9,2024-01-12,22,304.622043609619,0.9116807332945538,0.4116807332945538,-0.8233614665891076,-32.9344586635643,0,0.5489076443927383,50.51051036433029,51.05941800872303
2024-01-12T22:14:00Z,24.3959884643555,281.129028320313,1153.02905273437,7198,7046.82,7198,15.77,14.98,7557.9,2024-01-12,22,305.52501678466854,0.9201506026540877,0.42015060265408766,-0.8403012053081753,-33.61204821232701,0,0.5602008035387835,49.9503095607915,50.51051036433029
2024-01-12T22:15:00Z,23.6989707946777,280.995056152344,1152.89501953125,7198,7046.82,7198,15.77,14.98,7557.9,2024-01-12,22,304.69402694702165,0.9222204286964959,0.4222204286964959,-0.8444408573929918,-33.77763429571967,0,0.5629605715953279,49.38734898919618,49.9503095607915
2024-01-12T22:16:00Z,18.6000022888184,287.344055175781,1159.24401855469,7198,7046.82,7198,15.77,14.98,7557.9,2024-01-12,22,305.94405746459944,0.9392045642495586,0.43920456424955856,-0.8784091284991171,-35.13636513996468,0,0.585606085666078,48.8017429035301,49.38734898919618
2024-01-12T22:17:00Z,46.763973236084,256.9970703125,1128.89697265625,7198,7046.82,7198,15.77,14.98,7557.9,2024-01-12,22,303.761043548584,0.8460501297672014,0.3460501297672014,-0.6921002595344028,-27.684010381376112,0,0.4614001730229352,48.34034273050716,48.8017429035301
2024-01-12T22:18:00Z,69.1519927978516,235.65803527832,1107.55798339844,7198,7046.82,7198,15.77,14.98,7557.9,2024-01-12,22,304.8100280761716,0.7731308473205133,0.2731308473205133,-0.5462616946410266,-21.850467785641065,0,0.36417446309401774,47.976168267413144,48.34034273050716
2024-01-12T22:19:00Z,38.4569816589355,264.693023681641,1136.54296875,7198,7046.82,7198,15.77,14.98,7557.9,2024-01-12,22,303.1500053405765,0.8731420716429457,0.37314207164294566,-0.7462841432858913,-29.851365731435653,0,0.4975227621905942,47.47864550522255,47.976168267413144
2024-01-12T22:20:00Z,22.2889938354492,281.523986816406,1153.42395019531,7198,7046.82,7198,15.77,14.98,7557.9,2024-01-12,22,303.81298065185524,0.9266358080302349,0.42663580803023493,-0.8532716160604699,-34.13086464241879,0,0.5688477440403132,46.90979776118224,47.47864550522255
2024-01-12T22:21:00Z,18.7209663391113,286.281036376953,1158.18115234375,7198,7046.82,7198,15.77,14.98,7557.9,2024-01-12,22,305.00200271606434,0.9386201855318987,0.43862018553189874,-0.8772403710637975,-35.089614842551896,0,0.5848269140425316,46.32497084713971,46.90979776118224
2024-01-12T22:22:00Z,19.997989654541,285.721008300781,1157.62097167969,7198,7046.82,7198,15.77,14.98,7557.9,2024-01-12,22,305.71899795532204,0.9345870234159818,0.43458702341598177,-0.8691740468319635,-34.76696187327854,0,0.5794493645546424,45.74552148258507,46.32497084713971
2024-01-12T22:23:00Z,23.0129776000977,282.703033447266,1154.60302734375,7198,7046.82,7198,15.77,14.98,7557.9,2024-01-12,22,305.71601104736374,0.9247243298731502,0.42472432987315023,-0.8494486597463005,-33.97794638985202,0,0.5662991064975337,45.17922237608754,45.74552148258507
2024-01-12T22:24:00Z,21.3009872436523,285.678039550781,1157.57800292969,7198,7046.82,7198,15.77,14.98,7557.9,2024-01-12,22,306.9790267944333,0.9306109363037484,0.43061093630374836,-0.8612218726074967,-34.44887490429987,0,0.5741479150716645,44.605074461015874,45.17922237608754
2024-01-12T22:25:00Z,19.3159942626953,287.848999023438,1159.7490234375,7198,7046.82,7198,15.77,14.98,7557.9,2024-01-12,22,307.1649932861333,0.9371152485312612,0.43711524853126116,-0.8742304970625223,-34.969219882500894,0,0.5828203313750149,44.02225412964086,44.605074461015874
2024-01-12T22:26:00Z,21.2399940490723,283.814025878906,1155.71411132813,7198,7046.82,7198,15.77,14.98,7557.9,2024-01-12,22,305.05401992797835,0.9303730072002101,0.4303730072002101,-0.8607460144004202,-34.42984057601681,0,0.5738306762669468,43.44842345337391,44.02225412964086
2024-01-12T22:27:00Z,22.9119873046875,281.14404296875,1153.04406738281,7198,7046.82,7198,15.77,14.98,7557.9,2024-01-12,22,304.0560302734375,0.9246455093027336,0.4246455093027336,-0.8492910186054672,-33.97164074421869,0,0.5661940124036449,42.88222944097027,43.44842345337391
2024-01-12T22:28:00Z,91.7009811401367,211.817016601562,1083.71704101563,7198,7046.82,7198,15.77,14.98,7557.9,2024-01-12,22,303.5179977416987,0.69787300317467,0.19787300317467005,-0.3957460063493401,-15.829840253973604,0,0.2638306708995601,42.61839877007071,42.88222944097027
2024-01-12T22:29:00Z,118.495971679688,185.696029663086,1056.50402832031,7198,7046.82,7198,15.77,14.98,7557.9,2024-01-12,22,304.192001342774,0.6104566485751785,0.11045664857517845,-0.2209132971503569,-8.836531886014276,0,0.14727553143357128,42.47112323863714,42.61839877007071
2024-01-12T22:30:00Z,122.853958129883,180.246047973633,1052.14599609375,7198,7046.82,7198,15.77,14.98,7557.9,2024-01-12,22,303.100006103516,0.5946751710459373,0.09467517104593726,-0.1893503420918745,-7.5740136836749805,0,0.126233561394583,42.344889677242556,42.47112323863714
2024-01-12T22:31:00Z,116.099006652832,189.008026123047,1060.90808105469,7198,7046.82,7198,15.77,14.98,7557.9,2024-01-12,22,305.107032775879,0.6194810535943486,0.11948105359434857,-0.23896210718869715,-9.558484287547886,0,0.15930807145913142,42.185581605783426,42.344889677242556
2024-01-12T22:32:00Z,120.538993835449,185.649032592773,1057.54895019531,7198,7046.82,7198,15.77,14.98,7557.9,2024-01-12,22,306.18802642822203,0.606323620026643,0.10632362002664297,-0.21264724005328595,-8.505889602131438,0,0.14176482670219062,42.04381677908123,42.185581605783426
2024-01-12T22:33:00Z,171.727981567383,132.137023925781,1004.00897216797,7198,7046.82,7198,15.77,14.98,7557.9,2024-01-12,22,303.865005493164,0.4348543647246463,-0.06514563527535372,0.13029127055070744,5.2116508220282975,0.08686084703380496,0,42.13067762611504,42.04381677908123
2024-01-12T22:34:00Z,232.530990600586,70.6780319213867,942.578002929688,7198,7046.82,7198,15.77,14.98,7557.9,2024-01-12,22,303.2090225219727,0.2331000289289375,-0.2668999710710625,0.533799942142125,21.351997685685,0.35586662809475,0,42.48654425420979,42.13067762611504
2024-01-12T22:35:00Z,254.288986206055,50.2340316772461,922.034057617187,7198,7046.82,7198,15.77,14.98,7557.9,2024-01-12,22,304.5230178833011,0.1649597197164804,-0.3350402802835196,0.6700805605670392,26.80322242268157,0.44672037371135953,0,42.93326462792115,42.48654425420979
2024-01-12T22:36:00Z,205.387954711914,100.295028686523,972.194946289063,7198,7046.82,7198,15.77,14.98,7557.9,2024-01-12,22,305.682983398437,0.32810144539774805,-0.17189855460225195,0.3437971092045039,13.751884368180157,0.2291980728030026,0,43.16246270072415,42.93326462792115
2024-01-12T22:37:00Z,201.179977416992,102.677017211914,973.819946289063,7198,7046.82,7198,15.77,14.98,7557.9,2024-01-12,22,303.856994628906,0.3379123042315061,-0.1620876957684939,0.3241753915369878,12.967015661479513,0.2161169276913252,0,43.37857962841547,43.16246270072415
2024-01-12T22:38:00Z,231.556991577148,73.6430206298828,945.54296875,7198,7046.82,7198,15.77,14.98,7557.9,2024-01-12,22,305.2000122070308,0.2412942912332764,-0.2587057087667236,0.5174114175334472,20.696456701337887,0.3449409450222981,0,43.723520573437774,43.37857962841547
2024-01-12T22:39:00Z,239.621978759766,63.9240188598633,935.824035644531,7198,7046.82,7198,15.77,14.98,7557.9,2024-01-12,22,303.5459976196293,0.2105908803316389,-0.28940911966836114,0.5788182393367223,23.15272957346889,0.3858788262244815,0,44.10939939966226,43.723520573437774
2024-01-12T22:40:00Z,249.522994995117,55.9210243225098,927.820983886719,7198,7046.82,7198,15.77,14.98,7557.9,2024-01-12,22,305.4440193176268,0.18308109108647613,-0.31691890891352387,0.6338378178270477,25.35351271308191,0.4225585452180318,0,44.53195794488029,44.10939939966226
2024-01-12T22:41:00Z,239.677993774414,64.2660140991211,936.166015625,7198,7046.82,7198,15.77,14.98,7557.9,2024-01-12,22,303.9440078735351,0.21144030622199622,-0.2885596937780038,0.5771193875560076,23.0847755022403,0.38474625837067167,0,44.91670420325096,44.53195794488029
2024-01-12T22:42:00Z,261.087951660156,42.964038848877,914.864074707031,7198,7046.82,7198,15.77,14.98,7557.9,2024-01-12,22,304.05199050903303,0.14130490899582054,-0.35869509100417946,0.7173901820083589,28.695607280334357,0.47826012133890594,0,45.394964324589864,44.91670420325096
2024-01-12T22:43:00Z,259.306976318359,44.632007598877,915.692993164063,7198,7046.82,7198,15.77,14.98,7557.9,2024-01-12,22,303.938983917236,0.14684528790499118,-0.3531547120950088,0.7063094241900176,28.252376967600703,0.47087294946001174,0,45.86583727404987,45.394964324589864
2024-01-12T22:44:00Z,261.532989501953,42.913028717041,914.813049316406,7198,7046.82,7198,15.77,14.98,7557.9,2024-01-12,22,304.446018218994,0.14095447517455398,-0.35904552482544605,0.7180910496508921,28.723641986035684,0.47872736643392805,0,46.3445646404838,45.86583727404987
2024-01-12T22:45:00Z,268.169982910156,40.0300216674805,914.515014648438,7198,7046.82,7198,15.77,14.98,7557.9,2024-01-12,22,308.2000045776365,0.12988326110617177,-0.37011673889382823,0.7402334777876565,29.60933911150626,0.493488985191771,0,46.83805362567557,46.3445646404838
2024-01-12T22:46:00Z,304.389007568359,3.95401382446289,883.405029296875,7198,7046.82,7198,15.77,14.98,7557.9,2024-01-12,22,308.34302139282187,0.01282342569843852,-0.48717657430156147,0.9743531486031229,38.97412594412492,0.6495687657354153,0,47.48762239141099,46.83805362567557
2024-01-12T22:47:00Z,305.963012695313,4.84601974487305,885.383056640625,7198,7046.82,7198,15.77,14.98,7557.9,2024-01-12,22,310.80903244018606,0.01559163099870866,-0.48440836900129136,0.9688167380025827,38.75266952010331,0.6458778253350552,0,48.13350021674604,47.48762239141099
2024-01-12T22:48:00Z,306.509948730469,2.73200988769531,884.163024902344,7198,7046.82,7198,15.77,14.98,7557.9,2024-01-12,22,309.2419586181643,0.008834538171673696,-0.4911654618283263,0.9823309236566526,39.293236946266106,0.6548872824377684,0,48.78838749918381,48.13350021674604
2024-01-12T22:49:00Z,305.631011962891,5.48700141906738,886.655944824219,7198,7046.82,7198,15.77,14.98,7557.9,2024-01-12,22,311.1180133819584,0.017636398996708075,-0.4823636010032919,0.9647272020065838,38.58908808026335,0.6431514680043892,0,49.4315389671882,48.78838749918381
2024-01-12T22:50:00Z,304.5009765625,6.61502265930176,887.681030273438,7198,7046.82,7198,15.77,14.98,7557.9,2024-01-12,22,311.11599922180176,0.021262238765759382,-0.4787377612342406,0.9574755224684812,38.29902089873925,0.6383170149789875,0,50.06985598216719,49.4315389671882
2024-01-12T22:51:00Z,308.540954589844,3.40000343322754,887.542053222656,7198,7046.82,7198,15.77,14.98,7557.9,2024-01-12,22,311.9409580230715,0.010899509492998581,-0.48910049050700144,0.9782009810140029,39.12803924056011,0.6521339873426686,0,50.721989969509856,50.06985598216719
2024-01-12T22:52:00Z,302.189971923828,4.3960132598877,895.904968261719,7198,7046.82,7198,15.77,14.98,7557.9,2024-01-12,22,306.5859851837157,0.014338598214962351,-0.48566140178503764,0.9713228035700753,38.852912142803014,0.6475485357133836,0,51.36953850522324,50.721989969509856
2024-01-12T22:53:00Z,301.981994628906,5.88202095031738,900.89599609375,7198,7046.82,7198,15.77,14.98,7557.9,2024-01-12,22,307.8640155792234,0.019105906025589876,-0.48089409397441013,0.9617881879488203,38.47152751795281,0.6411921252992134,0,52.01073063052245,51.36953850522324
2024-01-12T22:54:00Z,302.913970947266,3.61201286315918,899.404052734375,7198,7046.82,7198,15.77,14.98,7557.9,2024-01-12,22,306.5259838104252,0.011783708572624872,-0.4882162914273751,0.9764325828547502,39.05730331419001,0.6509550552365001,0,52.661685685758954,52.01073063052245
2024-01-12T22:55:00Z,300.499938964844,4.15000534057617,905.85009765625,7198,7046.82,7198,15.77,14.98,7557.9,2024-01-12,22,304.64994430542015,0.013622209418215658,-0.4863777905817843,0.9727555811635686,38.91022324654274,0.6485037207757124,0,53.31018940653467,52.661685685758954
2024-01-12T22:56:00Z,301.922973632812,4.09301376342773,904.27001953125,7198,7046.82,7198,15.77,14.98,7557.9,2024-01-12,22,306.0159873962397,0.013375163167955532,-0.4866248368320445,0.973249673664089,38.92998694656356,0.6488331157760593,0,53.959022522310725,53.31018940653467
2024-01-12T22:57:00Z,300.250946044922,5.24800872802734,906.497009277344,7198,7046.82,7198,15.77,14.98,7557.9,2024-01-12,22,305.49895477294933,0.017178483415525025,-0.482821516584475,0.96564303316895,38.625721326758,0.6437620221126333,0,54.60278454442336,53.959022522310725
2024-01-12T22:58:00Z,302.780975341797,4.18700790405273,904.505981445313,7198,7046.82,7198,15.77,14.98,7557.9,2024-01-12,22,306.9679832458497,0.013639884719506295,-0.4863601152804937,0.9727202305609874,38.9088092224395,0.648480153707325,0,55.25126469813068,54.60278454442336
2024-01-12T22:59:00Z,304.322937011719,1.55100440979004,901.677062988281,7198,7046.82,7198,15.77,14.98,7557.9,2024-01-12,22,305.873941421509,0.00507073078073258,-0.49492926921926744,0.9898585384385349,39.594341537541396,0.6599056922923566,0,55.91117039042304,55.25126469813068
2024-01-12T23:00:00Z,303.191986083984,2.49601554870605,908.004028320313,3000,3000,3749.97,3000,2850,3937.47,2024-01-12,23,305.68800163269003,0.008165238855875095,-0.4918347611441249,0.9836695222882498,39.34678089152999,0.6557796815254998,0,56.56695007194854,55.91117039042304
2024-01-12T23:01:00Z,34.4389915466309,215.988037109375,984.732055664063,3000,3000,3749.97,3000,2850,3937.47,2024-01-12,23,250.42702865600592,0.8624789355547665,0.3624789355547665,-0.724957871109533,-28.99831484438132,0,0.48330524740635533,56.08364482454218,56.56695007194854
2024-01-12T23:02:00Z,155.133987426758,90.5560302734375,859.556030273438,3000,3000,3749.97,3000,2850,3937.47,2024-01-12,23,245.6900177001955,0.36857838637929097,-0.13142161362070903,0.26284322724141806,10.513729089656723,0.17522881816094538,0,56.25887364270313,56.08364482454218
2024-01-12T23:03:00Z,206.085006713867,40.6770133972168,809.677001953125,3000,3000,3749.97,3000,2850,3937.47,2024-01-12,23,246.76202011108379,0.1648430880040024,-0.3351569119959976,0.6703138239919952,26.81255295967981,0.44687588266133016,0,56.70574952536446,56.25887364270313
2024-01-12T23:04:00Z,234.029983520508,10.9700164794922,779.970031738281,3000,3000,3749.97,3000,2850,3937.47,2024-01-12,23,245.0000000000002,0.044775577467315066,-0.4552244225326849,0.9104488450653698,36.41795380261479,0.6069658967102465,0,57.31271542207471,56.70574952536446
2024-01-12T23:05:00Z,232.156982421875,14.6080284118652,783.608032226562,3000,3000,3749.97,3000,2850,3937.47,2024-01-12,23,246.7650108337402,0.05919813494834351,-0.44080186505165647,0.8816037301033129,35.264149204132515,0.5877358200688753,0,57.90045124214358,57.31271542207471
2024-01-12T23:06:00Z,237.954971313477,11.2150173187256,780.115051269531,3000,3000,3749.97,3000,2850,3937.47,2024-01-12,23,249.1699886322026,0.045009502871069994,-0.45499049712893,0.90998099425786,36.3992397703144,0.6066539961719067,0,58.50710523831549,57.90045124214358
2024-01-12T23:07:00Z,239.323974609375,5.67602729797363,774.676025390625,3000,3000,3749.97,3000,2850,3937.47,2024-01-12,23,245.00000190734863,0.023167458178715145,-0.47683254182128487,0.9536650836425697,38.146603345702786,0.6357767224283798,0,59.14288196074387,58.50710523831549
2024-01-12T23:08:00Z,238.358978271484,7.70600891113281,776.705993652344,3000,3000,3749.97,3000,2850,3937.47,2024-01-12,23,246.06498718261682,0.03131696629969466,-0.46868303370030534,0.9373660674006107,37.49464269602443,0.6249107116004071,0,59.76779267234428,59.14288196074387
2024-01-12T23:09:00Z,238.009979248047,8.12502288818359,777.125,3000,3000,3749.97,3000,2850,3937.47,2024-01-12,23,246.13500213623058,0.03301043255800961,-0.4669895674419904,0.9339791348839808,37.35916539535923,0.6226527565893204,0,60.390445428933596,59.76779267234428
2024-01-12T23:10:00Z,234,13.5170097351074,782.517028808594,3000,3000,3749.97,3000,2850,3937.47,2024-01-12,23,247.5170097351074,0.05461042758060668,-0.4453895724193933,0.8907791448387866,35.63116579355147,0.5938527632258578,0,60.98429819215946,60.390445428933596
2024-01-12T23:11:00Z,237.435989379883,8.06101989746094,777.06103515625,3000,3000,3749.97,3000,2850,3937.47,2024-01-12,23,245.49700927734395,0.03283551160639277,-0.46716448839360725,0.9343289767872145,37.37315907148858,0.6228859845248097,0,61.607184176684264,60.98429819215946
2024-01-12T23:12:00Z,235.199981689453,11.9680366516113,780.968078613281,3000,3000,3749.97,3000,2850,3937.47,2024-01-12,23,247.1680183410643,0.04842065220224707,-0.45157934779775294,0.9031586955955059,36.12634782382023,0.6021057970636705,0,62.209289973747936,61.607184176684264
2024-01-12T23:13:00Z,237.217987060547,8.01802253723145,777.018005371094,3000,3000,3749.97,3000,2850,3937.47,2024-01-12,23,245.23600959777843,0.03269512723837799,-0.467304872761622,0.934609745523244,37.38438982092976,0.6230731636821627,0,62.8323631374301,62.209289973747936
2024-01-12T23:14:00Z,244.647979736328,1.6980152130127,769.35205078125,3000,3000,3749.97,3000,2850,3937.47,2024-01-12,23,246.3459949493407,0.006892806247415895,-0.4931071937525841,0.9862143875051682,39.44857550020673,0.6574762583367788,0,63.48983939576688,62.8323631374301
2024-01-12T23:15:00Z,242.89599609375,3.23900413513184,771.68798828125,3000,3000,3749.97,3000,2850,3937.47,2024-01-12,23,246.13500022888184,0.013159461808031682,-0.4868405381919683,0.9736810763839366,38.94724305535747,0.6491207175892911,0,64.13896011335618,63.48983939576688
2024-01-12T23:16:00Z,241.789978027344,3.5100269317627,772.210021972656,3000,3000,3749.97,3000,2850,3937.47,2024-01-12,23,245.3000049591067,0.014309118878117623,-0.48569088112188236,0.9713817622437647,38.85527048975059,0.6475878414958431,0,64.78654795485203,64.13896011335618
2024-01-12T23:17:00Z,239.199996948242,8.07402420043945,776.474060058594,3000,3000,3749.97,3000,2850,3937.47,2024-01-12,23,247.27402114868144,0.032652132896664805,-0.4673478671033352,0.9346957342066704,37.387829368266814,0.6231304894711136,0,65.40967844432313,64.78654795485203
2024-01-12T23:18:00Z,241.214981079102,4.70801162719727,773.416015625,3000,3000,3749.97,3000,2850,3937.47,2024-01-12,23,245.92299270629925,0.01914425152112536,-0.48085574847887463,0.9617114969577493,38.46845987830997,0.6411409979718329,0,66.05081944229497,65.40967844432313
2024-01-12T23:19:00Z,242.255966186523,2.7440299987793,771.744018554688,3000,3000,3749.97,3000,2850,3937.47,2024-01-12,23,244.9999961853023,0.011200122618385232,-0.4887998773816148,0.9775997547632296,39.10399019052918,0.651733169842153,0,66.70255261213713,66.05081944229497
2024-01-12T23:20:00Z,244.478973388672,0.880008697509766,769.52099609375,3000,3000,3749.97,3000,2850,3937.47,2024-01-12,23,245.35898208618175,0.0035866170051221725,-0.4964133829948778,0.9928267659897556,39.71307063959023,0.6618845106598371,0,67.36443712279696,66.70255261213713
2024-01-12T23:21:00Z,241.067977905273,4.15002822875977,772.950012207031,3000,3000,3749.97,3000,2850,3937.47,2024-01-12,23,245.21800613403278,0.01692383154967593,-0.4830761684503241,0.9661523369006482,38.646093476025925,0.6441015579337654,0,68.00853868073072,67.36443712279696
2024-01-12T23:22:00Z,239.40998840332,6.48802375793457,775.387939453125,3000,3000,3749.97,3000,2850,3937.47,2024-01-12,23,245.89801216125457,0.026385019142325824,-0.4736149808576742,0.9472299617153483,37.889198468613934,0.6314866411435656,0,68.64002532187429,68.00853868073072
2024-01-12T23:23:00Z,216.5849609375,28.814037322998,797.514038085937,3000,3000,3749.97,3000,2850,3937.47,2024-01-12,23,245.398998260498,0.11741709431271224,-0.38258290568728776,0.7651658113745755,30.60663245498302,0.5101105409163836,0,69.15013586279068,68.64002532187429
2024-01-12T23:24:00Z,196.203979492188,52.8950309753418,821.89501953125,3000,3000,3749.97,3000,2850,3937.47,2024-01-12,23,249.0990104675298,0.2123454078603684,-0.2876545921396316,0.5753091842792633,23.01236737117053,0.3835394561861755,0,69.53367531897685,69.15013586279068
2024-01-12T23:25:00Z,84.9789581298828,160.620056152344,929.620056152344,3000,3000,3749.97,3000,2850,3937.47,2024-01-12,23,245.5990142822268,0.6539930814533711,0.1539930814533711,-0.3079861629067422,-12.319446516269688,0,0.2053241086044948,69.32835121037235,69.53367531897685
2024-01-12T23:26:00Z,76.6999969482422,170.324005126953,939.323974609375,3000,3000,3749.97,3000,2850,3937.47,2024-01-12,23,247.0240020751952,0.6895038688390517,0.18950386883905168,-0.37900773767810336,-15.160309507124134,0,0.2526718251187356,69.07567938525361,69.32835121037235
2024-01-12T23:27:00Z,114.592987060547,131.552017211914,900.552001953125,3000,3000,3749.97,3000,2850,3937.47,2024-01-12,23,246.145004272461,0.5344492674175805,0.034449267417580476,-0.06889853483516095,-2.755941393406438,0,0.04593235655677397,69.02974702869683,69.07567938525361
2024-01-12T23:28:00Z,101.088989257813,144.932022094727,913.932006835937,3000,3000,3749.97,3000,2850,3937.47,2024-01-12,23,246.02101135253997,0.5891042447876299,0.0891042447876299,-0.1782084895752598,-7.128339583010392,0,0.11880565971683987,68.91094136897999,69.02974702869683
2024-01-12T23:29:00Z,88.6319732666016,156.61701965332,925.367980957031,3000,3000,3749.97,3000,2850,3937.47,2024-01-12,23,245.2489929199216,0.638604129577235,0.138604129577235,-0.27720825915447,-11.0883303661788,0,0.18480550610298,68.72613586287702,68.91094136897999
2024-01-12T23:30:00Z,90.1330032348633,155.968002319336,924.968017578125,3000,3000,3749.97,3000,2850,3937.47,2024-01-12,23,246.10100555419928,0.6337560546252496,0.13375605462524964,-0.2675121092504993,-10.700484370019971,0,0.17834140616699953,68.54779445671002,68.72613586287702
2024-01-12T23:31:00Z,99.1859741210938,146.755035400391,915.755004882813,3000,3000,3749.97,3000,2850,3937.47,2024-01-12,23,245.9410095214848,0.5967082744188331,0.09670827441883312,-0.19341654883766624,-7.736661953506649,0,0.1289443658917775,68.41885009081824,68.54779445671002
2024-01-12T23:32:00Z,12.4279861450195,238.280029296875,1007.28002929688,3000,3000,3749.97,3000,2850,3937.47,2024-01-12,23,250.7080154418945,0.9504284451252422,0.45042844512524216,-0.9008568902504843,-36.03427561001937,0,0.6005712601669895,67.81827883065125,68.41885009081824
2024-01-12T23:33:00Z,11.1999969482422,242.043014526367,1011.04296875,3000,3000,3749.97,3000,2850,3937.47,2024-01-12,23,253.24301147460918,0.9557737175725968,0.45577371757259677,-0.9115474351451935,-36.46189740580774,0,0.6076982900967957,67.21058054055446,67.81827883065125
2024-01-12T23:34:00Z,12.4599761962891,235.091018676758,1004.09094238281,3000,3000,3749.97,3000,2850,3937.47,2024-01-12,23,247.5509948730471,0.9496670324323317,0.44966703243233175,-0.8993340648646635,-35.97336259458654,0,0.599556043243109,66.61102449731135,67.21058054055446
2024-01-12T23:35:00Z,11.5999908447266,236.621017456055,1005.62097167969,3000,3000,3749.97,3000,2850,3937.47,2024-01-12,23,248.2210083007816,0.9532674896289588,0.4532674896289588,-0.9065349792579176,-36.26139917031671,0,0.6043566528386118,66.00666784447273,66.61102449731135
2024-01-12T23:36:00Z,11.9000015258789,239.032028198242,1008.03198242187,3000,3000,3749.97,3000,2850,3937.47,2024-01-12,23,250.9320297241209,0.952576793249702,0.452576793249702,-0.905153586499404,-36.20614345997616,0,0.603435724332936,65.40323212013979,66.00666784447273
2024-01-12T23:37:00Z,11,237.71501159668,1006.71496582031,3000,3000,3749.97,3000,2850,3937.47,2024-01-12,23,248.71501159668,0.9557726735938329,0.4557726735938329,-0.9115453471876658,-36.46181388750663,0,0.6076968981251105,64.79553522201468,65.40323212013979
2024-01-12T23:38:00Z,13.5909652709961,234.109039306641,1003.10900878906,3000,3000,3749.97,3000,2850,3937.47,2024-01-12,23,247.7000045776371,0.9451313483252833,0.44513134832528334,-0.8902626966505667,-35.610507866022665,0,0.5935084644337111,64.20202675758097,64.79553522201468
2024-01-12T23:39:00Z,11.5639991760254,239.466018676758,1008.46606445313,3000,3000,3749.97,3000,2850,3937.47,2024-01-12,23,251.0300178527834,0.9539337993322891,0.45393379933228906,-0.9078675986645781,-36.31470394658312,0,0.6052450657763854,63.59678169180458,64.20202675758097
2024-01-12T23:40:00Z,12.0999984741211,238.601013183594,1007.60107421875,3000,3000,3749.97,3000,2850,3937.47,2024-01-12,23,250.7010116577151,0.9517353424538975,0.45173534245389746,-0.9034706849077949,-36.1388273963118,0,0.6023137899385299,62.99446790186605,63.59678169180458
2024-01-12T23:41:00Z,8.76799774169922,241.072006225586,1010.07202148438,3000,3000,3749.97,3000,2850,3937.47,2024-01-12,23,249.8400039672852,0.9649055491415726,0.46490554914157256,-0.9298110982831451,-37.192443931325805,0,0.6198740655220968,62.374593836343955,62.99446790186605
2024-01-12T23:42:00Z,4.52698516845703,247.858016967773,1016.85803222656,3000,3000,3749.97,3000,2850,3937.47,2024-01-12,23,252.38500213623004,0.9820631767730259,0.4820631767730259,-0.9641263535460518,-38.56505414184207,0,0.6427509023640344,61.73184293397992,62.374593836343955
2024-01-12T23:43:00Z,6.60297775268555,244.864044189453,1013.86401367188,3000,3000,3749.97,3000,2850,3937.47,2024-01-12,23,251.46702194213856,0.9737421722272399,0.4737421722272399,-0.9474843444544798,-37.899373778179196,0,0.63165622963632,61.1001867043436,61.73184293397992
2024-01-12T23:44:00Z,7.00598907470703,245.898040771484,1014.89801025391,3000,3000,3749.97,3000,2850,3937.47,2024-01-12,23,252.90402984619104,0.9722978353529287,0.4722978353529287,-0.9445956707058574,-37.7838268282343,0,0.6297304471372382,60.47045625720636,61.1001867043436
2024-01-12T23:45:00Z,11.3299903869629,239.501037597656,1008.5009765625,3000,3000,3749.97,3000,2850,3937.47,2024-01-12,23,250.83102798461888,0.9548301879635973,0.4548301879635973,-0.9096603759271946,-36.38641503708779,0,0.6064402506181298,59.86401600658823,60.47045625720636
2024-01-12T23:46:00Z,29.047004699707,217.658004760742,986.658020019531,3000,3000,3749.97,3000,2850,3937.47,2024-01-12,23,246.705009460449,0.8822601747599952,0.3822601747599952,-0.7645203495199904,-30.580813980799615,0,0.5096802330133269,59.3543357735749,59.86401600658823
2024-01-12T23:47:00Z,57.5069847106934,187.493011474609,956.493041992188,3000,3000,3749.97,3000,2850,3937.47,2024-01-12,23,244.9999961853024,0.7652776097710681,0.26527760977106807,-0.5305552195421361,-21.222208781685445,0,0.3537034796947574,59.000632293880145,59.3543357735749
2024-01-12T23:48:00Z,76.7289962768555,169.036026000977,938.036010742188,3000,3000,3749.97,3000,2850,3937.47,2024-01-12,23,245.7650222778325,0.6877952950110415,0.18779529501104153,-0.37559059002208306,-15.023623600883322,0,0.2503937266813887,58.75023856719876,59.000632293880145
2024-01-12T23:49:00Z,64.3999938964844,182.351043701172,951.35107421875,3000,3000,3749.97,3000,2850,3937.47,2024-01-12,23,246.7510375976564,0.7390082144193745,0.23900821441937448,-0.47801642883874895,-19.120657153549956,0,0.3186776192258326,58.431560947972926,58.75023856719876
2024-01-12T23:50:00Z,65.3829956054688,181.323013305664,950.322998046875,3000,3000,3749.97,3000,2850,3937.47,2024-01-12,23,246.7060089111328,0.7349760717461051,0.23497607174610513,-0.46995214349221026,-18.79808573968841,0,0.31330142899480684,58.11825951897812,58.431560947972926
2024-01-12T23:51:00Z,46.3279800415039,200.170043945313,969.170043945313,3000,3000,3749.97,3000,2850,3937.47,2024-01-12,23,246.49802398681692,0.8120553694824686,0.3120553694824686,-0.6241107389649372,-24.964429558597487,0,0.4160738259766248,57.702185693001496,58.11825951897812
2024-01-12T23:52:00Z,53.6889801025391,193.058029174805,962.058044433594,3000,3000,3749.97,3000,2850,3937.47,2024-01-12,23,246.7470092773441,0.7824128435850966,0.28241284358509655,-0.5648256871701931,-22.593027486807724,0,0.37655045811346205,57.32563523488803,57.702185693001496
2024-01-12T23:53:00Z,102.24299621582,145.351028442383,914.35107421875,3000,3000,3749.97,3000,2850,3937.47,2024-01-12,23,247.594024658203,0.587053862236927,0.08705386223692702,-0.17410772447385403,-6.964308978954161,0,0.11607181631590269,57.20956341857213,57.32563523488803
2024-01-12T23:54:00Z,124.112991333008,122.01301574707,891.013061523438,3000,3000,3749.97,3000,2850,3937.47,2024-01-12,23,246.126007080078,0.4957339421159691,-0.004266057884030894,0.008532115768061788,0.3412846307224715,0.005688077178707858,0,57.21525149575084,57.20956341857213
2024-01-12T23:55:00Z,73.5999908447266,173.852005004883,942.85205078125,3000,3000,3749.97,3000,2850,3937.47,2024-01-12,23,247.4519958496096,0.702568610966236,0.20256861096623602,-0.40513722193247204,-16.205488877298883,0,0.2700914812883147,56.94516001446253,57.21525149575084
2024-01-12T23:56:00Z,20.4449920654297,228.578018188477,997.578063964844,3000,3000,3749.97,3000,2850,3937.47,2024-01-12,23,249.0230102539067,0.917899185121151,0.417899185121151,-0.835798370242302,-33.43193480969208,0,0.557198913494868,56.387961100967665,56.94516001446253
2024-01-12T23:57:00Z,28.7129936218262,219.914993286133,987.302001953125,3000,3000,3749.97,3000,2850,3937.47,2024-01-12,23,248.6279869079592,0.8845142335787982,0.3845142335787982,-0.7690284671575964,-30.76113868630386,0,0.512685644771731,55.875275456195936,56.387961100967665
2024-01-12T23:58:00Z,29.1379852294922,218.676010131836,986.362060546875,3000,3000,3749.97,3000,2850,3937.47,2024-01-12,23,247.81399536132818,0.8824199368279939,0.3824199368279939,-0.7648398736559878,-30.593594946239513,0,0.5098932491039919,55.36538220709195,55.875275456195936
2024-01-12T23:59:00Z,40.9159889221191,206.232009887695,973.512084960938,3000,3000,3749.97,3000,2850,3937.47,2024-01-12,23,247.1479988098141,0.8344474196871613,0.3344474196871613,-0.6688948393743226,-26.755793574972905,0,0.4459298929162151,54.919452314175736,55.36538220709195
